INFO 2025-07-28 22:47:49,288 autoreload 876 28000 Watching for file changes with StatReloader
WARNING 2025-07-28 22:48:07,745 log 876 21144 Method Not Allowed: /api/auth/signup/
WARNING 2025-07-28 22:48:07,757 basehttp 876 21144 "GET /api/auth/signup/ HTTP/1.1" 405 10564
INFO 2025-07-28 22:48:21,845 basehttp 876 18832 "GET / HTTP/1.1" 200 10623
INFO 2025-07-28 22:48:26,289 basehttp 876 29716 "GET /static/rest_framework/css/bootstrap-tweaks.css HTTP/1.1" 200 3385
INFO 2025-07-28 22:48:26,293 basehttp 876 12056 "GET /static/rest_framework/js/jquery-3.5.1.min.js HTTP/1.1" 200 89476
INFO 2025-07-28 22:48:26,296 basehttp 876 18736 "GET /static/rest_framework/css/default.css HTTP/1.1" 200 1152
INFO 2025-07-28 22:48:26,297 basehttp 876 7800 "GET /static/rest_framework/js/ajax-form.js HTTP/1.1" 200 3597
INFO 2025-07-28 22:48:26,302 basehttp 876 29632 "GET /static/rest_framework/css/prettify.css HTTP/1.1" 200 817
INFO 2025-07-28 22:48:26,317 basehttp 876 18832 "GET /static/rest_framework/css/bootstrap.min.css HTTP/1.1" 200 121457
INFO 2025-07-28 22:48:26,321 basehttp 876 29716 "GET /static/rest_framework/js/csrf.js HTTP/1.1" 200 1719
INFO 2025-07-28 22:48:26,347 basehttp 876 18736 "GET /static/rest_framework/js/bootstrap.min.js HTTP/1.1" 200 39680
INFO 2025-07-28 22:48:26,350 basehttp 876 12056 "GET /static/rest_framework/js/prettify-min.js HTTP/1.1" 200 13632
INFO 2025-07-28 22:48:26,370 basehttp 876 7800 "GET /static/rest_framework/js/default.js HTTP/1.1" 200 1268
INFO 2025-07-28 22:48:26,582 basehttp 876 7800 "GET /static/rest_framework/img/grid.png HTTP/1.1" 200 1458
WARNING 2025-07-28 22:48:31,384 log 876 7800 Not Found: /favicon.ico
WARNING 2025-07-28 22:48:31,387 basehttp 876 7800 "GET /favicon.ico HTTP/1.1" 404 3214
INFO 2025-07-28 22:54:00,631 autoreload 24528 28856 Watching for file changes with StatReloader
INFO 2025-07-28 22:55:47,692 autoreload 22064 1040 Watching for file changes with StatReloader
INFO 2025-07-28 22:56:09,364 basehttp 22064 23576 "GET / HTTP/1.1" 200 10623
INFO 2025-07-28 22:59:00,536 basehttp 22064 26000 "GET /api/trending-words/ HTTP/1.1" 200 192
INFO 2025-07-28 22:59:00,717 basehttp 22064 24548 "GET /api/trending-words/ HTTP/1.1" 200 192
INFO 2025-07-28 22:59:01,855 basehttp 22064 24548 "OPTIONS /api/auth/logout/ HTTP/1.1" 200 0
WARNING 2025-07-28 22:59:02,289 log 22064 24548 Bad Request: /api/auth/logout/
WARNING 2025-07-28 22:59:02,292 basehttp 22064 24548 "POST /api/auth/logout/ HTTP/1.1" 400 59
INFO 2025-07-28 22:59:12,381 basehttp 22064 24548 "OPTIONS /api/auth/login/ HTTP/1.1" 200 0
INFO 2025-07-28 22:59:13,109 basehttp 22064 24548 "POST /api/auth/login/ HTTP/1.1" 200 747
INFO 2025-07-28 22:59:13,401 basehttp 22064 24548 "GET /api/trending-words/ HTTP/1.1" 200 192
INFO 2025-07-28 22:59:13,533 basehttp 22064 26000 "GET /api/trending-words/ HTTP/1.1" 200 192
INFO 2025-07-28 22:59:16,486 basehttp 22064 26000 "GET /api/transcripts/ HTTP/1.1" 200 2
INFO 2025-07-28 22:59:16,556 basehttp 22064 24548 "GET /api/transcripts/ HTTP/1.1" 200 2
INFO 2025-07-28 22:59:24,754 views 22064 24548 Starting transcript creation process
INFO 2025-07-28 22:59:24,755 views 22064 24548 Received video URL: UayIEps9Y70
INFO 2025-07-28 22:59:24,756 views 22064 24548 Attempting to extract video ID
INFO 2025-07-28 22:59:24,758 youtube_utils 22064 24548 Attempting to extract video ID from URL: UayIEps9Y70
INFO 2025-07-28 22:59:24,762 youtube_utils 22064 24548 Successfully extracted video ID: UayIEps9Y70
INFO 2025-07-28 22:59:24,763 views 22064 24548 Extracted video ID: UayIEps9Y70
INFO 2025-07-28 22:59:24,765 views 22064 24548 Checking for existing transcript for user 6888585dc2152ae433949796 and video UayIEps9Y70
INFO 2025-07-28 22:59:24,973 views 22064 24548 Attempting to fetch transcript from YouTube
INFO 2025-07-28 22:59:24,975 youtube_utils 22064 24548 Attempting to fetch transcripts for video ID: UayIEps9Y70
INFO 2025-07-28 22:59:24,978 youtube_utils 22064 24548 Attempting to fetch transcripts for video ID: UayIEps9Y70
INFO 2025-07-28 22:59:26,590 youtube_utils 22064 24548 Available languages: ['en', 'hi', 'hi']
INFO 2025-07-28 22:59:26,592 youtube_utils 22064 24548 Found Hindi transcript
ERROR 2025-07-28 22:59:26,831 youtube_utils 22064 24548 Error in get_transcript: no element found: line 1, column 0
ERROR 2025-07-28 22:59:26,865 youtube_utils 22064 24548 Full traceback: Traceback (most recent call last):
  File "C:\Users\kaler\Desktop\hindi-learning-assistant\backend\api\youtube_utils.py", line 76, in get_transcript
    return get_transcript_with_retry(video_id)
  File "C:\Users\kaler\Desktop\hindi-learning-assistant\backend\api\youtube_utils.py", line 54, in get_transcript_with_retry
    transcript_data = transcript.fetch()
  File "C:\Users\kaler\AppData\Local\Programs\Python\Python39\lib\site-packages\youtube_transcript_api\_transcripts.py", line 292, in fetch
    return _TranscriptParser(preserve_formatting=preserve_formatting).parse(
  File "C:\Users\kaler\AppData\Local\Programs\Python\Python39\lib\site-packages\youtube_transcript_api\_transcripts.py", line 358, in parse
    for xml_element in ElementTree.fromstring(plain_data)
  File "C:\Users\kaler\AppData\Local\Programs\Python\Python39\lib\xml\etree\ElementTree.py", line 1348, in XML
    return parser.close()
  File "<string>", line None
xml.etree.ElementTree.ParseError: no element found: line 1, column 0

ERROR 2025-07-28 22:59:26,869 views 22064 24548 ValueError in transcript creation: Could not fetch transcript: no element found: line 1, column 0
WARNING 2025-07-28 22:59:26,872 log 22064 24548 Bad Request: /api/transcripts/create-from-video/
WARNING 2025-07-28 22:59:26,876 basehttp 22064 24548 "POST /api/transcripts/create-from-video/ HTTP/1.1" 400 74
INFO 2025-07-28 23:00:14,411 views 22064 24548 Starting transcript creation process
INFO 2025-07-28 23:00:14,412 views 22064 24548 Received video URL: cgNhX6KO3xo
INFO 2025-07-28 23:00:14,412 views 22064 24548 Attempting to extract video ID
INFO 2025-07-28 23:00:14,413 youtube_utils 22064 24548 Attempting to extract video ID from URL: cgNhX6KO3xo
INFO 2025-07-28 23:00:14,415 youtube_utils 22064 24548 Successfully extracted video ID: cgNhX6KO3xo
INFO 2025-07-28 23:00:14,416 views 22064 24548 Extracted video ID: cgNhX6KO3xo
INFO 2025-07-28 23:00:14,417 views 22064 24548 Checking for existing transcript for user 6888585dc2152ae433949796 and video cgNhX6KO3xo
INFO 2025-07-28 23:00:14,542 views 22064 24548 Attempting to fetch transcript from YouTube
INFO 2025-07-28 23:00:14,543 youtube_utils 22064 24548 Attempting to fetch transcripts for video ID: cgNhX6KO3xo
INFO 2025-07-28 23:00:14,544 youtube_utils 22064 24548 Attempting to fetch transcripts for video ID: cgNhX6KO3xo
INFO 2025-07-28 23:00:15,698 youtube_utils 22064 24548 Available languages: ['hi']
INFO 2025-07-28 23:00:15,700 youtube_utils 22064 24548 Found Hindi transcript
ERROR 2025-07-28 23:00:15,985 youtube_utils 22064 24548 Error in get_transcript: no element found: line 1, column 0
ERROR 2025-07-28 23:00:15,987 youtube_utils 22064 24548 Full traceback: Traceback (most recent call last):
  File "C:\Users\kaler\Desktop\hindi-learning-assistant\backend\api\youtube_utils.py", line 76, in get_transcript
    return get_transcript_with_retry(video_id)
  File "C:\Users\kaler\Desktop\hindi-learning-assistant\backend\api\youtube_utils.py", line 54, in get_transcript_with_retry
    transcript_data = transcript.fetch()
  File "C:\Users\kaler\AppData\Local\Programs\Python\Python39\lib\site-packages\youtube_transcript_api\_transcripts.py", line 292, in fetch
    return _TranscriptParser(preserve_formatting=preserve_formatting).parse(
  File "C:\Users\kaler\AppData\Local\Programs\Python\Python39\lib\site-packages\youtube_transcript_api\_transcripts.py", line 358, in parse
    for xml_element in ElementTree.fromstring(plain_data)
  File "C:\Users\kaler\AppData\Local\Programs\Python\Python39\lib\xml\etree\ElementTree.py", line 1348, in XML
    return parser.close()
  File "<string>", line None
xml.etree.ElementTree.ParseError: no element found: line 1, column 0

ERROR 2025-07-28 23:00:15,991 views 22064 24548 ValueError in transcript creation: Could not fetch transcript: no element found: line 1, column 0
WARNING 2025-07-28 23:00:15,994 log 22064 24548 Bad Request: /api/transcripts/create-from-video/
WARNING 2025-07-28 23:00:15,997 basehttp 22064 24548 "POST /api/transcripts/create-from-video/ HTTP/1.1" 400 74
INFO 2025-07-28 23:01:38,540 autoreload 22064 1040 C:\Users\kaler\Desktop\hindi-learning-assistant\backend\api\youtube_utils.py changed, reloading.
INFO 2025-07-28 23:01:43,231 autoreload 9900 27604 Watching for file changes with StatReloader
INFO 2025-07-28 23:02:03,224 autoreload 9900 27604 C:\Users\kaler\Desktop\hindi-learning-assistant\backend\api\views.py changed, reloading.
INFO 2025-07-28 23:02:09,307 autoreload 19288 27636 Watching for file changes with StatReloader
INFO 2025-07-28 23:02:19,403 views 19288 26896 Starting transcript creation process
INFO 2025-07-28 23:02:19,406 views 19288 26896 Received video URL: ieH9CTM4Xf8
INFO 2025-07-28 23:02:19,407 views 19288 26896 Attempting to extract video ID
INFO 2025-07-28 23:02:19,408 youtube_utils 19288 26896 Attempting to extract video ID from URL: ieH9CTM4Xf8
INFO 2025-07-28 23:02:19,410 youtube_utils 19288 26896 Successfully extracted video ID: ieH9CTM4Xf8
INFO 2025-07-28 23:02:19,411 views 19288 26896 Extracted video ID: ieH9CTM4Xf8
INFO 2025-07-28 23:02:19,416 views 19288 26896 Checking for existing transcript for user 6888585dc2152ae433949796 and video ieH9CTM4Xf8
INFO 2025-07-28 23:02:19,572 views 19288 26896 Attempting to fetch transcript from YouTube
INFO 2025-07-28 23:02:19,575 youtube_utils 19288 26896 Attempting to fetch transcripts for video ID: ieH9CTM4Xf8
INFO 2025-07-28 23:02:19,576 youtube_utils 19288 26896 Attempting to fetch transcripts for video ID: ieH9CTM4Xf8
INFO 2025-07-28 23:02:20,835 youtube_utils 19288 26896 Available languages: ['th']
INFO 2025-07-28 23:02:21,219 youtube_utils 19288 26896 Found th transcript
INFO 2025-07-28 23:02:21,241 youtube_utils 19288 26896 About to fetch transcript for language: th
ERROR 2025-07-28 23:02:21,497 youtube_utils 19288 26896 Attempt 1/3 failed: no element found: line 1, column 0
ERROR 2025-07-28 23:02:21,498 youtube_utils 19288 26896 YouTube returned malformed/empty XML response. This usually means:
ERROR 2025-07-28 23:02:21,500 youtube_utils 19288 26896 1. The video doesn't have proper captions
ERROR 2025-07-28 23:02:21,501 youtube_utils 19288 26896 2. YouTube's API is having issues
ERROR 2025-07-28 23:02:21,502 youtube_utils 19288 26896 3. The video might be private or restricted
ERROR 2025-07-28 23:02:21,503 youtube_utils 19288 26896 Error in get_transcript: Could not fetch transcript: no element found: line 1, column 0
ERROR 2025-07-28 23:02:21,508 youtube_utils 19288 26896 Full traceback: Traceback (most recent call last):
  File "C:\Users\kaler\Desktop\hindi-learning-assistant\backend\api\youtube_utils.py", line 79, in get_transcript_with_retry
    transcript_data = transcript.fetch()
  File "C:\Users\kaler\AppData\Local\Programs\Python\Python39\lib\site-packages\youtube_transcript_api\_transcripts.py", line 292, in fetch
    return _TranscriptParser(preserve_formatting=preserve_formatting).parse(
  File "C:\Users\kaler\AppData\Local\Programs\Python\Python39\lib\site-packages\youtube_transcript_api\_transcripts.py", line 358, in parse
    for xml_element in ElementTree.fromstring(plain_data)
  File "C:\Users\kaler\AppData\Local\Programs\Python\Python39\lib\xml\etree\ElementTree.py", line 1348, in XML
    return parser.close()
  File "<string>", line None
xml.etree.ElementTree.ParseError: no element found: line 1, column 0

During handling of the above exception, another exception occurred:

Traceback (most recent call last):
  File "C:\Users\kaler\Desktop\hindi-learning-assistant\backend\api\youtube_utils.py", line 120, in get_transcript
    return get_transcript_with_retry(video_id)
  File "C:\Users\kaler\Desktop\hindi-learning-assistant\backend\api\youtube_utils.py", line 102, in get_transcript_with_retry
    raise ValueError(f"Could not fetch transcript: {error_msg}")
ValueError: Could not fetch transcript: no element found: line 1, column 0

ERROR 2025-07-28 23:02:21,513 views 19288 26896 ValueError in transcript creation: Could not fetch transcript: Could not fetch transcript: no element found: line 1, column 0
WARNING 2025-07-28 23:02:21,517 log 19288 26896 Bad Request: /api/transcripts/create-from-video/
WARNING 2025-07-28 23:02:21,521 basehttp 19288 26896 "POST /api/transcripts/create-from-video/ HTTP/1.1" 400 102
INFO 2025-07-28 23:13:35,021 autoreload 25576 19600 Watching for file changes with StatReloader
INFO 2025-07-28 23:14:28,319 views 25576 18640 Starting transcript creation process
INFO 2025-07-28 23:14:28,320 views 25576 18640 Received video URL: ieH9CTM4Xf8
INFO 2025-07-28 23:14:28,321 views 25576 18640 Attempting to extract video ID
INFO 2025-07-28 23:14:28,321 youtube_utils 25576 18640 Attempting to extract video ID from URL: ieH9CTM4Xf8
INFO 2025-07-28 23:14:28,323 youtube_utils 25576 18640 Successfully extracted video ID: ieH9CTM4Xf8
INFO 2025-07-28 23:14:28,323 views 25576 18640 Extracted video ID: ieH9CTM4Xf8
INFO 2025-07-28 23:14:28,324 views 25576 18640 Checking for existing transcript for user 6888585dc2152ae433949796 and video ieH9CTM4Xf8
INFO 2025-07-28 23:14:30,810 views 25576 18640 Checking if video has captions available
INFO 2025-07-28 23:14:30,811 youtube_utils 25576 18640 Checking captions availability for video ID: ieH9CTM4Xf8
INFO 2025-07-28 23:15:42,594 youtube_utils 25576 18640 Available caption languages: ['th']
INFO 2025-07-28 23:15:42,595 views 25576 18640 Attempting to fetch transcript from YouTube
INFO 2025-07-28 23:15:42,596 youtube_utils 25576 18640 Attempting to fetch transcripts for video ID: ieH9CTM4Xf8
INFO 2025-07-28 23:15:42,596 youtube_utils 25576 18640 Attempting to fetch transcripts for video ID: ieH9CTM4Xf8
ERROR 2025-07-28 23:15:42,597 youtube_utils 25576 18640 Attempt 1/3 failed: local variable 'YouTubeTranscriptApi' referenced before assignment
ERROR 2025-07-28 23:15:42,598 youtube_utils 25576 18640 Non-retryable error: local variable 'YouTubeTranscriptApi' referenced before assignment
ERROR 2025-07-28 23:15:42,598 youtube_utils 25576 18640 Error in get_transcript: local variable 'YouTubeTranscriptApi' referenced before assignment
ERROR 2025-07-28 23:15:42,601 youtube_utils 25576 18640 Full traceback: Traceback (most recent call last):
  File "C:\Users\kaler\Desktop\hindi-learning-assistant\backend\api\youtube_utils.py", line 162, in get_transcript
    return get_transcript_with_retry(video_id)
  File "C:\Users\kaler\Desktop\hindi-learning-assistant\backend\api\youtube_utils.py", line 50, in get_transcript_with_retry
    transcript_list = YouTubeTranscriptApi.list_transcripts(video_id)
UnboundLocalError: local variable 'YouTubeTranscriptApi' referenced before assignment

ERROR 2025-07-28 23:15:42,602 views 25576 18640 ValueError in transcript creation: Could not fetch transcript: local variable 'YouTubeTranscriptApi' referenced before assignment
WARNING 2025-07-28 23:15:42,604 log 25576 18640 Bad Request: /api/transcripts/create-from-video/
WARNING 2025-07-28 23:15:42,605 basehttp 25576 18640 "POST /api/transcripts/create-from-video/ HTTP/1.1" 400 106
INFO 2025-07-28 23:17:39,554 autoreload 25576 19600 C:\Users\kaler\Desktop\hindi-learning-assistant\backend\api\youtube_utils.py changed, reloading.
INFO 2025-07-28 23:17:41,981 autoreload 14136 14492 Watching for file changes with StatReloader
INFO 2025-07-28 23:37:58,523 autoreload 29640 27868 Watching for file changes with StatReloader
INFO 2025-07-28 23:39:30,738 autoreload 7680 7472 Watching for file changes with StatReloader
INFO 2025-07-28 23:40:45,446 autoreload 12840 4624 Watching for file changes with StatReloader
INFO 2025-07-28 23:42:40,101 autoreload 10176 29320 Watching for file changes with StatReloader
INFO 2025-07-28 23:44:58,721 autoreload 3224 29124 Watching for file changes with StatReloader
INFO 2025-07-28 23:46:48,964 autoreload 27600 29156 Watching for file changes with StatReloader
INFO 2025-07-28 23:47:08,865 basehttp 27600 10424 "GET /api/transcripts/ HTTP/1.1" 200 2
INFO 2025-07-28 23:47:08,941 basehttp 27600 10424 "GET /api/transcripts/ HTTP/1.1" 200 2
INFO 2025-07-28 23:47:13,768 views 27600 10424 Starting transcript creation process
INFO 2025-07-28 23:47:13,769 views 27600 10424 Received video URL: UayIEps9Y70
INFO 2025-07-28 23:47:13,770 views 27600 10424 Attempting to extract video ID
INFO 2025-07-28 23:47:13,771 youtube_utils 27600 10424 Attempting to extract video ID from URL: UayIEps9Y70
INFO 2025-07-28 23:47:13,773 youtube_utils 27600 10424 Successfully extracted video ID: UayIEps9Y70
INFO 2025-07-28 23:47:13,774 views 27600 10424 Extracted video ID: UayIEps9Y70
INFO 2025-07-28 23:47:13,774 views 27600 10424 Checking for existing transcript for user 6888585dc2152ae433949796 and video UayIEps9Y70
INFO 2025-07-28 23:47:13,846 views 27600 10424 Checking if video has captions available
INFO 2025-07-28 23:47:13,847 youtube_utils 27600 10424 Checking captions availability for video ID: UayIEps9Y70
INFO 2025-07-28 23:47:19,252 youtube_utils 27600 10424 Available caption languages: ['en', 'hi', 'hi']
INFO 2025-07-28 23:47:19,254 views 27600 10424 Attempting to fetch transcript from YouTube
INFO 2025-07-28 23:47:19,254 youtube_utils 27600 10424 Attempting to fetch transcripts for video ID: UayIEps9Y70
INFO 2025-07-28 23:47:20,258 youtube_utils 27600 10424 Attempting to fetch transcripts for video ID: UayIEps9Y70
INFO 2025-07-28 23:47:25,613 youtube_utils 27600 10424 Available languages: ['en', 'hi', 'hi']
INFO 2025-07-28 23:47:25,614 youtube_utils 27600 10424 Found Hindi transcript
INFO 2025-07-28 23:47:25,614 youtube_utils 27600 10424 About to fetch transcript for language: hi
INFO 2025-07-28 23:47:26,017 youtube_utils 27600 10424 Successfully fetched transcript using standard method
INFO 2025-07-28 23:47:26,017 youtube_utils 27600 10424 Successfully fetched hi transcript with 30 entries
INFO 2025-07-28 23:47:26,080 views 27600 10424 Successfully fetched transcript in hi
INFO 2025-07-28 23:47:26,085 youtube_utils 27600 10424 Formatting transcript with 30 entries
ERROR 2025-07-28 23:47:26,086 youtube_utils 27600 10424 Error formatting transcript: 'FetchedTranscriptSnippet' object is not subscriptable
ERROR 2025-07-28 23:47:26,114 views 27600 10424 ValueError in transcript creation: Failed to format transcript: 'FetchedTranscriptSnippet' object is not subscriptable
WARNING 2025-07-28 23:47:26,115 log 27600 10424 Bad Request: /api/transcripts/create-from-video/
WARNING 2025-07-28 23:47:26,116 basehttp 27600 10424 "POST /api/transcripts/create-from-video/ HTTP/1.1" 400 95
INFO 2025-07-28 23:50:33,053 autoreload 27600 29156 C:\Users\kaler\Desktop\hindi-learning-assistant\backend\api\youtube_utils.py changed, reloading.
INFO 2025-07-28 23:50:37,894 autoreload 19548 9980 Watching for file changes with StatReloader
INFO 2025-07-28 23:50:56,679 views 19548 26004 Starting transcript creation process
INFO 2025-07-28 23:50:56,682 views 19548 26004 Received video URL: UayIEps9Y70
INFO 2025-07-28 23:50:56,683 views 19548 26004 Attempting to extract video ID
INFO 2025-07-28 23:50:56,684 youtube_utils 19548 26004 Attempting to extract video ID from URL: UayIEps9Y70
INFO 2025-07-28 23:50:56,686 youtube_utils 19548 26004 Successfully extracted video ID: UayIEps9Y70
INFO 2025-07-28 23:50:56,686 views 19548 26004 Extracted video ID: UayIEps9Y70
INFO 2025-07-28 23:50:56,687 views 19548 26004 Checking for existing transcript for user 6888585dc2152ae433949796 and video UayIEps9Y70
INFO 2025-07-28 23:50:56,754 views 19548 26004 Checking if video has captions available
INFO 2025-07-28 23:50:56,755 youtube_utils 19548 26004 Checking captions availability for video ID: UayIEps9Y70
INFO 2025-07-28 23:50:57,970 youtube_utils 19548 26004 Available caption languages: ['en', 'hi', 'hi']
INFO 2025-07-28 23:50:57,972 views 19548 26004 Attempting to fetch transcript from YouTube
INFO 2025-07-28 23:50:57,973 youtube_utils 19548 26004 Attempting to fetch transcripts for video ID: UayIEps9Y70
INFO 2025-07-28 23:50:58,982 youtube_utils 19548 26004 Attempting to fetch transcripts for video ID: UayIEps9Y70
INFO 2025-07-28 23:51:00,134 youtube_utils 19548 26004 Available languages: ['en', 'hi', 'hi']
INFO 2025-07-28 23:51:00,136 youtube_utils 19548 26004 Found Hindi transcript
INFO 2025-07-28 23:51:00,136 youtube_utils 19548 26004 About to fetch transcript for language: hi
WARNING 2025-07-28 23:51:00,664 youtube_utils 19548 26004 Standard fetch failed: 
Could not retrieve a transcript for the video https://www.youtube.com/watch?v=UayIEps9Y70! This is most likely caused by:

YouTube is blocking requests from your IP. This usually is due to one of the following reasons:
- You have done too many requests and your IP has been blocked by YouTube
- You are doing requests from an IP belonging to a cloud provider (like AWS, Google Cloud Platform, Azure, etc.). Unfortunately, most IPs from cloud providers are blocked by YouTube.

Ways to work around this are explained in the "Working around IP bans" section of the README (https://github.com/jdepoix/youtube-transcript-api?tab=readme-ov-file#working-around-ip-bans-requestblocked-or-ipblocked-exception).


If you are sure that the described cause is not responsible for this error and that a transcript should be retrievable, please create an issue at https://github.com/jdepoix/youtube-transcript-api/issues. Please add which version of youtube_transcript_api you are using and provide the information needed to replicate the error. Also make sure that there are no open issues which already describe your problem!
WARNING 2025-07-28 23:51:01,088 youtube_utils 19548 26004 Preserve formatting fetch failed: 
Could not retrieve a transcript for the video https://www.youtube.com/watch?v=UayIEps9Y70! This is most likely caused by:

YouTube is blocking requests from your IP. This usually is due to one of the following reasons:
- You have done too many requests and your IP has been blocked by YouTube
- You are doing requests from an IP belonging to a cloud provider (like AWS, Google Cloud Platform, Azure, etc.). Unfortunately, most IPs from cloud providers are blocked by YouTube.

Ways to work around this are explained in the "Working around IP bans" section of the README (https://github.com/jdepoix/youtube-transcript-api?tab=readme-ov-file#working-around-ip-bans-requestblocked-or-ipblocked-exception).


If you are sure that the described cause is not responsible for this error and that a transcript should be retrievable, please create an issue at https://github.com/jdepoix/youtube-transcript-api/issues. Please add which version of youtube_transcript_api you are using and provide the information needed to replicate the error. Also make sure that there are no open issues which already describe your problem!
ERROR 2025-07-28 23:51:01,092 youtube_utils 19548 26004 All fetch methods failed: No raw transcript data available
ERROR 2025-07-28 23:51:01,093 youtube_utils 19548 26004 Attempt 1/3 failed: No raw transcript data available
ERROR 2025-07-28 23:51:01,093 youtube_utils 19548 26004 Non-retryable error: No raw transcript data available
ERROR 2025-07-28 23:51:01,094 youtube_utils 19548 26004 Error in get_transcript: No raw transcript data available
ERROR 2025-07-28 23:51:01,100 youtube_utils 19548 26004 Full traceback: Traceback (most recent call last):
  File "C:\Users\kaler\Desktop\hindi-learning-assistant\backend\api\youtube_utils.py", line 87, in get_transcript_with_retry
    transcript_data = transcript.fetch()
  File "C:\Users\kaler\AppData\Local\Programs\Python\Python39\lib\site-packages\youtube_transcript_api\_transcripts.py", line 139, in fetch
    _raise_http_errors(response, self.video_id).text,
  File "C:\Users\kaler\AppData\Local\Programs\Python\Python39\lib\site-packages\youtube_transcript_api\_transcripts.py", line 96, in _raise_http_errors
    raise IpBlocked(video_id)
youtube_transcript_api._errors.IpBlocked: 
Could not retrieve a transcript for the video https://www.youtube.com/watch?v=UayIEps9Y70! This is most likely caused by:

YouTube is blocking requests from your IP. This usually is due to one of the following reasons:
- You have done too many requests and your IP has been blocked by YouTube
- You are doing requests from an IP belonging to a cloud provider (like AWS, Google Cloud Platform, Azure, etc.). Unfortunately, most IPs from cloud providers are blocked by YouTube.

Ways to work around this are explained in the "Working around IP bans" section of the README (https://github.com/jdepoix/youtube-transcript-api?tab=readme-ov-file#working-around-ip-bans-requestblocked-or-ipblocked-exception).


If you are sure that the described cause is not responsible for this error and that a transcript should be retrievable, please create an issue at https://github.com/jdepoix/youtube-transcript-api/issues. Please add which version of youtube_transcript_api you are using and provide the information needed to replicate the error. Also make sure that there are no open issues which already describe your problem!

During handling of the above exception, another exception occurred:

Traceback (most recent call last):
  File "C:\Users\kaler\Desktop\hindi-learning-assistant\backend\api\youtube_utils.py", line 94, in get_transcript_with_retry
    transcript_data = transcript.fetch(preserve_formatting=True)
  File "C:\Users\kaler\AppData\Local\Programs\Python\Python39\lib\site-packages\youtube_transcript_api\_transcripts.py", line 139, in fetch
    _raise_http_errors(response, self.video_id).text,
  File "C:\Users\kaler\AppData\Local\Programs\Python\Python39\lib\site-packages\youtube_transcript_api\_transcripts.py", line 96, in _raise_http_errors
    raise IpBlocked(video_id)
youtube_transcript_api._errors.IpBlocked: 
Could not retrieve a transcript for the video https://www.youtube.com/watch?v=UayIEps9Y70! This is most likely caused by:

YouTube is blocking requests from your IP. This usually is due to one of the following reasons:
- You have done too many requests and your IP has been blocked by YouTube
- You are doing requests from an IP belonging to a cloud provider (like AWS, Google Cloud Platform, Azure, etc.). Unfortunately, most IPs from cloud providers are blocked by YouTube.

Ways to work around this are explained in the "Working around IP bans" section of the README (https://github.com/jdepoix/youtube-transcript-api?tab=readme-ov-file#working-around-ip-bans-requestblocked-or-ipblocked-exception).


If you are sure that the described cause is not responsible for this error and that a transcript should be retrievable, please create an issue at https://github.com/jdepoix/youtube-transcript-api/issues. Please add which version of youtube_transcript_api you are using and provide the information needed to replicate the error. Also make sure that there are no open issues which already describe your problem!

During handling of the above exception, another exception occurred:

Traceback (most recent call last):
  File "C:\Users\kaler\Desktop\hindi-learning-assistant\backend\api\youtube_utils.py", line 182, in get_transcript
    return get_transcript_with_retry(video_id)
  File "C:\Users\kaler\Desktop\hindi-learning-assistant\backend\api\youtube_utils.py", line 106, in get_transcript_with_retry
    raise ValueError("No raw transcript data available")
ValueError: No raw transcript data available

ERROR 2025-07-28 23:51:01,108 views 19548 26004 ValueError in transcript creation: Could not fetch transcript: No raw transcript data available
WARNING 2025-07-28 23:51:01,110 log 19548 26004 Bad Request: /api/transcripts/create-from-video/
WARNING 2025-07-28 23:51:01,114 basehttp 19548 26004 "POST /api/transcripts/create-from-video/ HTTP/1.1" 400 72
INFO 2025-07-28 23:51:37,532 views 19548 15760 Starting transcript creation process
INFO 2025-07-28 23:51:37,534 views 19548 15760 Received video URL: UayIEps9Y70
INFO 2025-07-28 23:51:37,535 views 19548 15760 Attempting to extract video ID
INFO 2025-07-28 23:51:37,536 youtube_utils 19548 15760 Attempting to extract video ID from URL: UayIEps9Y70
INFO 2025-07-28 23:51:37,536 youtube_utils 19548 15760 Successfully extracted video ID: UayIEps9Y70
INFO 2025-07-28 23:51:37,537 views 19548 15760 Extracted video ID: UayIEps9Y70
INFO 2025-07-28 23:51:37,538 views 19548 15760 Checking for existing transcript for user 6888585dc2152ae433949796 and video UayIEps9Y70
INFO 2025-07-28 23:51:41,399 views 19548 15760 Checking if video has captions available
INFO 2025-07-28 23:51:41,400 youtube_utils 19548 15760 Checking captions availability for video ID: UayIEps9Y70
INFO 2025-07-28 23:52:00,203 youtube_utils 19548 15760 Available caption languages: ['en', 'hi', 'hi']
INFO 2025-07-28 23:52:00,204 views 19548 15760 Attempting to fetch transcript from YouTube
INFO 2025-07-28 23:52:00,205 youtube_utils 19548 15760 Attempting to fetch transcripts for video ID: UayIEps9Y70
INFO 2025-07-28 23:52:01,214 youtube_utils 19548 15760 Attempting to fetch transcripts for video ID: UayIEps9Y70
INFO 2025-07-28 23:52:05,515 youtube_utils 19548 15760 Available languages: ['en', 'hi', 'hi']
INFO 2025-07-28 23:52:05,516 youtube_utils 19548 15760 Found Hindi transcript
INFO 2025-07-28 23:52:05,516 youtube_utils 19548 15760 About to fetch transcript for language: hi
INFO 2025-07-28 23:52:05,669 youtube_utils 19548 15760 Successfully fetched transcript using standard method
INFO 2025-07-28 23:52:05,669 youtube_utils 19548 15760 Successfully fetched hi transcript with 30 entries
INFO 2025-07-28 23:52:05,716 views 19548 15760 Successfully fetched transcript in hi
INFO 2025-07-28 23:52:05,717 youtube_utils 19548 15760 Formatting transcript with 30 entries
INFO 2025-07-28 23:52:05,718 youtube_utils 19548 15760 Formatted transcript length: 1084 characters
INFO 2025-07-28 23:52:05,743 views 19548 15760 Formatted transcript length: 1084
INFO 2025-07-28 23:52:05,743 views 19548 15760 Processing transcript with DeepSeek
INFO 2025-07-28 23:52:05,744 qa_model 19548 15760 Processing transcript of length: 1084
INFO 2025-07-28 23:52:45,731 qa_model 19548 15760 Successfully parsed JSON directly from response
INFO 2025-07-28 23:52:45,732 views 19548 15760 Successfully processed transcript with DeepSeek
DEBUG 2025-07-28 23:52:45,733 views 19548 15760 Processed data structure: ['punctuated_text']
INFO 2025-07-28 23:52:45,734 views 19548 15760 Attempting to save processed transcript to MongoDB
INFO 2025-07-28 23:52:45,852 views 19548 15760 Successfully saved processed transcript to MongoDB
INFO 2025-07-28 23:52:45,852 views 19548 15760 Successfully completed transcript creation and processing
INFO 2025-07-28 23:52:45,854 basehttp 19548 15760 "POST /api/transcripts/create-from-video/ HTTP/1.1" 201 2958
INFO 2025-07-28 23:53:08,139 basehttp 19548 15760 "OPTIONS /api/transcripts/68886fbdb46da34d7a805ac2/questions/ HTTP/1.1" 200 0
INFO 2025-07-28 23:53:08,142 basehttp 19548 15760 "OPTIONS /api/transcripts/68886fbdb46da34d7a805ac2/questions/ HTTP/1.1" 200 0
INFO 2025-07-28 23:53:08,243 basehttp 19548 15760 "GET /api/transcripts/68886fbdb46da34d7a805ac2/questions/ HTTP/1.1" 200 2
INFO 2025-07-28 23:53:09,599 basehttp 19548 15760 "GET /api/transcripts/68886fbdb46da34d7a805ac2/questions/ HTTP/1.1" 200 2
INFO 2025-07-28 23:53:10,620 basehttp 19548 15760 "OPTIONS /api/transcripts/68886fbdb46da34d7a805ac2/questions/generate/ HTTP/1.1" 200 0
INFO 2025-07-28 23:54:20,201 basehttp 19548 15760 "POST /api/transcripts/68886fbdb46da34d7a805ac2/questions/generate/ HTTP/1.1" 201 6323
INFO 2025-07-29 10:28:16,076 basehttp 19548 31132 "OPTIONS /api/transcripts/68886fbdb46da34d7a805ac2/questions/68887008b46da34d7a805ac8/answer/ HTTP/1.1" 200 0
WARNING 2025-07-29 10:28:16,235 log 19548 31132 Unauthorized: /api/transcripts/68886fbdb46da34d7a805ac2/questions/68887008b46da34d7a805ac8/answer/
WARNING 2025-07-29 10:28:16,236 basehttp 19548 31132 "POST /api/transcripts/68886fbdb46da34d7a805ac2/questions/68887008b46da34d7a805ac8/answer/ HTTP/1.1" 401 183
INFO 2025-07-29 10:28:16,242 basehttp 19548 31132 "OPTIONS /api/auth/refresh/ HTTP/1.1" 200 0
ERROR 2025-07-29 10:28:17,858 log 19548 31132 Internal Server Error: /api/auth/refresh/
Traceback (most recent call last):
  File "C:\Users\kaler\AppData\Local\Programs\Python\Python39\lib\site-packages\django\db\backends\utils.py", line 89, in _execute
    return self.cursor.execute(sql, params)
  File "C:\Users\kaler\AppData\Local\Programs\Python\Python39\lib\site-packages\django\db\backends\sqlite3\base.py", line 328, in execute
    return super().execute(query, params)
sqlite3.OperationalError: no such table: token_blacklist_blacklistedtoken

The above exception was the direct cause of the following exception:

Traceback (most recent call last):
  File "C:\Users\kaler\AppData\Local\Programs\Python\Python39\lib\site-packages\django\core\handlers\exception.py", line 55, in inner
    response = get_response(request)
  File "C:\Users\kaler\AppData\Local\Programs\Python\Python39\lib\site-packages\django\core\handlers\base.py", line 197, in _get_response
    response = wrapped_callback(request, *callback_args, **callback_kwargs)
  File "C:\Users\kaler\AppData\Local\Programs\Python\Python39\lib\site-packages\django\views\decorators\csrf.py", line 56, in wrapper_view
    return view_func(*args, **kwargs)
  File "C:\Users\kaler\AppData\Local\Programs\Python\Python39\lib\site-packages\django\views\generic\base.py", line 104, in view
    return self.dispatch(request, *args, **kwargs)
  File "C:\Users\kaler\AppData\Local\Programs\Python\Python39\lib\site-packages\rest_framework\views.py", line 509, in dispatch
    response = self.handle_exception(exc)
  File "C:\Users\kaler\AppData\Local\Programs\Python\Python39\lib\site-packages\rest_framework\views.py", line 469, in handle_exception
    self.raise_uncaught_exception(exc)
  File "C:\Users\kaler\AppData\Local\Programs\Python\Python39\lib\site-packages\rest_framework\views.py", line 480, in raise_uncaught_exception
    raise exc
  File "C:\Users\kaler\AppData\Local\Programs\Python\Python39\lib\site-packages\rest_framework\views.py", line 506, in dispatch
    response = handler(request, *args, **kwargs)
  File "C:\Users\kaler\AppData\Local\Programs\Python\Python39\lib\site-packages\rest_framework_simplejwt\views.py", line 44, in post
    serializer.is_valid(raise_exception=True)
  File "C:\Users\kaler\AppData\Local\Programs\Python\Python39\lib\site-packages\rest_framework\serializers.py", line 227, in is_valid
    self._validated_data = self.run_validation(self.initial_data)
  File "C:\Users\kaler\AppData\Local\Programs\Python\Python39\lib\site-packages\rest_framework\serializers.py", line 429, in run_validation
    value = self.validate(value)
  File "C:\Users\kaler\AppData\Local\Programs\Python\Python39\lib\site-packages\rest_framework_simplejwt\serializers.py", line 108, in validate
    refresh = self.token_class(attrs["refresh"])
  File "C:\Users\kaler\AppData\Local\Programs\Python\Python39\lib\site-packages\rest_framework_simplejwt\tokens.py", line 61, in __init__
    self.verify()
  File "C:\Users\kaler\AppData\Local\Programs\Python\Python39\lib\site-packages\rest_framework_simplejwt\tokens.py", line 245, in verify
    self.check_blacklist()
  File "C:\Users\kaler\AppData\Local\Programs\Python\Python39\lib\site-packages\rest_framework_simplejwt\tokens.py", line 256, in check_blacklist
    if BlacklistedToken.objects.filter(token__jti=jti).exists():
  File "C:\Users\kaler\AppData\Local\Programs\Python\Python39\lib\site-packages\django\db\models\query.py", line 1241, in exists
    return self.query.has_results(using=self.db)
  File "C:\Users\kaler\AppData\Local\Programs\Python\Python39\lib\site-packages\django\db\models\sql\query.py", line 598, in has_results
    return compiler.has_results()
  File "C:\Users\kaler\AppData\Local\Programs\Python\Python39\lib\site-packages\django\db\models\sql\compiler.py", line 1530, in has_results
    return bool(self.execute_sql(SINGLE))
  File "C:\Users\kaler\AppData\Local\Programs\Python\Python39\lib\site-packages\django\db\models\sql\compiler.py", line 1562, in execute_sql
    cursor.execute(sql, params)
  File "C:\Users\kaler\AppData\Local\Programs\Python\Python39\lib\site-packages\django\db\backends\utils.py", line 102, in execute
    return super().execute(sql, params)
  File "C:\Users\kaler\AppData\Local\Programs\Python\Python39\lib\site-packages\django\db\backends\utils.py", line 67, in execute
    return self._execute_with_wrappers(
  File "C:\Users\kaler\AppData\Local\Programs\Python\Python39\lib\site-packages\django\db\backends\utils.py", line 80, in _execute_with_wrappers
    return executor(sql, params, many, context)
  File "C:\Users\kaler\AppData\Local\Programs\Python\Python39\lib\site-packages\django\db\backends\utils.py", line 89, in _execute
    return self.cursor.execute(sql, params)
  File "C:\Users\kaler\AppData\Local\Programs\Python\Python39\lib\site-packages\django\db\utils.py", line 91, in __exit__
    raise dj_exc_value.with_traceback(traceback) from exc_value
  File "C:\Users\kaler\AppData\Local\Programs\Python\Python39\lib\site-packages\django\db\backends\utils.py", line 89, in _execute
    return self.cursor.execute(sql, params)
  File "C:\Users\kaler\AppData\Local\Programs\Python\Python39\lib\site-packages\django\db\backends\sqlite3\base.py", line 328, in execute
    return super().execute(query, params)
django.db.utils.OperationalError: no such table: token_blacklist_blacklistedtoken
ERROR 2025-07-29 10:28:17,897 basehttp 19548 31132 "POST /api/auth/refresh/ HTTP/1.1" 500 189568
INFO 2025-07-29 10:28:27,677 basehttp 19548 31132 "OPTIONS /api/auth/login/ HTTP/1.1" 200 0
INFO 2025-07-29 10:28:28,748 basehttp 19548 31132 "POST /api/auth/login/ HTTP/1.1" 200 747
INFO 2025-07-29 10:28:28,903 basehttp 19548 31932 "OPTIONS /api/trending-words/ HTTP/1.1" 200 0
INFO 2025-07-29 10:28:28,905 basehttp 19548 31132 "OPTIONS /api/trending-words/ HTTP/1.1" 200 0
INFO 2025-07-29 10:28:28,981 basehttp 19548 31132 "GET /api/trending-words/ HTTP/1.1" 200 192
INFO 2025-07-29 10:28:29,063 basehttp 19548 31932 "GET /api/trending-words/ HTTP/1.1" 200 192
INFO 2025-07-29 10:28:39,349 basehttp 19548 31932 "OPTIONS /api/practice/sets/ HTTP/1.1" 200 0
INFO 2025-07-29 10:28:39,352 basehttp 19548 31132 "OPTIONS /api/practice/sets/ HTTP/1.1" 200 0
INFO 2025-07-29 10:28:39,533 basehttp 19548 31132 "GET /api/practice/sets/ HTTP/1.1" 200 342
INFO 2025-07-29 10:28:39,544 basehttp 19548 31132 "OPTIONS /api/transcripts/UayIEps9Y70/ HTTP/1.1" 200 0
INFO 2025-07-29 10:28:39,704 basehttp 19548 31932 "GET /api/practice/sets/ HTTP/1.1" 200 342
INFO 2025-07-29 10:28:40,127 basehttp 19548 31132 "GET /api/transcripts/UayIEps9Y70/ HTTP/1.1" 200 9381
INFO 2025-07-29 10:28:40,285 basehttp 19548 31932 "GET /api/transcripts/UayIEps9Y70/ HTTP/1.1" 200 9381
INFO 2025-07-29 10:28:44,141 basehttp 19548 31932 "GET /api/trending-words/ HTTP/1.1" 200 192
INFO 2025-07-29 10:28:44,226 basehttp 19548 31132 "GET /api/trending-words/ HTTP/1.1" 200 192
INFO 2025-07-29 10:28:45,549 basehttp 19548 31132 "OPTIONS /api/transcripts/ HTTP/1.1" 200 0
INFO 2025-07-29 10:28:45,550 basehttp 19548 31932 "OPTIONS /api/transcripts/ HTTP/1.1" 200 0
INFO 2025-07-29 10:28:45,734 basehttp 19548 31932 "GET /api/transcripts/ HTTP/1.1" 200 9383
INFO 2025-07-29 10:28:45,887 basehttp 19548 31132 "GET /api/transcripts/ HTTP/1.1" 200 9383
INFO 2025-07-29 10:28:55,226 basehttp 19548 31932 "OPTIONS /api/transcripts/68886fbdb46da34d7a805ac2/questions/ HTTP/1.1" 200 0
INFO 2025-07-29 10:28:55,226 basehttp 19548 31132 "OPTIONS /api/transcripts/68886fbdb46da34d7a805ac2/questions/ HTTP/1.1" 200 0
INFO 2025-07-29 10:28:55,321 basehttp 19548 31132 "GET /api/transcripts/68886fbdb46da34d7a805ac2/questions/ HTTP/1.1" 200 6143
INFO 2025-07-29 10:28:55,411 basehttp 19548 31932 "GET /api/transcripts/68886fbdb46da34d7a805ac2/questions/ HTTP/1.1" 200 6143
INFO 2025-07-29 10:29:02,458 basehttp 19548 31932 "OPTIONS /api/transcripts/68886fbdb46da34d7a805ac2/questions/undefined/answer/ HTTP/1.1" 200 0
ERROR 2025-07-29 10:29:02,463 log 19548 31932 Internal Server Error: /api/transcripts/68886fbdb46da34d7a805ac2/questions/undefined/answer/
ERROR 2025-07-29 10:29:02,464 basehttp 19548 31932 "POST /api/transcripts/68886fbdb46da34d7a805ac2/questions/undefined/answer/ HTTP/1.1" 500 130
INFO 2025-07-29 10:56:26,156 autoreload 29600 32140 Watching for file changes with StatReloader
INFO 2025-07-29 10:56:59,491 basehttp 29600 24256 "GET / HTTP/1.1" 200 10623
INFO 2025-07-29 10:57:04,759 basehttp 29600 24256 "GET / HTTP/1.1" 200 10623
INFO 2025-07-29 10:57:46,346 basehttp 29600 18964 "GET /api/trending-words/ HTTP/1.1" 200 192
INFO 2025-07-29 10:57:46,418 basehttp 29600 28764 "GET /api/trending-words/ HTTP/1.1" 200 192
INFO 2025-07-29 10:58:12,615 basehttp 29600 28764 "GET /api/transcripts/ HTTP/1.1" 200 2
INFO 2025-07-29 10:58:12,687 basehttp 29600 18964 "GET /api/transcripts/ HTTP/1.1" 200 2
INFO 2025-07-29 10:58:24,248 views 29600 18964 Starting transcript creation process
INFO 2025-07-29 10:58:24,250 views 29600 18964 Received video URL: UayIEps9Y70
INFO 2025-07-29 10:58:24,251 views 29600 18964 Attempting to extract video ID
INFO 2025-07-29 10:58:24,251 youtube_utils 29600 18964 Attempting to extract video ID from URL: UayIEps9Y70
INFO 2025-07-29 10:58:24,252 youtube_utils 29600 18964 Successfully extracted video ID: UayIEps9Y70
INFO 2025-07-29 10:58:24,254 views 29600 18964 Extracted video ID: UayIEps9Y70
INFO 2025-07-29 10:58:24,254 views 29600 18964 Checking for existing transcript for user 6889093d8074bf693e132d6a and video UayIEps9Y70
INFO 2025-07-29 10:58:24,320 views 29600 18964 Checking if video has captions available
INFO 2025-07-29 10:58:24,321 youtube_utils 29600 18964 Checking captions availability for video ID: UayIEps9Y70
INFO 2025-07-29 10:58:25,558 youtube_utils 29600 18964 Available caption languages: ['en', 'hi', 'hi']
INFO 2025-07-29 10:58:25,563 views 29600 18964 Attempting to fetch transcript from YouTube
INFO 2025-07-29 10:58:25,564 youtube_utils 29600 18964 Attempting to fetch transcripts for video ID: UayIEps9Y70
INFO 2025-07-29 10:58:26,582 youtube_utils 29600 18964 Attempting to fetch transcripts for video ID: UayIEps9Y70
INFO 2025-07-29 10:58:27,862 youtube_utils 29600 18964 Available languages: ['en', 'hi', 'hi']
INFO 2025-07-29 10:58:27,862 youtube_utils 29600 18964 Found Hindi transcript
INFO 2025-07-29 10:58:27,865 youtube_utils 29600 18964 About to fetch transcript for language: hi
INFO 2025-07-29 10:58:27,928 youtube_utils 29600 18964 Successfully fetched transcript using standard method
INFO 2025-07-29 10:58:27,930 youtube_utils 29600 18964 Successfully fetched hi transcript with 30 entries
INFO 2025-07-29 10:58:28,459 views 29600 18964 Successfully fetched transcript in hi
INFO 2025-07-29 10:58:28,462 youtube_utils 29600 18964 Formatting transcript with 30 entries
INFO 2025-07-29 10:58:28,463 youtube_utils 29600 18964 Formatted transcript length: 1084 characters
INFO 2025-07-29 10:58:28,522 views 29600 18964 Formatted transcript length: 1084
INFO 2025-07-29 10:58:28,523 views 29600 18964 Processing transcript with DeepSeek
INFO 2025-07-29 10:58:28,526 qa_model 29600 18964 Processing transcript of length: 1084
INFO 2025-07-29 10:59:07,002 qa_model 29600 18964 Successfully parsed JSON directly from response
INFO 2025-07-29 10:59:07,003 views 29600 18964 Successfully processed transcript with DeepSeek
DEBUG 2025-07-29 10:59:07,003 views 29600 18964 Processed data structure: ['punctuated_text']
INFO 2025-07-29 10:59:07,004 views 29600 18964 Attempting to save processed transcript to MongoDB
INFO 2025-07-29 10:59:07,078 views 29600 18964 Successfully saved processed transcript to MongoDB
INFO 2025-07-29 10:59:07,079 views 29600 18964 Successfully completed transcript creation and processing
INFO 2025-07-29 10:59:07,085 basehttp 29600 18964 "POST /api/transcripts/create-from-video/ HTTP/1.1" 201 2954
INFO 2025-07-29 10:59:15,809 basehttp 29600 28764 "OPTIONS /api/transcripts/68890beb800e142438782fdf/questions/ HTTP/1.1" 200 0
INFO 2025-07-29 10:59:15,809 basehttp 29600 18964 "OPTIONS /api/transcripts/68890beb800e142438782fdf/questions/ HTTP/1.1" 200 0
INFO 2025-07-29 10:59:15,882 basehttp 29600 18964 "GET /api/transcripts/68890beb800e142438782fdf/questions/ HTTP/1.1" 200 2
INFO 2025-07-29 10:59:15,952 basehttp 29600 28764 "GET /api/transcripts/68890beb800e142438782fdf/questions/ HTTP/1.1" 200 2
INFO 2025-07-29 10:59:18,934 basehttp 29600 28764 "OPTIONS /api/transcripts/68890beb800e142438782fdf/translate/ HTTP/1.1" 200 0
INFO 2025-07-29 10:59:19,078 qa_model 29600 28764 Translating text of length: 1121
INFO 2025-07-29 10:59:38,520 qa_model 29600 28764 Raw translation response: {
    "translation": "The rabbit and the tortoise, remember them? Today is Monday. The race is in just one hour, remember bro? I'm fully prepared. The race began. The tortoise is way behind. Ah... I'll take a little rest. The cool breeze makes the rabbit sleepy, and the tortoise wins the race. This time it was a trick. Ha ha, let's race once more and see who wins. Alright then. Let's race one more time. This time, we'll race up to the lion's den. In this race, the rabbit makes no mistakes and wins. The tortoise sees the rabbit dancing and thinks this isn't right. Out of two races, you won one, I won one. Let's go again, okay? This will be the final one, alright? This time, we'll race to that hill. The path to the hill has a river. The rabbit gets confused seeing the river. What do I do now? In the hurry, I forgot that to reach the hill, we have to cross the river. (The tortoise crosses the river) Ta ta. The tortoise crosses back to the rabbit and says, \"Look bro, you run fast and I'm slow. I won one race, you won one. But now we'll both win this race. You do this, climb on my back and I'll take you across the river.\" Both cross the river together and both win together."
}
INFO 2025-07-29 10:59:38,591 basehttp 29600 28764 "POST /api/transcripts/68890beb800e142438782fdf/translate/ HTTP/1.1" 200 1185
INFO 2025-07-29 10:59:52,309 basehttp 29600 28764 "OPTIONS /api/transcripts/68890beb800e142438782fdf/glossary/ HTTP/1.1" 200 0
INFO 2025-07-29 10:59:52,449 qa_model 29600 28764 Generating glossary for text of length 1121
INFO 2025-07-29 11:00:35,135 basehttp 29600 28764 "POST /api/transcripts/68890beb800e142438782fdf/glossary/ HTTP/1.1" 200 2582
INFO 2025-07-29 11:00:45,376 basehttp 29600 28764 "GET /api/transcripts/68890beb800e142438782fdf/questions/ HTTP/1.1" 200 2
INFO 2025-07-29 11:00:45,445 basehttp 29600 18964 "GET /api/transcripts/68890beb800e142438782fdf/questions/ HTTP/1.1" 200 2
INFO 2025-07-29 11:00:46,692 basehttp 29600 18964 "OPTIONS /api/transcripts/68890beb800e142438782fdf/questions/generate/ HTTP/1.1" 200 0
INFO 2025-07-29 11:01:55,328 basehttp 29600 18964 "POST /api/transcripts/68890beb800e142438782fdf/questions/generate/ HTTP/1.1" 201 6574
INFO 2025-07-29 11:03:28,253 basehttp 29600 18964 "OPTIONS /api/transcripts/68890beb800e142438782fdf/questions/68890c80800e142438782fe5/answer/ HTTP/1.1" 200 0
INFO 2025-07-29 11:03:28,463 basehttp 29600 18964 "POST /api/transcripts/68890beb800e142438782fdf/questions/68890c80800e142438782fe5/answer/ HTTP/1.1" 200 121
INFO 2025-07-29 11:03:38,034 basehttp 29600 18964 "OPTIONS /api/transcripts/68890beb800e142438782fdf/questions/68890c60800e142438782fe3/answer/ HTTP/1.1" 200 0
INFO 2025-07-29 11:03:38,252 basehttp 29600 18964 "POST /api/transcripts/68890beb800e142438782fdf/questions/68890c60800e142438782fe3/answer/ HTTP/1.1" 200 124
INFO 2025-07-29 11:03:55,831 basehttp 29600 18964 "OPTIONS /api/vocabulary/words/?favorites=false HTTP/1.1" 200 0
INFO 2025-07-29 11:03:55,855 basehttp 29600 18964 "OPTIONS /api/vocabulary/words/?favorites=false HTTP/1.1" 200 0
INFO 2025-07-29 11:03:55,949 basehttp 29600 18964 "GET /api/vocabulary/words/?favorites=false HTTP/1.1" 200 22
INFO 2025-07-29 11:03:56,019 basehttp 29600 28764 "GET /api/vocabulary/words/?favorites=false HTTP/1.1" 200 22
INFO 2025-07-29 11:03:59,998 basehttp 29600 28764 "OPTIONS /api/vocabulary/query/ HTTP/1.1" 200 0
INFO 2025-07-29 11:04:06,802 basehttp 29600 28764 "POST /api/vocabulary/query/ HTTP/1.1" 200 189
INFO 2025-07-29 11:04:06,881 basehttp 29600 28764 "GET /api/vocabulary/words/?favorites=false HTTP/1.1" 200 377
INFO 2025-07-29 11:04:11,507 basehttp 29600 28764 "GET /api/practice/sets/ HTTP/1.1" 200 342
INFO 2025-07-29 11:04:11,639 basehttp 29600 18964 "GET /api/practice/sets/ HTTP/1.1" 200 342
INFO 2025-07-29 11:04:12,085 basehttp 29600 28764 "GET /api/transcripts/UayIEps9Y70/ HTTP/1.1" 200 13393
INFO 2025-07-29 11:04:12,214 basehttp 29600 18964 "GET /api/transcripts/UayIEps9Y70/ HTTP/1.1" 200 13393
INFO 2025-07-29 11:04:14,176 basehttp 29600 18964 "OPTIONS /api/practice/questions/UayIEps9Y70/novice/ HTTP/1.1" 200 0
INFO 2025-07-29 11:04:14,176 basehttp 29600 28764 "OPTIONS /api/practice/questions/UayIEps9Y70/novice/ HTTP/1.1" 200 0
INFO 2025-07-29 11:04:14,314 basehttp 29600 28764 "GET /api/practice/questions/UayIEps9Y70/novice/ HTTP/1.1" 200 11963
INFO 2025-07-29 11:04:14,440 basehttp 29600 18964 "GET /api/practice/questions/UayIEps9Y70/novice/ HTTP/1.1" 200 11963
INFO 2025-07-29 11:04:24,924 basehttp 29600 18964 "OPTIONS /api/practice/submit/68092dc452664337876efb06/ HTTP/1.1" 200 0
INFO 2025-07-29 11:04:25,114 basehttp 29600 18964 "POST /api/practice/submit/68092dc452664337876efb06/ HTTP/1.1" 200 86
INFO 2025-07-29 11:04:30,977 basehttp 29600 18964 "GET /api/transcripts/ HTTP/1.1" 200 13395
INFO 2025-07-29 11:04:31,104 basehttp 29600 28764 "GET /api/transcripts/ HTTP/1.1" 200 13395
INFO 2025-07-29 11:04:33,038 basehttp 29600 28764 "OPTIONS /api/transcripts/68890beb800e142438782fdf/toggle_favorite/ HTTP/1.1" 200 0
INFO 2025-07-29 11:04:33,171 basehttp 29600 28764 "POST /api/transcripts/68890beb800e142438782fdf/toggle_favorite/ HTTP/1.1" 200 52
INFO 2025-07-29 11:04:34,759 basehttp 29600 28764 "OPTIONS /api/transcripts/?favorite=true HTTP/1.1" 200 0
INFO 2025-07-29 11:04:34,760 basehttp 29600 18964 "OPTIONS /api/transcripts/?favorite=true HTTP/1.1" 200 0
INFO 2025-07-29 11:04:34,893 basehttp 29600 18964 "GET /api/transcripts/?favorite=true HTTP/1.1" 200 13394
INFO 2025-07-29 11:04:35,011 basehttp 29600 28764 "GET /api/transcripts/?favorite=true HTTP/1.1" 200 13394
INFO 2025-07-29 11:04:36,997 basehttp 29600 28764 "GET /api/transcripts/ HTTP/1.1" 200 13394
INFO 2025-07-29 11:04:37,116 basehttp 29600 18964 "GET /api/transcripts/ HTTP/1.1" 200 13394
INFO 2025-07-29 13:35:39,955 autoreload 32388 3684 Watching for file changes with StatReloader
INFO 2025-07-29 13:36:14,531 basehttp 32388 17600 "GET / HTTP/1.1" 200 10623
INFO 2025-07-29 13:36:30,864 basehttp 32388 8352 "OPTIONS /api/trending-words/ HTTP/1.1" 200 0
INFO 2025-07-29 13:36:30,865 basehttp 32388 30432 "OPTIONS /api/trending-words/ HTTP/1.1" 200 0
WARNING 2025-07-29 13:36:30,947 log 32388 30432 Unauthorized: /api/trending-words/
WARNING 2025-07-29 13:36:30,948 basehttp 32388 30432 "GET /api/trending-words/ HTTP/1.1" 401 183
WARNING 2025-07-29 13:36:30,956 log 32388 30432 Unauthorized: /api/trending-words/
WARNING 2025-07-29 13:36:30,957 basehttp 32388 30432 "GET /api/trending-words/ HTTP/1.1" 401 183
INFO 2025-07-29 13:36:31,507 basehttp 32388 30432 "OPTIONS /api/auth/refresh/ HTTP/1.1" 200 0
ERROR 2025-07-29 13:36:32,575 log 32388 30432 Internal Server Error: /api/auth/refresh/
Traceback (most recent call last):
  File "C:\Users\kaler\AppData\Local\Programs\Python\Python39\lib\site-packages\django\db\backends\utils.py", line 89, in _execute
    return self.cursor.execute(sql, params)
  File "C:\Users\kaler\AppData\Local\Programs\Python\Python39\lib\site-packages\django\db\backends\sqlite3\base.py", line 328, in execute
    return super().execute(query, params)
sqlite3.OperationalError: no such table: token_blacklist_blacklistedtoken

The above exception was the direct cause of the following exception:

Traceback (most recent call last):
  File "C:\Users\kaler\AppData\Local\Programs\Python\Python39\lib\site-packages\django\core\handlers\exception.py", line 55, in inner
    response = get_response(request)
  File "C:\Users\kaler\AppData\Local\Programs\Python\Python39\lib\site-packages\django\core\handlers\base.py", line 197, in _get_response
    response = wrapped_callback(request, *callback_args, **callback_kwargs)
  File "C:\Users\kaler\AppData\Local\Programs\Python\Python39\lib\site-packages\django\views\decorators\csrf.py", line 56, in wrapper_view
    return view_func(*args, **kwargs)
  File "C:\Users\kaler\AppData\Local\Programs\Python\Python39\lib\site-packages\django\views\generic\base.py", line 104, in view
    return self.dispatch(request, *args, **kwargs)
  File "C:\Users\kaler\AppData\Local\Programs\Python\Python39\lib\site-packages\rest_framework\views.py", line 509, in dispatch
    response = self.handle_exception(exc)
  File "C:\Users\kaler\AppData\Local\Programs\Python\Python39\lib\site-packages\rest_framework\views.py", line 469, in handle_exception
    self.raise_uncaught_exception(exc)
  File "C:\Users\kaler\AppData\Local\Programs\Python\Python39\lib\site-packages\rest_framework\views.py", line 480, in raise_uncaught_exception
    raise exc
  File "C:\Users\kaler\AppData\Local\Programs\Python\Python39\lib\site-packages\rest_framework\views.py", line 506, in dispatch
    response = handler(request, *args, **kwargs)
  File "C:\Users\kaler\AppData\Local\Programs\Python\Python39\lib\site-packages\rest_framework_simplejwt\views.py", line 44, in post
    serializer.is_valid(raise_exception=True)
  File "C:\Users\kaler\AppData\Local\Programs\Python\Python39\lib\site-packages\rest_framework\serializers.py", line 227, in is_valid
    self._validated_data = self.run_validation(self.initial_data)
  File "C:\Users\kaler\AppData\Local\Programs\Python\Python39\lib\site-packages\rest_framework\serializers.py", line 429, in run_validation
    value = self.validate(value)
  File "C:\Users\kaler\AppData\Local\Programs\Python\Python39\lib\site-packages\rest_framework_simplejwt\serializers.py", line 108, in validate
    refresh = self.token_class(attrs["refresh"])
  File "C:\Users\kaler\AppData\Local\Programs\Python\Python39\lib\site-packages\rest_framework_simplejwt\tokens.py", line 61, in __init__
    self.verify()
  File "C:\Users\kaler\AppData\Local\Programs\Python\Python39\lib\site-packages\rest_framework_simplejwt\tokens.py", line 245, in verify
    self.check_blacklist()
  File "C:\Users\kaler\AppData\Local\Programs\Python\Python39\lib\site-packages\rest_framework_simplejwt\tokens.py", line 256, in check_blacklist
    if BlacklistedToken.objects.filter(token__jti=jti).exists():
  File "C:\Users\kaler\AppData\Local\Programs\Python\Python39\lib\site-packages\django\db\models\query.py", line 1241, in exists
    return self.query.has_results(using=self.db)
  File "C:\Users\kaler\AppData\Local\Programs\Python\Python39\lib\site-packages\django\db\models\sql\query.py", line 598, in has_results
    return compiler.has_results()
  File "C:\Users\kaler\AppData\Local\Programs\Python\Python39\lib\site-packages\django\db\models\sql\compiler.py", line 1530, in has_results
    return bool(self.execute_sql(SINGLE))
  File "C:\Users\kaler\AppData\Local\Programs\Python\Python39\lib\site-packages\django\db\models\sql\compiler.py", line 1562, in execute_sql
    cursor.execute(sql, params)
  File "C:\Users\kaler\AppData\Local\Programs\Python\Python39\lib\site-packages\django\db\backends\utils.py", line 102, in execute
    return super().execute(sql, params)
  File "C:\Users\kaler\AppData\Local\Programs\Python\Python39\lib\site-packages\django\db\backends\utils.py", line 67, in execute
    return self._execute_with_wrappers(
  File "C:\Users\kaler\AppData\Local\Programs\Python\Python39\lib\site-packages\django\db\backends\utils.py", line 80, in _execute_with_wrappers
    return executor(sql, params, many, context)
  File "C:\Users\kaler\AppData\Local\Programs\Python\Python39\lib\site-packages\django\db\backends\utils.py", line 89, in _execute
    return self.cursor.execute(sql, params)
  File "C:\Users\kaler\AppData\Local\Programs\Python\Python39\lib\site-packages\django\db\utils.py", line 91, in __exit__
    raise dj_exc_value.with_traceback(traceback) from exc_value
  File "C:\Users\kaler\AppData\Local\Programs\Python\Python39\lib\site-packages\django\db\backends\utils.py", line 89, in _execute
    return self.cursor.execute(sql, params)
  File "C:\Users\kaler\AppData\Local\Programs\Python\Python39\lib\site-packages\django\db\backends\sqlite3\base.py", line 328, in execute
    return super().execute(query, params)
django.db.utils.OperationalError: no such table: token_blacklist_blacklistedtoken
ERROR 2025-07-29 13:36:32,612 log 32388 8352 Internal Server Error: /api/auth/refresh/
Traceback (most recent call last):
  File "C:\Users\kaler\AppData\Local\Programs\Python\Python39\lib\site-packages\django\db\backends\utils.py", line 89, in _execute
    return self.cursor.execute(sql, params)
  File "C:\Users\kaler\AppData\Local\Programs\Python\Python39\lib\site-packages\django\db\backends\sqlite3\base.py", line 328, in execute
    return super().execute(query, params)
sqlite3.OperationalError: no such table: token_blacklist_blacklistedtoken

The above exception was the direct cause of the following exception:

Traceback (most recent call last):
  File "C:\Users\kaler\AppData\Local\Programs\Python\Python39\lib\site-packages\django\core\handlers\exception.py", line 55, in inner
    response = get_response(request)
  File "C:\Users\kaler\AppData\Local\Programs\Python\Python39\lib\site-packages\django\core\handlers\base.py", line 197, in _get_response
    response = wrapped_callback(request, *callback_args, **callback_kwargs)
  File "C:\Users\kaler\AppData\Local\Programs\Python\Python39\lib\site-packages\django\views\decorators\csrf.py", line 56, in wrapper_view
    return view_func(*args, **kwargs)
  File "C:\Users\kaler\AppData\Local\Programs\Python\Python39\lib\site-packages\django\views\generic\base.py", line 104, in view
    return self.dispatch(request, *args, **kwargs)
  File "C:\Users\kaler\AppData\Local\Programs\Python\Python39\lib\site-packages\rest_framework\views.py", line 509, in dispatch
    response = self.handle_exception(exc)
  File "C:\Users\kaler\AppData\Local\Programs\Python\Python39\lib\site-packages\rest_framework\views.py", line 469, in handle_exception
    self.raise_uncaught_exception(exc)
  File "C:\Users\kaler\AppData\Local\Programs\Python\Python39\lib\site-packages\rest_framework\views.py", line 480, in raise_uncaught_exception
    raise exc
  File "C:\Users\kaler\AppData\Local\Programs\Python\Python39\lib\site-packages\rest_framework\views.py", line 506, in dispatch
    response = handler(request, *args, **kwargs)
  File "C:\Users\kaler\AppData\Local\Programs\Python\Python39\lib\site-packages\rest_framework_simplejwt\views.py", line 44, in post
    serializer.is_valid(raise_exception=True)
  File "C:\Users\kaler\AppData\Local\Programs\Python\Python39\lib\site-packages\rest_framework\serializers.py", line 227, in is_valid
    self._validated_data = self.run_validation(self.initial_data)
  File "C:\Users\kaler\AppData\Local\Programs\Python\Python39\lib\site-packages\rest_framework\serializers.py", line 429, in run_validation
    value = self.validate(value)
  File "C:\Users\kaler\AppData\Local\Programs\Python\Python39\lib\site-packages\rest_framework_simplejwt\serializers.py", line 108, in validate
    refresh = self.token_class(attrs["refresh"])
  File "C:\Users\kaler\AppData\Local\Programs\Python\Python39\lib\site-packages\rest_framework_simplejwt\tokens.py", line 61, in __init__
    self.verify()
  File "C:\Users\kaler\AppData\Local\Programs\Python\Python39\lib\site-packages\rest_framework_simplejwt\tokens.py", line 245, in verify
    self.check_blacklist()
  File "C:\Users\kaler\AppData\Local\Programs\Python\Python39\lib\site-packages\rest_framework_simplejwt\tokens.py", line 256, in check_blacklist
    if BlacklistedToken.objects.filter(token__jti=jti).exists():
  File "C:\Users\kaler\AppData\Local\Programs\Python\Python39\lib\site-packages\django\db\models\query.py", line 1241, in exists
    return self.query.has_results(using=self.db)
  File "C:\Users\kaler\AppData\Local\Programs\Python\Python39\lib\site-packages\django\db\models\sql\query.py", line 598, in has_results
    return compiler.has_results()
  File "C:\Users\kaler\AppData\Local\Programs\Python\Python39\lib\site-packages\django\db\models\sql\compiler.py", line 1530, in has_results
    return bool(self.execute_sql(SINGLE))
  File "C:\Users\kaler\AppData\Local\Programs\Python\Python39\lib\site-packages\django\db\models\sql\compiler.py", line 1562, in execute_sql
    cursor.execute(sql, params)
  File "C:\Users\kaler\AppData\Local\Programs\Python\Python39\lib\site-packages\django\db\backends\utils.py", line 102, in execute
    return super().execute(sql, params)
  File "C:\Users\kaler\AppData\Local\Programs\Python\Python39\lib\site-packages\django\db\backends\utils.py", line 67, in execute
    return self._execute_with_wrappers(
  File "C:\Users\kaler\AppData\Local\Programs\Python\Python39\lib\site-packages\django\db\backends\utils.py", line 80, in _execute_with_wrappers
    return executor(sql, params, many, context)
  File "C:\Users\kaler\AppData\Local\Programs\Python\Python39\lib\site-packages\django\db\backends\utils.py", line 89, in _execute
    return self.cursor.execute(sql, params)
  File "C:\Users\kaler\AppData\Local\Programs\Python\Python39\lib\site-packages\django\db\utils.py", line 91, in __exit__
    raise dj_exc_value.with_traceback(traceback) from exc_value
  File "C:\Users\kaler\AppData\Local\Programs\Python\Python39\lib\site-packages\django\db\backends\utils.py", line 89, in _execute
    return self.cursor.execute(sql, params)
  File "C:\Users\kaler\AppData\Local\Programs\Python\Python39\lib\site-packages\django\db\backends\sqlite3\base.py", line 328, in execute
    return super().execute(query, params)
django.db.utils.OperationalError: no such table: token_blacklist_blacklistedtoken
ERROR 2025-07-29 13:36:32,628 basehttp 32388 30432 "POST /api/auth/refresh/ HTTP/1.1" 500 190322
ERROR 2025-07-29 13:36:32,640 basehttp 32388 8352 "POST /api/auth/refresh/ HTTP/1.1" 500 190322
INFO 2025-07-29 13:37:15,660 basehttp 32388 8352 "OPTIONS /api/auth/login/ HTTP/1.1" 200 0
INFO 2025-07-29 13:37:16,338 basehttp 32388 8352 "POST /api/auth/login/ HTTP/1.1" 200 747
INFO 2025-07-29 13:37:16,583 basehttp 32388 8352 "GET /api/trending-words/ HTTP/1.1" 200 192
INFO 2025-07-29 13:37:16,658 basehttp 32388 30432 "GET /api/trending-words/ HTTP/1.1" 200 192
INFO 2025-07-29 13:37:23,102 basehttp 32388 8352 "OPTIONS /api/transcripts/ HTTP/1.1" 200 0
INFO 2025-07-29 13:37:23,102 basehttp 32388 30432 "OPTIONS /api/transcripts/ HTTP/1.1" 200 0
INFO 2025-07-29 13:37:23,242 basehttp 32388 8352 "GET /api/transcripts/ HTTP/1.1" 200 9383
INFO 2025-07-29 13:37:23,378 basehttp 32388 30432 "GET /api/transcripts/ HTTP/1.1" 200 9383
INFO 2025-07-29 13:37:25,211 basehttp 32388 30432 "GET /api/trending-words/ HTTP/1.1" 200 192
INFO 2025-07-29 13:37:25,280 basehttp 32388 8352 "GET /api/trending-words/ HTTP/1.1" 200 192
INFO 2025-07-29 13:52:46,502 autoreload 32388 3684 C:\Users\kaler\Desktop\hindi-learning-assistant\backend\api\services\mongo_service.py changed, reloading.
INFO 2025-07-29 13:52:52,673 autoreload 13944 25280 Watching for file changes with StatReloader
INFO 2025-07-29 13:53:34,202 autoreload 13944 25280 C:\Users\kaler\Desktop\hindi-learning-assistant\backend\api\services\mongo_service.py changed, reloading.
INFO 2025-07-29 13:53:37,442 autoreload 23008 32184 Watching for file changes with StatReloader
INFO 2025-07-29 13:53:56,179 autoreload 23008 32184 C:\Users\kaler\Desktop\hindi-learning-assistant\backend\api\models.py changed, reloading.
INFO 2025-07-29 13:53:59,559 autoreload 3992 25116 Watching for file changes with StatReloader
INFO 2025-07-29 14:20:19,386 autoreload 29576 31356 Watching for file changes with StatReloader
INFO 2025-07-29 14:20:41,064 basehttp 29576 9640 "GET / HTTP/1.1" 200 10623
INFO 2025-07-29 14:21:53,298 basehttp 29576 6844 "GET /api/curated/videos/ HTTP/1.1" 200 23776
INFO 2025-07-29 14:22:07,606 basehttp 29576 9988 "GET /api/curated/videos/?topic=daily_life HTTP/1.1" 200 13060
INFO 2025-07-29 14:22:30,452 basehttp 29576 19828 "GET /api/curated/videos/?limit=2 HTTP/1.1" 200 2456
INFO 2025-07-29 14:22:48,873 basehttp 29576 22292 "GET /api/curated/videos/dGn9LOdafXA/ HTTP/1.1" 200 1168
INFO 2025-07-29 14:23:07,203 basehttp 29576 9564 "GET /api/curated/topics/ HTTP/1.1" 200 274
INFO 2025-07-29 14:23:31,791 basehttp 29576 32024 "GET /api/curated/videos/ HTTP/1.1" 200 77553
INFO 2025-07-29 14:23:48,142 basehttp 29576 32024 "GET /api/curated/topics HTTP/1.1" 301 0
INFO 2025-07-29 14:23:48,385 basehttp 29576 8600 "GET /api/curated/topics/ HTTP/1.1" 200 11176
INFO 2025-07-29 14:24:02,335 basehttp 29576 8600 "GET /api/curated/videos/dGn9LOdafXA/ HTTP/1.1" 200 13318
WARNING 2025-07-29 14:24:41,350 log 29576 8600 Unauthorized: /api/
WARNING 2025-07-29 14:24:41,352 basehttp 29576 8600 "GET /api/ HTTP/1.1" 401 9907
INFO 2025-07-29 14:25:35,485 autoreload 29576 31356 C:\Users\kaler\Desktop\hindi-learning-assistant\backend\api\views.py changed, reloading.
INFO 2025-07-29 14:25:43,943 autoreload 32100 28212 Watching for file changes with StatReloader
INFO 2025-07-29 14:26:06,225 autoreload 32100 28212 C:\Users\kaler\Desktop\hindi-learning-assistant\backend\api\services\mongo_service.py changed, reloading.
INFO 2025-07-29 14:26:09,839 autoreload 18864 31576 Watching for file changes with StatReloader
INFO 2025-07-29 14:26:18,975 autoreload 18864 31576 C:\Users\kaler\Desktop\hindi-learning-assistant\backend\api\views.py changed, reloading.
INFO 2025-07-29 14:26:22,055 autoreload 31524 25816 Watching for file changes with StatReloader
INFO 2025-07-29 14:26:27,197 basehttp 31524 11484 "GET /api/learning-paths/ HTTP/1.1" 200 12217
INFO 2025-07-29 14:26:49,111 basehttp 31524 11484 "GET /api/learning-paths/?user_level=beginner HTTP/1.1" 200 12341
INFO 2025-07-29 14:27:18,692 basehttp 31524 32044 "GET /api/learning-paths/ HTTP/1.1" 200 769
INFO 2025-07-29 14:27:35,691 basehttp 31524 32044 "GET /api/learning-paths/?user_level=beginner HTTP/1.1" 200 775
INFO 2025-07-29 14:27:49,823 basehttp 31524 32044 "GET /api/learning-paths/?topic=daily_life HTTP/1.1" 200 777
WARNING 2025-07-29 14:28:19,799 log 31524 11484 Not Found: /api/learning-paths/recommended/
WARNING 2025-07-29 14:28:19,805 basehttp 31524 11484 "GET /api/learning-paths/recommended/?user_level=beginner&preferred_topic=daily_life HTTP/1.1" 404 10852
WARNING 2025-07-29 14:29:29,607 log 31524 32044 Not Found: /api/learning-paths/recommended/
WARNING 2025-07-29 14:29:29,609 basehttp 31524 32044 "GET /api/learning-paths/recommended/?user_level=beginner HTTP/1.1" 404 35
WARNING 2025-07-29 14:29:42,420 log 31524 32044 Not Found: /api/learning-paths/recommended/
WARNING 2025-07-29 14:29:42,421 basehttp 31524 32044 "GET /api/learning-paths/recommended/?user_level=beginner HTTP/1.1" 404 35
INFO 2025-07-29 14:30:50,251 basehttp 31524 32044 "GET /api/learning-paths/68893a4f15a42166df7a6516/ HTTP/1.1" 200 2466
INFO 2025-07-29 14:31:01,514 basehttp 31524 32044 "GET /api/learning-paths/68893a4f15a42166df7a6516/ HTTP/1.1" 200 2466
INFO 2025-07-29 14:31:50,839 autoreload 31524 25816 C:\Users\kaler\Desktop\hindi-learning-assistant\backend\api\views.py changed, reloading.
INFO 2025-07-29 14:31:57,670 autoreload 24928 5628 Watching for file changes with StatReloader
INFO 2025-07-29 14:32:11,064 autoreload 24928 5628 C:\Users\kaler\Desktop\hindi-learning-assistant\backend\api\urls.py changed, reloading.
INFO 2025-07-29 14:32:13,847 autoreload 8040 2912 Watching for file changes with StatReloader
INFO 2025-07-29 16:09:59,484 autoreload 28852 8536 Watching for file changes with StatReloader
INFO 2025-07-29 16:11:36,434 basehttp 28852 27316 "OPTIONS /api/trending-words/ HTTP/1.1" 200 0
INFO 2025-07-29 16:11:36,446 basehttp 28852 24612 "OPTIONS /api/trending-words/ HTTP/1.1" 200 0
WARNING 2025-07-29 16:11:36,933 log 28852 24612 Unauthorized: /api/trending-words/
WARNING 2025-07-29 16:11:37,043 log 28852 27316 Unauthorized: /api/trending-words/
WARNING 2025-07-29 16:11:37,084 basehttp 28852 24612 "GET /api/trending-words/ HTTP/1.1" 401 183
WARNING 2025-07-29 16:11:37,086 basehttp 28852 27316 "GET /api/trending-words/ HTTP/1.1" 401 183
INFO 2025-07-29 16:11:37,204 basehttp 28852 24612 "OPTIONS /api/auth/refresh/ HTTP/1.1" 200 0
ERROR 2025-07-29 16:11:37,892 log 28852 27316 Internal Server Error: /api/auth/refresh/
Traceback (most recent call last):
  File "C:\Users\kaler\AppData\Local\Programs\Python\Python39\lib\site-packages\django\db\backends\utils.py", line 89, in _execute
    return self.cursor.execute(sql, params)
  File "C:\Users\kaler\AppData\Local\Programs\Python\Python39\lib\site-packages\django\db\backends\sqlite3\base.py", line 328, in execute
    return super().execute(query, params)
sqlite3.OperationalError: no such table: token_blacklist_blacklistedtoken

The above exception was the direct cause of the following exception:

Traceback (most recent call last):
  File "C:\Users\kaler\AppData\Local\Programs\Python\Python39\lib\site-packages\django\core\handlers\exception.py", line 55, in inner
    response = get_response(request)
  File "C:\Users\kaler\AppData\Local\Programs\Python\Python39\lib\site-packages\django\core\handlers\base.py", line 197, in _get_response
    response = wrapped_callback(request, *callback_args, **callback_kwargs)
  File "C:\Users\kaler\AppData\Local\Programs\Python\Python39\lib\site-packages\django\views\decorators\csrf.py", line 56, in wrapper_view
    return view_func(*args, **kwargs)
  File "C:\Users\kaler\AppData\Local\Programs\Python\Python39\lib\site-packages\django\views\generic\base.py", line 104, in view
    return self.dispatch(request, *args, **kwargs)
  File "C:\Users\kaler\AppData\Local\Programs\Python\Python39\lib\site-packages\rest_framework\views.py", line 509, in dispatch
    response = self.handle_exception(exc)
  File "C:\Users\kaler\AppData\Local\Programs\Python\Python39\lib\site-packages\rest_framework\views.py", line 469, in handle_exception
    self.raise_uncaught_exception(exc)
  File "C:\Users\kaler\AppData\Local\Programs\Python\Python39\lib\site-packages\rest_framework\views.py", line 480, in raise_uncaught_exception
    raise exc
  File "C:\Users\kaler\AppData\Local\Programs\Python\Python39\lib\site-packages\rest_framework\views.py", line 506, in dispatch
    response = handler(request, *args, **kwargs)
  File "C:\Users\kaler\AppData\Local\Programs\Python\Python39\lib\site-packages\rest_framework_simplejwt\views.py", line 44, in post
    serializer.is_valid(raise_exception=True)
  File "C:\Users\kaler\AppData\Local\Programs\Python\Python39\lib\site-packages\rest_framework\serializers.py", line 227, in is_valid
    self._validated_data = self.run_validation(self.initial_data)
  File "C:\Users\kaler\AppData\Local\Programs\Python\Python39\lib\site-packages\rest_framework\serializers.py", line 429, in run_validation
    value = self.validate(value)
  File "C:\Users\kaler\AppData\Local\Programs\Python\Python39\lib\site-packages\rest_framework_simplejwt\serializers.py", line 108, in validate
    refresh = self.token_class(attrs["refresh"])
  File "C:\Users\kaler\AppData\Local\Programs\Python\Python39\lib\site-packages\rest_framework_simplejwt\tokens.py", line 61, in __init__
    self.verify()
  File "C:\Users\kaler\AppData\Local\Programs\Python\Python39\lib\site-packages\rest_framework_simplejwt\tokens.py", line 245, in verify
    self.check_blacklist()
  File "C:\Users\kaler\AppData\Local\Programs\Python\Python39\lib\site-packages\rest_framework_simplejwt\tokens.py", line 256, in check_blacklist
    if BlacklistedToken.objects.filter(token__jti=jti).exists():
  File "C:\Users\kaler\AppData\Local\Programs\Python\Python39\lib\site-packages\django\db\models\query.py", line 1241, in exists
    return self.query.has_results(using=self.db)
  File "C:\Users\kaler\AppData\Local\Programs\Python\Python39\lib\site-packages\django\db\models\sql\query.py", line 598, in has_results
    return compiler.has_results()
  File "C:\Users\kaler\AppData\Local\Programs\Python\Python39\lib\site-packages\django\db\models\sql\compiler.py", line 1530, in has_results
    return bool(self.execute_sql(SINGLE))
  File "C:\Users\kaler\AppData\Local\Programs\Python\Python39\lib\site-packages\django\db\models\sql\compiler.py", line 1562, in execute_sql
    cursor.execute(sql, params)
  File "C:\Users\kaler\AppData\Local\Programs\Python\Python39\lib\site-packages\django\db\backends\utils.py", line 102, in execute
    return super().execute(sql, params)
  File "C:\Users\kaler\AppData\Local\Programs\Python\Python39\lib\site-packages\django\db\backends\utils.py", line 67, in execute
    return self._execute_with_wrappers(
  File "C:\Users\kaler\AppData\Local\Programs\Python\Python39\lib\site-packages\django\db\backends\utils.py", line 80, in _execute_with_wrappers
    return executor(sql, params, many, context)
  File "C:\Users\kaler\AppData\Local\Programs\Python\Python39\lib\site-packages\django\db\backends\utils.py", line 89, in _execute
    return self.cursor.execute(sql, params)
  File "C:\Users\kaler\AppData\Local\Programs\Python\Python39\lib\site-packages\django\db\utils.py", line 91, in __exit__
    raise dj_exc_value.with_traceback(traceback) from exc_value
  File "C:\Users\kaler\AppData\Local\Programs\Python\Python39\lib\site-packages\django\db\backends\utils.py", line 89, in _execute
    return self.cursor.execute(sql, params)
  File "C:\Users\kaler\AppData\Local\Programs\Python\Python39\lib\site-packages\django\db\backends\sqlite3\base.py", line 328, in execute
    return super().execute(query, params)
django.db.utils.OperationalError: no such table: token_blacklist_blacklistedtoken
ERROR 2025-07-29 16:11:37,894 log 28852 24612 Internal Server Error: /api/auth/refresh/
Traceback (most recent call last):
  File "C:\Users\kaler\AppData\Local\Programs\Python\Python39\lib\site-packages\django\db\backends\utils.py", line 89, in _execute
    return self.cursor.execute(sql, params)
  File "C:\Users\kaler\AppData\Local\Programs\Python\Python39\lib\site-packages\django\db\backends\sqlite3\base.py", line 328, in execute
    return super().execute(query, params)
sqlite3.OperationalError: no such table: token_blacklist_blacklistedtoken

The above exception was the direct cause of the following exception:

Traceback (most recent call last):
  File "C:\Users\kaler\AppData\Local\Programs\Python\Python39\lib\site-packages\django\core\handlers\exception.py", line 55, in inner
    response = get_response(request)
  File "C:\Users\kaler\AppData\Local\Programs\Python\Python39\lib\site-packages\django\core\handlers\base.py", line 197, in _get_response
    response = wrapped_callback(request, *callback_args, **callback_kwargs)
  File "C:\Users\kaler\AppData\Local\Programs\Python\Python39\lib\site-packages\django\views\decorators\csrf.py", line 56, in wrapper_view
    return view_func(*args, **kwargs)
  File "C:\Users\kaler\AppData\Local\Programs\Python\Python39\lib\site-packages\django\views\generic\base.py", line 104, in view
    return self.dispatch(request, *args, **kwargs)
  File "C:\Users\kaler\AppData\Local\Programs\Python\Python39\lib\site-packages\rest_framework\views.py", line 509, in dispatch
    response = self.handle_exception(exc)
  File "C:\Users\kaler\AppData\Local\Programs\Python\Python39\lib\site-packages\rest_framework\views.py", line 469, in handle_exception
    self.raise_uncaught_exception(exc)
  File "C:\Users\kaler\AppData\Local\Programs\Python\Python39\lib\site-packages\rest_framework\views.py", line 480, in raise_uncaught_exception
    raise exc
  File "C:\Users\kaler\AppData\Local\Programs\Python\Python39\lib\site-packages\rest_framework\views.py", line 506, in dispatch
    response = handler(request, *args, **kwargs)
  File "C:\Users\kaler\AppData\Local\Programs\Python\Python39\lib\site-packages\rest_framework_simplejwt\views.py", line 44, in post
    serializer.is_valid(raise_exception=True)
  File "C:\Users\kaler\AppData\Local\Programs\Python\Python39\lib\site-packages\rest_framework\serializers.py", line 227, in is_valid
    self._validated_data = self.run_validation(self.initial_data)
  File "C:\Users\kaler\AppData\Local\Programs\Python\Python39\lib\site-packages\rest_framework\serializers.py", line 429, in run_validation
    value = self.validate(value)
  File "C:\Users\kaler\AppData\Local\Programs\Python\Python39\lib\site-packages\rest_framework_simplejwt\serializers.py", line 108, in validate
    refresh = self.token_class(attrs["refresh"])
  File "C:\Users\kaler\AppData\Local\Programs\Python\Python39\lib\site-packages\rest_framework_simplejwt\tokens.py", line 61, in __init__
    self.verify()
  File "C:\Users\kaler\AppData\Local\Programs\Python\Python39\lib\site-packages\rest_framework_simplejwt\tokens.py", line 245, in verify
    self.check_blacklist()
  File "C:\Users\kaler\AppData\Local\Programs\Python\Python39\lib\site-packages\rest_framework_simplejwt\tokens.py", line 256, in check_blacklist
    if BlacklistedToken.objects.filter(token__jti=jti).exists():
  File "C:\Users\kaler\AppData\Local\Programs\Python\Python39\lib\site-packages\django\db\models\query.py", line 1241, in exists
    return self.query.has_results(using=self.db)
  File "C:\Users\kaler\AppData\Local\Programs\Python\Python39\lib\site-packages\django\db\models\sql\query.py", line 598, in has_results
    return compiler.has_results()
  File "C:\Users\kaler\AppData\Local\Programs\Python\Python39\lib\site-packages\django\db\models\sql\compiler.py", line 1530, in has_results
    return bool(self.execute_sql(SINGLE))
  File "C:\Users\kaler\AppData\Local\Programs\Python\Python39\lib\site-packages\django\db\models\sql\compiler.py", line 1562, in execute_sql
    cursor.execute(sql, params)
  File "C:\Users\kaler\AppData\Local\Programs\Python\Python39\lib\site-packages\django\db\backends\utils.py", line 102, in execute
    return super().execute(sql, params)
  File "C:\Users\kaler\AppData\Local\Programs\Python\Python39\lib\site-packages\django\db\backends\utils.py", line 67, in execute
    return self._execute_with_wrappers(
  File "C:\Users\kaler\AppData\Local\Programs\Python\Python39\lib\site-packages\django\db\backends\utils.py", line 80, in _execute_with_wrappers
    return executor(sql, params, many, context)
  File "C:\Users\kaler\AppData\Local\Programs\Python\Python39\lib\site-packages\django\db\backends\utils.py", line 89, in _execute
    return self.cursor.execute(sql, params)
  File "C:\Users\kaler\AppData\Local\Programs\Python\Python39\lib\site-packages\django\db\utils.py", line 91, in __exit__
    raise dj_exc_value.with_traceback(traceback) from exc_value
  File "C:\Users\kaler\AppData\Local\Programs\Python\Python39\lib\site-packages\django\db\backends\utils.py", line 89, in _execute
    return self.cursor.execute(sql, params)
  File "C:\Users\kaler\AppData\Local\Programs\Python\Python39\lib\site-packages\django\db\backends\sqlite3\base.py", line 328, in execute
    return super().execute(query, params)
django.db.utils.OperationalError: no such table: token_blacklist_blacklistedtoken
ERROR 2025-07-29 16:11:37,925 basehttp 28852 27316 "POST /api/auth/refresh/ HTTP/1.1" 500 190393
ERROR 2025-07-29 16:11:37,936 basehttp 28852 24612 "POST /api/auth/refresh/ HTTP/1.1" 500 190393
INFO 2025-07-29 16:11:57,214 basehttp 28852 24612 "OPTIONS /api/auth/login/ HTTP/1.1" 200 0
INFO 2025-07-29 16:11:57,712 basehttp 28852 24612 "POST /api/auth/login/ HTTP/1.1" 200 747
INFO 2025-07-29 16:11:57,944 basehttp 28852 24612 "GET /api/trending-words/ HTTP/1.1" 200 192
INFO 2025-07-29 16:11:58,007 basehttp 28852 27316 "GET /api/trending-words/ HTTP/1.1" 200 192
INFO 2025-07-29 16:12:16,843 basehttp 28852 24612 "OPTIONS /api/curated/topics/ HTTP/1.1" 200 0
INFO 2025-07-29 16:12:16,844 basehttp 28852 23940 "OPTIONS /api/learning-paths/ HTTP/1.1" 200 0
INFO 2025-07-29 16:12:16,844 basehttp 28852 27316 "OPTIONS /api/curated/videos/ HTTP/1.1" 200 0
INFO 2025-07-29 16:12:16,861 basehttp 28852 24612 "OPTIONS /api/learning-paths/recommended/?user_level=beginner HTTP/1.1" 200 0
INFO 2025-07-29 16:12:16,881 basehttp 28852 23940 "OPTIONS /api/curated/topics/ HTTP/1.1" 200 0
INFO 2025-07-29 16:12:16,887 basehttp 28852 27316 "OPTIONS /api/curated/videos/ HTTP/1.1" 200 0
INFO 2025-07-29 16:12:16,891 basehttp 28852 24612 "OPTIONS /api/learning-paths/ HTTP/1.1" 200 0
INFO 2025-07-29 16:12:16,932 basehttp 28852 23940 "OPTIONS /api/learning-paths/recommended/?user_level=beginner HTTP/1.1" 200 0
WARNING 2025-07-29 16:12:17,013 log 28852 24612 Not Found: /api/learning-paths/recommended/
WARNING 2025-07-29 16:12:17,022 basehttp 28852 24612 "GET /api/learning-paths/recommended/?user_level=beginner HTTP/1.1" 404 35
INFO 2025-07-29 16:12:17,099 basehttp 28852 27316 "GET /api/curated/topics/ HTTP/1.1" 200 274
WARNING 2025-07-29 16:12:17,129 log 28852 27316 Not Found: /api/learning-paths/recommended/
WARNING 2025-07-29 16:12:17,130 basehttp 28852 27316 "GET /api/learning-paths/recommended/?user_level=beginner HTTP/1.1" 404 35
INFO 2025-07-29 16:12:17,209 basehttp 28852 27316 "GET /api/curated/topics/ HTTP/1.1" 200 274
WARNING 2025-07-29 16:12:17,298 log 28852 27316 Not Found: /api/learning-paths/recommended/
WARNING 2025-07-29 16:12:17,302 basehttp 28852 27316 "GET /api/learning-paths/recommended/?user_level=beginner HTTP/1.1" 404 35
WARNING 2025-07-29 16:12:17,363 log 28852 27316 Not Found: /api/learning-paths/recommended/
WARNING 2025-07-29 16:12:17,365 basehttp 28852 27316 "GET /api/learning-paths/recommended/?user_level=beginner HTTP/1.1" 404 35
INFO 2025-07-29 16:12:17,443 basehttp 28852 23940 "GET /api/learning-paths/ HTTP/1.1" 200 769
WARNING 2025-07-29 16:12:17,480 log 28852 23940 Not Found: /api/learning-paths/recommended/
WARNING 2025-07-29 16:12:17,487 basehttp 28852 23940 "GET /api/learning-paths/recommended/?user_level=beginner HTTP/1.1" 404 35
INFO 2025-07-29 16:12:17,512 basehttp 28852 27316 "GET /api/learning-paths/ HTTP/1.1" 200 769
INFO 2025-07-29 16:12:17,556 basehttp 28852 24612 "GET /api/curated/videos/ HTTP/1.1" 200 23776
INFO 2025-07-29 16:12:17,614 basehttp 28852 23940 "GET /api/learning-paths/ HTTP/1.1" 200 769
INFO 2025-07-29 16:12:17,660 basehttp 28852 27316 "GET /api/curated/videos/ HTTP/1.1" 200 23776
INFO 2025-07-29 16:12:17,694 basehttp 28852 24612 "GET /api/learning-paths/ HTTP/1.1" 200 769
INFO 2025-07-29 16:12:17,749 basehttp 28852 23940 "GET /api/curated/videos/ HTTP/1.1" 200 23776
INFO 2025-07-29 16:12:17,761 basehttp 28852 27316 "GET /api/learning-paths/ HTTP/1.1" 200 769
WARNING 2025-07-29 16:12:17,872 log 28852 23940 Not Found: /api/learning-paths/recommended/
WARNING 2025-07-29 16:12:17,874 basehttp 28852 23940 "GET /api/learning-paths/recommended/?user_level=beginner HTTP/1.1" 404 35
INFO 2025-07-29 16:12:17,904 basehttp 28852 32372 "GET /api/curated/videos/ HTTP/1.1" 200 23776
INFO 2025-07-29 16:12:17,941 basehttp 28852 27316 "GET /api/learning-paths/ HTTP/1.1" 200 769
INFO 2025-07-29 16:12:17,981 basehttp 28852 23940 "GET /api/curated/videos/ HTTP/1.1" 200 23776
INFO 2025-07-29 16:12:18,073 basehttp 28852 27316 "GET /api/curated/videos/ HTTP/1.1" 200 23776
WARNING 2025-07-29 16:12:18,164 log 28852 32372 Not Found: /api/learning-paths/recommended/
WARNING 2025-07-29 16:12:18,165 basehttp 28852 32372 "GET /api/learning-paths/recommended/?user_level=beginner HTTP/1.1" 404 35
INFO 2025-07-29 16:12:18,229 basehttp 28852 27316 "GET /api/curated/videos/ HTTP/1.1" 200 23776
INFO 2025-07-29 16:12:18,240 basehttp 28852 23940 "GET /api/learning-paths/ HTTP/1.1" 200 769
WARNING 2025-07-29 16:12:18,323 log 28852 32372 Not Found: /api/learning-paths/recommended/
WARNING 2025-07-29 16:12:18,326 basehttp 28852 32372 "GET /api/learning-paths/recommended/?user_level=beginner HTTP/1.1" 404 35
WARNING 2025-07-29 16:12:18,367 log 28852 32372 Not Found: /api/learning-paths/recommended/
INFO 2025-07-29 16:12:18,375 basehttp 28852 23940 "GET /api/curated/videos/ HTTP/1.1" 200 23776
WARNING 2025-07-29 16:12:18,376 basehttp 28852 32372 "GET /api/learning-paths/recommended/?user_level=beginner HTTP/1.1" 404 35
INFO 2025-07-29 16:12:18,377 basehttp 28852 27316 "GET /api/learning-paths/ HTTP/1.1" 200 769
INFO 2025-07-29 16:12:18,463 basehttp 28852 24612 "GET /api/curated/videos/ HTTP/1.1" 200 23776
INFO 2025-07-29 16:12:18,473 basehttp 28852 28440 "GET /api/learning-paths/ HTTP/1.1" 200 769
WARNING 2025-07-29 16:12:18,551 log 28852 32372 Not Found: /api/learning-paths/recommended/
WARNING 2025-07-29 16:12:18,553 basehttp 28852 32372 "GET /api/learning-paths/recommended/?user_level=beginner HTTP/1.1" 404 35
INFO 2025-07-29 16:12:18,596 basehttp 28852 28440 "GET /api/curated/videos/ HTTP/1.1" 200 23776
INFO 2025-07-29 16:12:18,605 basehttp 28852 24612 "GET /api/learning-paths/ HTTP/1.1" 200 769
WARNING 2025-07-29 16:12:18,689 log 28852 32372 Not Found: /api/learning-paths/recommended/
WARNING 2025-07-29 16:12:18,690 basehttp 28852 32372 "GET /api/learning-paths/recommended/?user_level=beginner HTTP/1.1" 404 35
WARNING 2025-07-29 16:12:18,732 log 28852 32372 Not Found: /api/learning-paths/recommended/
WARNING 2025-07-29 16:12:18,733 basehttp 28852 32372 "GET /api/learning-paths/recommended/?user_level=beginner HTTP/1.1" 404 35
WARNING 2025-07-29 16:12:18,755 log 28852 27316 Not Found: /api/learning-paths/recommended/
INFO 2025-07-29 16:12:18,757 basehttp 28852 24612 "GET /api/curated/videos/ HTTP/1.1" 200 23776
INFO 2025-07-29 16:12:18,757 basehttp 28852 28440 "GET /api/learning-paths/ HTTP/1.1" 200 769
WARNING 2025-07-29 16:12:18,758 basehttp 28852 27316 "GET /api/learning-paths/recommended/?user_level=beginner HTTP/1.1" 404 35
INFO 2025-07-29 16:12:18,848 basehttp 28852 24612 "GET /api/learning-paths/ HTTP/1.1" 200 769
INFO 2025-07-29 16:12:18,850 basehttp 28852 32372 "GET /api/curated/videos/ HTTP/1.1" 200 23776
INFO 2025-07-29 16:12:18,932 basehttp 28852 27316 "GET /api/learning-paths/ HTTP/1.1" 200 769
INFO 2025-07-29 16:12:18,936 basehttp 28852 28440 "GET /api/curated/videos/ HTTP/1.1" 200 23776
WARNING 2025-07-29 16:12:19,249 log 28852 32372 Not Found: /api/learning-paths/recommended/
WARNING 2025-07-29 16:12:19,250 basehttp 28852 32372 "GET /api/learning-paths/recommended/?user_level=beginner HTTP/1.1" 404 35
WARNING 2025-07-29 16:12:19,258 log 28852 24612 Not Found: /api/learning-paths/recommended/
WARNING 2025-07-29 16:12:19,261 basehttp 28852 24612 "GET /api/learning-paths/recommended/?user_level=beginner HTTP/1.1" 404 35
WARNING 2025-07-29 16:12:19,267 log 28852 32372 Not Found: /api/learning-paths/recommended/
WARNING 2025-07-29 16:12:19,270 basehttp 28852 32372 "GET /api/learning-paths/recommended/?user_level=beginner HTTP/1.1" 404 35
WARNING 2025-07-29 16:12:19,279 log 28852 23940 Not Found: /api/learning-paths/recommended/
WARNING 2025-07-29 16:12:19,282 basehttp 28852 23940 "GET /api/learning-paths/recommended/?user_level=beginner HTTP/1.1" 404 35
INFO 2025-07-29 16:12:19,315 basehttp 28852 28440 "GET /api/learning-paths/ HTTP/1.1" 200 769
INFO 2025-07-29 16:12:19,318 basehttp 28852 27316 "GET /api/curated/videos/ HTTP/1.1" 200 23776
INFO 2025-07-29 16:12:19,397 basehttp 28852 5948 "GET /api/learning-paths/ HTTP/1.1" 200 769
INFO 2025-07-29 16:12:20,281 basehttp 28852 23940 "GET /api/learning-paths/ HTTP/1.1" 200 769
INFO 2025-07-29 16:12:20,288 basehttp 28852 32372 "GET /api/learning-paths/ HTTP/1.1" 200 769
INFO 2025-07-29 16:12:20,335 basehttp 28852 24612 "GET /api/curated/videos/ HTTP/1.1" 200 23776
INFO 2025-07-29 16:12:20,490 basehttp 28852 5948 "GET /api/curated/videos/ HTTP/1.1" 200 23776
INFO 2025-07-29 16:12:20,566 basehttp 28852 27316 "GET /api/curated/videos/ HTTP/1.1" 200 23776
WARNING 2025-07-29 16:12:21,569 log 28852 24612 Not Found: /api/learning-paths/recommended/
WARNING 2025-07-29 16:12:21,571 basehttp 28852 24612 "GET /api/learning-paths/recommended/?user_level=beginner HTTP/1.1" 404 35
WARNING 2025-07-29 16:12:21,580 log 28852 32372 Not Found: /api/learning-paths/recommended/
WARNING 2025-07-29 16:12:21,584 basehttp 28852 32372 "GET /api/learning-paths/recommended/?user_level=beginner HTTP/1.1" 404 35
INFO 2025-07-29 16:12:21,622 basehttp 28852 27316 "GET /api/learning-paths/ HTTP/1.1" 200 769
INFO 2025-07-29 16:12:21,656 basehttp 28852 5948 "GET /api/curated/videos/ HTTP/1.1" 200 23776
INFO 2025-07-29 16:12:21,709 basehttp 28852 23940 "GET /api/learning-paths/ HTTP/1.1" 200 769
INFO 2025-07-29 16:12:21,736 basehttp 28852 28440 "GET /api/curated/videos/ HTTP/1.1" 200 23776
WARNING 2025-07-29 16:12:21,793 log 28852 28440 Not Found: /api/learning-paths/recommended/
WARNING 2025-07-29 16:12:21,797 basehttp 28852 28440 "GET /api/learning-paths/recommended/?user_level=beginner HTTP/1.1" 404 35
INFO 2025-07-29 16:12:21,811 basehttp 28852 5948 "GET /api/curated/videos/ HTTP/1.1" 200 23776
WARNING 2025-07-29 16:12:21,814 log 28852 27316 Not Found: /api/learning-paths/recommended/
WARNING 2025-07-29 16:12:21,827 basehttp 28852 27316 "GET /api/learning-paths/recommended/?user_level=beginner HTTP/1.1" 404 35
WARNING 2025-07-29 16:12:21,845 log 28852 5948 Not Found: /api/learning-paths/recommended/
WARNING 2025-07-29 16:12:21,850 basehttp 28852 5948 "GET /api/learning-paths/recommended/?user_level=beginner HTTP/1.1" 404 35
INFO 2025-07-29 16:12:21,855 basehttp 28852 23940 "GET /api/learning-paths/ HTTP/1.1" 200 769
WARNING 2025-07-29 16:12:21,869 log 28852 27316 Not Found: /api/learning-paths/recommended/
WARNING 2025-07-29 16:12:21,871 basehttp 28852 27316 "GET /api/learning-paths/recommended/?user_level=beginner HTTP/1.1" 404 35
WARNING 2025-07-29 16:12:21,891 log 28852 23940 Not Found: /api/learning-paths/recommended/
INFO 2025-07-29 16:12:21,892 basehttp 28852 28440 "GET /api/curated/videos/ HTTP/1.1" 200 23776
WARNING 2025-07-29 16:12:21,894 basehttp 28852 23940 "GET /api/learning-paths/recommended/?user_level=beginner HTTP/1.1" 404 35
WARNING 2025-07-29 16:12:21,917 log 28852 32372 Not Found: /api/learning-paths/recommended/
WARNING 2025-07-29 16:12:21,925 basehttp 28852 32372 "GET /api/learning-paths/recommended/?user_level=beginner HTTP/1.1" 404 35
INFO 2025-07-29 16:12:21,931 basehttp 28852 5948 "GET /api/learning-paths/ HTTP/1.1" 200 769
INFO 2025-07-29 16:12:21,971 basehttp 28852 27316 "GET /api/curated/videos/ HTTP/1.1" 200 23776
WARNING 2025-07-29 16:12:22,000 log 28852 5948 Not Found: /api/learning-paths/recommended/
WARNING 2025-07-29 16:12:22,003 basehttp 28852 5948 "GET /api/learning-paths/recommended/?user_level=beginner HTTP/1.1" 404 35
INFO 2025-07-29 16:12:22,014 basehttp 28852 28440 "GET /api/learning-paths/ HTTP/1.1" 200 769
WARNING 2025-07-29 16:12:22,031 log 28852 27316 Not Found: /api/learning-paths/recommended/
WARNING 2025-07-29 16:12:22,042 basehttp 28852 27316 "GET /api/learning-paths/recommended/?user_level=beginner HTTP/1.1" 404 35
INFO 2025-07-29 16:12:22,050 basehttp 28852 32372 "GET /api/curated/videos/ HTTP/1.1" 200 23776
WARNING 2025-07-29 16:12:22,074 log 28852 28440 Not Found: /api/learning-paths/recommended/
WARNING 2025-07-29 16:12:22,077 basehttp 28852 28440 "GET /api/learning-paths/recommended/?user_level=beginner HTTP/1.1" 404 35
WARNING 2025-07-29 16:12:22,088 log 28852 32372 Not Found: /api/learning-paths/recommended/
WARNING 2025-07-29 16:12:22,090 basehttp 28852 32372 "GET /api/learning-paths/recommended/?user_level=beginner HTTP/1.1" 404 35
WARNING 2025-07-29 16:12:22,098 log 28852 28440 Not Found: /api/learning-paths/recommended/
INFO 2025-07-29 16:12:22,100 basehttp 28852 5948 "GET /api/learning-paths/ HTTP/1.1" 200 769
WARNING 2025-07-29 16:12:22,103 basehttp 28852 28440 "GET /api/learning-paths/recommended/?user_level=beginner HTTP/1.1" 404 35
WARNING 2025-07-29 16:12:22,123 log 28852 28440 Not Found: /api/learning-paths/recommended/
WARNING 2025-07-29 16:12:22,126 basehttp 28852 28440 "GET /api/learning-paths/recommended/?user_level=beginner HTTP/1.1" 404 35
INFO 2025-07-29 16:12:22,140 basehttp 28852 27316 "GET /api/curated/videos/ HTTP/1.1" 200 23776
WARNING 2025-07-29 16:12:22,152 log 28852 5948 Not Found: /api/learning-paths/recommended/
WARNING 2025-07-29 16:12:22,155 basehttp 28852 5948 "GET /api/learning-paths/recommended/?user_level=beginner HTTP/1.1" 404 35
WARNING 2025-07-29 16:12:22,163 log 28852 27316 Not Found: /api/learning-paths/recommended/
WARNING 2025-07-29 16:12:22,165 basehttp 28852 27316 "GET /api/learning-paths/recommended/?user_level=beginner HTTP/1.1" 404 35
WARNING 2025-07-29 16:12:22,173 log 28852 5948 Not Found: /api/learning-paths/recommended/
WARNING 2025-07-29 16:12:22,175 basehttp 28852 5948 "GET /api/learning-paths/recommended/?user_level=beginner HTTP/1.1" 404 35
WARNING 2025-07-29 16:12:22,189 log 28852 27316 Not Found: /api/learning-paths/recommended/
INFO 2025-07-29 16:12:22,190 basehttp 28852 32372 "GET /api/learning-paths/ HTTP/1.1" 200 769
WARNING 2025-07-29 16:12:22,196 basehttp 28852 27316 "GET /api/learning-paths/recommended/?user_level=beginner HTTP/1.1" 404 35
WARNING 2025-07-29 16:12:22,204 log 28852 32372 Not Found: /api/learning-paths/recommended/
WARNING 2025-07-29 16:12:22,207 basehttp 28852 32372 "GET /api/learning-paths/recommended/?user_level=beginner HTTP/1.1" 404 35
INFO 2025-07-29 16:12:22,218 basehttp 28852 23940 "GET /api/curated/videos/ HTTP/1.1" 200 23776
WARNING 2025-07-29 16:12:22,226 log 28852 27316 Not Found: /api/learning-paths/recommended/
WARNING 2025-07-29 16:12:22,244 basehttp 28852 27316 "GET /api/learning-paths/recommended/?user_level=beginner HTTP/1.1" 404 35
INFO 2025-07-29 16:12:22,259 basehttp 28852 5948 "GET /api/learning-paths/ HTTP/1.1" 200 769
WARNING 2025-07-29 16:12:22,261 log 28852 23940 Not Found: /api/learning-paths/recommended/
WARNING 2025-07-29 16:12:22,277 basehttp 28852 23940 "GET /api/learning-paths/recommended/?user_level=beginner HTTP/1.1" 404 35
WARNING 2025-07-29 16:12:22,293 log 28852 5948 Not Found: /api/learning-paths/recommended/
WARNING 2025-07-29 16:12:22,295 basehttp 28852 5948 "GET /api/learning-paths/recommended/?user_level=beginner HTTP/1.1" 404 35
INFO 2025-07-29 16:12:22,310 basehttp 28852 32372 "GET /api/curated/videos/ HTTP/1.1" 200 23776
WARNING 2025-07-29 16:12:22,316 log 28852 23940 Not Found: /api/learning-paths/recommended/
WARNING 2025-07-29 16:12:22,324 basehttp 28852 23940 "GET /api/learning-paths/recommended/?user_level=beginner HTTP/1.1" 404 35
INFO 2025-07-29 16:12:22,341 basehttp 28852 27316 "GET /api/learning-paths/ HTTP/1.1" 200 769
WARNING 2025-07-29 16:12:22,359 log 28852 32372 Not Found: /api/learning-paths/recommended/
WARNING 2025-07-29 16:12:22,363 basehttp 28852 32372 "GET /api/learning-paths/recommended/?user_level=beginner HTTP/1.1" 404 35
WARNING 2025-07-29 16:12:22,381 log 28852 27316 Not Found: /api/learning-paths/recommended/
WARNING 2025-07-29 16:12:22,392 basehttp 28852 27316 "GET /api/learning-paths/recommended/?user_level=beginner HTTP/1.1" 404 35
INFO 2025-07-29 16:12:22,393 basehttp 28852 5948 "GET /api/curated/videos/ HTTP/1.1" 200 23776
INFO 2025-07-29 16:12:22,423 basehttp 28852 23940 "GET /api/learning-paths/ HTTP/1.1" 200 769
WARNING 2025-07-29 16:12:22,424 log 28852 28440 Not Found: /api/learning-paths/recommended/
WARNING 2025-07-29 16:12:22,433 basehttp 28852 28440 "GET /api/learning-paths/recommended/?user_level=beginner HTTP/1.1" 404 35
WARNING 2025-07-29 16:12:22,444 log 28852 23940 Not Found: /api/learning-paths/recommended/
WARNING 2025-07-29 16:12:22,446 basehttp 28852 23940 "GET /api/learning-paths/recommended/?user_level=beginner HTTP/1.1" 404 35
WARNING 2025-07-29 16:12:22,460 log 28852 28440 Not Found: /api/learning-paths/recommended/
WARNING 2025-07-29 16:12:22,471 basehttp 28852 28440 "GET /api/learning-paths/recommended/?user_level=beginner HTTP/1.1" 404 35
INFO 2025-07-29 16:12:22,495 basehttp 28852 32372 "GET /api/curated/videos/ HTTP/1.1" 200 23776
INFO 2025-07-29 16:12:22,500 basehttp 28852 5948 "GET /api/learning-paths/ HTTP/1.1" 200 769
WARNING 2025-07-29 16:12:22,504 log 28852 23940 Not Found: /api/learning-paths/recommended/
WARNING 2025-07-29 16:12:22,548 basehttp 28852 23940 "GET /api/learning-paths/recommended/?user_level=beginner HTTP/1.1" 404 35
WARNING 2025-07-29 16:12:22,581 log 28852 32372 Not Found: /api/learning-paths/recommended/
WARNING 2025-07-29 16:12:22,586 basehttp 28852 32372 "GET /api/learning-paths/recommended/?user_level=beginner HTTP/1.1" 404 35
INFO 2025-07-29 16:12:22,607 basehttp 28852 27316 "GET /api/learning-paths/ HTTP/1.1" 200 769
WARNING 2025-07-29 16:12:22,631 log 28852 23940 Not Found: /api/learning-paths/recommended/
INFO 2025-07-29 16:12:22,664 basehttp 28852 28440 "GET /api/curated/videos/ HTTP/1.1" 200 23776
WARNING 2025-07-29 16:12:22,673 basehttp 28852 23940 "GET /api/learning-paths/recommended/?user_level=beginner HTTP/1.1" 404 35
INFO 2025-07-29 16:12:22,726 basehttp 28852 32372 "GET /api/learning-paths/ HTTP/1.1" 200 769
WARNING 2025-07-29 16:12:22,745 log 28852 28440 Not Found: /api/learning-paths/recommended/
INFO 2025-07-29 16:12:22,779 basehttp 28852 27316 "GET /api/curated/videos/ HTTP/1.1" 200 23776
WARNING 2025-07-29 16:12:22,787 basehttp 28852 28440 "GET /api/learning-paths/recommended/?user_level=beginner HTTP/1.1" 404 35
INFO 2025-07-29 16:12:22,839 basehttp 28852 23940 "GET /api/learning-paths/ HTTP/1.1" 200 769
WARNING 2025-07-29 16:12:22,841 log 28852 5948 Not Found: /api/learning-paths/recommended/
WARNING 2025-07-29 16:12:22,866 basehttp 28852 5948 "GET /api/learning-paths/recommended/?user_level=beginner HTTP/1.1" 404 35
INFO 2025-07-29 16:12:22,909 basehttp 28852 32372 "GET /api/curated/videos/ HTTP/1.1" 200 23776
INFO 2025-07-29 16:12:22,923 basehttp 28852 27316 "GET /api/learning-paths/ HTTP/1.1" 200 769
WARNING 2025-07-29 16:12:22,946 log 28852 23940 Not Found: /api/learning-paths/recommended/
WARNING 2025-07-29 16:12:22,961 basehttp 28852 23940 "GET /api/learning-paths/recommended/?user_level=beginner HTTP/1.1" 404 35
INFO 2025-07-29 16:12:23,014 basehttp 28852 5948 "GET /api/curated/videos/ HTTP/1.1" 200 23776
INFO 2025-07-29 16:12:23,025 basehttp 28852 27316 "GET /api/learning-paths/ HTTP/1.1" 200 769
INFO 2025-07-29 16:12:23,331 basehttp 28852 28440 "GET /api/learning-paths/ HTTP/1.1" 200 769
INFO 2025-07-29 16:12:23,332 basehttp 28852 23940 "GET /api/curated/videos/ HTTP/1.1" 200 23776
WARNING 2025-07-29 16:12:23,353 log 28852 32372 Not Found: /api/learning-paths/recommended/
WARNING 2025-07-29 16:12:23,396 basehttp 28852 32372 "GET /api/learning-paths/recommended/?user_level=beginner HTTP/1.1" 404 35
WARNING 2025-07-29 16:12:23,411 log 28852 23940 Not Found: /api/learning-paths/recommended/
WARNING 2025-07-29 16:12:23,413 basehttp 28852 23940 "GET /api/learning-paths/recommended/?user_level=beginner HTTP/1.1" 404 35
INFO 2025-07-29 16:12:23,446 basehttp 28852 28440 "GET /api/curated/videos/ HTTP/1.1" 200 23776
INFO 2025-07-29 16:12:23,452 basehttp 28852 5948 "GET /api/learning-paths/ HTTP/1.1" 200 769
WARNING 2025-07-29 16:12:23,588 log 28852 24612 Not Found: /api/learning-paths/recommended/
WARNING 2025-07-29 16:12:23,639 basehttp 28852 24612 "GET /api/learning-paths/recommended/?user_level=beginner HTTP/1.1" 404 35
WARNING 2025-07-29 16:12:23,693 log 28852 28440 Not Found: /api/learning-paths/recommended/
WARNING 2025-07-29 16:12:23,700 basehttp 28852 28440 "GET /api/learning-paths/recommended/?user_level=beginner HTTP/1.1" 404 35
WARNING 2025-07-29 16:12:23,723 log 28852 23940 Not Found: /api/learning-paths/recommended/
WARNING 2025-07-29 16:12:23,779 log 28852 32372 Not Found: /api/learning-paths/recommended/
WARNING 2025-07-29 16:12:23,781 log 28852 5948 Not Found: /api/learning-paths/recommended/
WARNING 2025-07-29 16:12:23,793 basehttp 28852 23940 "GET /api/learning-paths/recommended/?user_level=beginner HTTP/1.1" 404 35
WARNING 2025-07-29 16:12:23,788 log 28852 27316 Not Found: /api/learning-paths/recommended/
WARNING 2025-07-29 16:12:23,812 basehttp 28852 32372 "GET /api/learning-paths/recommended/?user_level=beginner HTTP/1.1" 404 35
WARNING 2025-07-29 16:12:23,856 basehttp 28852 5948 "GET /api/learning-paths/recommended/?user_level=beginner HTTP/1.1" 404 35
WARNING 2025-07-29 16:12:23,900 basehttp 28852 27316 "GET /api/learning-paths/recommended/?user_level=beginner HTTP/1.1" 404 35
WARNING 2025-07-29 16:12:23,932 log 28852 24612 Not Found: /api/learning-paths/recommended/
WARNING 2025-07-29 16:12:23,977 log 28852 23940 Not Found: /api/learning-paths/recommended/
WARNING 2025-07-29 16:12:23,980 basehttp 28852 24612 "GET /api/learning-paths/recommended/?user_level=beginner HTTP/1.1" 404 35
WARNING 2025-07-29 16:12:23,997 basehttp 28852 23940 "GET /api/learning-paths/recommended/?user_level=beginner HTTP/1.1" 404 35
WARNING 2025-07-29 16:12:24,012 log 28852 28440 Not Found: /api/learning-paths/recommended/
WARNING 2025-07-29 16:12:24,091 basehttp 28852 28440 "GET /api/learning-paths/recommended/?user_level=beginner HTTP/1.1" 404 35
WARNING 2025-07-29 16:12:24,150 log 28852 24612 Not Found: /api/learning-paths/recommended/
WARNING 2025-07-29 16:12:24,158 log 28852 27316 Not Found: /api/learning-paths/recommended/
WARNING 2025-07-29 16:12:24,163 log 28852 5948 Not Found: /api/learning-paths/recommended/
WARNING 2025-07-29 16:12:24,167 log 28852 32372 Not Found: /api/learning-paths/recommended/
WARNING 2025-07-29 16:12:24,170 basehttp 28852 24612 "GET /api/learning-paths/recommended/?user_level=beginner HTTP/1.1" 404 35
WARNING 2025-07-29 16:12:24,184 basehttp 28852 27316 "GET /api/learning-paths/recommended/?user_level=beginner HTTP/1.1" 404 35
WARNING 2025-07-29 16:12:24,221 basehttp 28852 5948 "GET /api/learning-paths/recommended/?user_level=beginner HTTP/1.1" 404 35
WARNING 2025-07-29 16:12:24,242 log 28852 23940 Not Found: /api/learning-paths/recommended/
WARNING 2025-07-29 16:12:24,254 log 28852 28440 Not Found: /api/learning-paths/recommended/
WARNING 2025-07-29 16:12:24,256 basehttp 28852 32372 "GET /api/learning-paths/recommended/?user_level=beginner HTTP/1.1" 404 35
WARNING 2025-07-29 16:12:24,355 basehttp 28852 23940 "GET /api/learning-paths/recommended/?user_level=beginner HTTP/1.1" 404 35
WARNING 2025-07-29 16:12:24,390 log 28852 27316 Not Found: /api/learning-paths/recommended/
WARNING 2025-07-29 16:12:24,394 basehttp 28852 28440 "GET /api/learning-paths/recommended/?user_level=beginner HTTP/1.1" 404 35
WARNING 2025-07-29 16:12:24,440 log 28852 24612 Not Found: /api/learning-paths/recommended/
WARNING 2025-07-29 16:12:24,442 log 28852 5948 Not Found: /api/learning-paths/recommended/
WARNING 2025-07-29 16:12:24,474 log 28852 32372 Not Found: /api/learning-paths/recommended/
WARNING 2025-07-29 16:12:24,527 basehttp 28852 27316 "GET /api/learning-paths/recommended/?user_level=beginner HTTP/1.1" 404 35
WARNING 2025-07-29 16:12:24,561 basehttp 28852 24612 "GET /api/learning-paths/recommended/?user_level=beginner HTTP/1.1" 404 35
WARNING 2025-07-29 16:12:24,594 basehttp 28852 5948 "GET /api/learning-paths/recommended/?user_level=beginner HTTP/1.1" 404 35
WARNING 2025-07-29 16:12:24,609 log 28852 28440 Not Found: /api/learning-paths/recommended/
WARNING 2025-07-29 16:12:24,625 basehttp 28852 32372 "GET /api/learning-paths/recommended/?user_level=beginner HTTP/1.1" 404 35
WARNING 2025-07-29 16:12:24,650 log 28852 23940 Not Found: /api/learning-paths/recommended/
WARNING 2025-07-29 16:12:24,679 log 28852 27316 Not Found: /api/learning-paths/recommended/
WARNING 2025-07-29 16:12:24,694 basehttp 28852 28440 "GET /api/learning-paths/recommended/?user_level=beginner HTTP/1.1" 404 35
WARNING 2025-07-29 16:12:24,704 log 28852 24612 Not Found: /api/learning-paths/recommended/
WARNING 2025-07-29 16:12:24,726 basehttp 28852 23940 "GET /api/learning-paths/recommended/?user_level=beginner HTTP/1.1" 404 35
WARNING 2025-07-29 16:12:24,738 log 28852 5948 Not Found: /api/learning-paths/recommended/
WARNING 2025-07-29 16:12:24,764 log 28852 32372 Not Found: /api/learning-paths/recommended/
WARNING 2025-07-29 16:12:24,773 basehttp 28852 27316 "GET /api/learning-paths/recommended/?user_level=beginner HTTP/1.1" 404 35
WARNING 2025-07-29 16:12:24,805 log 28852 28440 Not Found: /api/learning-paths/recommended/
WARNING 2025-07-29 16:12:24,811 basehttp 28852 24612 "GET /api/learning-paths/recommended/?user_level=beginner HTTP/1.1" 404 35
WARNING 2025-07-29 16:12:24,839 basehttp 28852 5948 "GET /api/learning-paths/recommended/?user_level=beginner HTTP/1.1" 404 35
WARNING 2025-07-29 16:12:24,845 basehttp 28852 32372 "GET /api/learning-paths/recommended/?user_level=beginner HTTP/1.1" 404 35
WARNING 2025-07-29 16:12:24,879 log 28852 23940 Not Found: /api/learning-paths/recommended/
WARNING 2025-07-29 16:12:24,883 basehttp 28852 28440 "GET /api/learning-paths/recommended/?user_level=beginner HTTP/1.1" 404 35
WARNING 2025-07-29 16:12:24,890 log 28852 27316 Not Found: /api/learning-paths/recommended/
WARNING 2025-07-29 16:12:24,944 log 28852 24612 Not Found: /api/learning-paths/recommended/
WARNING 2025-07-29 16:12:24,958 log 28852 5948 Not Found: /api/learning-paths/recommended/
WARNING 2025-07-29 16:12:24,961 basehttp 28852 23940 "GET /api/learning-paths/recommended/?user_level=beginner HTTP/1.1" 404 35
WARNING 2025-07-29 16:12:24,965 basehttp 28852 24612 "GET /api/learning-paths/recommended/?user_level=beginner HTTP/1.1" 404 35
WARNING 2025-07-29 16:12:24,962 basehttp 28852 27316 "GET /api/learning-paths/recommended/?user_level=beginner HTTP/1.1" 404 35
WARNING 2025-07-29 16:12:24,998 basehttp 28852 5948 "GET /api/learning-paths/recommended/?user_level=beginner HTTP/1.1" 404 35
WARNING 2025-07-29 16:12:25,057 log 28852 32372 Not Found: /api/learning-paths/recommended/
WARNING 2025-07-29 16:12:25,112 log 28852 23940 Not Found: /api/learning-paths/recommended/
WARNING 2025-07-29 16:12:25,126 basehttp 28852 32372 "GET /api/learning-paths/recommended/?user_level=beginner HTTP/1.1" 404 35
WARNING 2025-07-29 16:12:25,134 basehttp 28852 23940 "GET /api/learning-paths/recommended/?user_level=beginner HTTP/1.1" 404 35
WARNING 2025-07-29 16:12:25,181 log 28852 27316 Not Found: /api/learning-paths/recommended/
WARNING 2025-07-29 16:12:25,205 log 28852 5948 Not Found: /api/learning-paths/recommended/
WARNING 2025-07-29 16:12:25,211 basehttp 28852 27316 "GET /api/learning-paths/recommended/?user_level=beginner HTTP/1.1" 404 35
WARNING 2025-07-29 16:12:25,233 basehttp 28852 5948 "GET /api/learning-paths/recommended/?user_level=beginner HTTP/1.1" 404 35
WARNING 2025-07-29 16:12:25,296 log 28852 23940 Not Found: /api/learning-paths/recommended/
WARNING 2025-07-29 16:12:25,300 log 28852 28440 Not Found: /api/learning-paths/recommended/
WARNING 2025-07-29 16:12:25,305 log 28852 24612 Not Found: /api/learning-paths/recommended/
WARNING 2025-07-29 16:12:25,307 log 28852 32372 Not Found: /api/learning-paths/recommended/
WARNING 2025-07-29 16:12:25,313 basehttp 28852 23940 "GET /api/learning-paths/recommended/?user_level=beginner HTTP/1.1" 404 35
WARNING 2025-07-29 16:12:25,314 basehttp 28852 28440 "GET /api/learning-paths/recommended/?user_level=beginner HTTP/1.1" 404 35
WARNING 2025-07-29 16:12:25,319 log 28852 27316 Not Found: /api/learning-paths/recommended/
WARNING 2025-07-29 16:12:25,327 basehttp 28852 24612 "GET /api/learning-paths/recommended/?user_level=beginner HTTP/1.1" 404 35
WARNING 2025-07-29 16:12:25,349 basehttp 28852 32372 "GET /api/learning-paths/recommended/?user_level=beginner HTTP/1.1" 404 35
WARNING 2025-07-29 16:12:25,392 basehttp 28852 27316 "GET /api/learning-paths/recommended/?user_level=beginner HTTP/1.1" 404 35
INFO 2025-07-29 16:12:25,440 basehttp 28852 5948 "GET /api/curated/videos/ HTTP/1.1" 200 23776
WARNING 2025-07-29 16:12:25,447 log 28852 32372 Not Found: /api/learning-paths/recommended/
INFO 2025-07-29 16:12:25,447 basehttp 28852 23940 "GET /api/learning-paths/ HTTP/1.1" 200 769
WARNING 2025-07-29 16:12:25,507 basehttp 28852 32372 "GET /api/learning-paths/recommended/?user_level=beginner HTTP/1.1" 404 35
WARNING 2025-07-29 16:12:25,529 log 28852 23940 Not Found: /api/learning-paths/recommended/
WARNING 2025-07-29 16:12:25,541 basehttp 28852 23940 "GET /api/learning-paths/recommended/?user_level=beginner HTTP/1.1" 404 35
WARNING 2025-07-29 16:12:25,571 log 28852 32372 Not Found: /api/learning-paths/recommended/
INFO 2025-07-29 16:12:25,609 basehttp 28852 5948 "GET /api/learning-paths/ HTTP/1.1" 200 769
INFO 2025-07-29 16:12:25,612 basehttp 28852 27316 "GET /api/curated/videos/ HTTP/1.1" 200 23776
WARNING 2025-07-29 16:12:25,614 basehttp 28852 32372 "GET /api/learning-paths/recommended/?user_level=beginner HTTP/1.1" 404 35
WARNING 2025-07-29 16:12:25,667 log 28852 27316 Not Found: /api/learning-paths/recommended/
WARNING 2025-07-29 16:12:25,681 basehttp 28852 27316 "GET /api/learning-paths/recommended/?user_level=beginner HTTP/1.1" 404 35
WARNING 2025-07-29 16:12:25,711 log 28852 32372 Not Found: /api/learning-paths/recommended/
INFO 2025-07-29 16:12:25,713 basehttp 28852 23940 "GET /api/learning-paths/ HTTP/1.1" 200 769
WARNING 2025-07-29 16:12:25,716 basehttp 28852 32372 "GET /api/learning-paths/recommended/?user_level=beginner HTTP/1.1" 404 35
INFO 2025-07-29 16:12:25,732 basehttp 28852 5948 "GET /api/curated/videos/ HTTP/1.1" 200 23776
WARNING 2025-07-29 16:12:25,820 log 28852 24612 Not Found: /api/learning-paths/recommended/
WARNING 2025-07-29 16:12:25,826 basehttp 28852 24612 "GET /api/learning-paths/recommended/?user_level=beginner HTTP/1.1" 404 35
INFO 2025-07-29 16:12:25,842 basehttp 28852 27316 "GET /api/learning-paths/ HTTP/1.1" 200 769
WARNING 2025-07-29 16:12:25,852 log 28852 5948 Not Found: /api/learning-paths/recommended/
WARNING 2025-07-29 16:12:25,874 basehttp 28852 5948 "GET /api/learning-paths/recommended/?user_level=beginner HTTP/1.1" 404 35
INFO 2025-07-29 16:12:25,875 basehttp 28852 28440 "GET /api/curated/videos/ HTTP/1.1" 200 23776
WARNING 2025-07-29 16:12:25,902 log 28852 27316 Not Found: /api/learning-paths/recommended/
WARNING 2025-07-29 16:12:25,910 basehttp 28852 27316 "GET /api/learning-paths/recommended/?user_level=beginner HTTP/1.1" 404 35
WARNING 2025-07-29 16:12:25,929 log 28852 28440 Not Found: /api/learning-paths/recommended/
INFO 2025-07-29 16:12:25,936 basehttp 28852 24612 "GET /api/learning-paths/ HTTP/1.1" 200 769
WARNING 2025-07-29 16:12:25,937 basehttp 28852 28440 "GET /api/learning-paths/recommended/?user_level=beginner HTTP/1.1" 404 35
WARNING 2025-07-29 16:12:25,974 log 28852 5948 Not Found: /api/learning-paths/recommended/
INFO 2025-07-29 16:12:25,976 basehttp 28852 32372 "GET /api/curated/videos/ HTTP/1.1" 200 23776
WARNING 2025-07-29 16:12:25,978 basehttp 28852 5948 "GET /api/learning-paths/recommended/?user_level=beginner HTTP/1.1" 404 35
WARNING 2025-07-29 16:12:26,020 log 28852 32372 Not Found: /api/learning-paths/recommended/
INFO 2025-07-29 16:12:26,021 basehttp 28852 27316 "GET /api/learning-paths/ HTTP/1.1" 200 769
WARNING 2025-07-29 16:12:26,023 basehttp 28852 32372 "GET /api/learning-paths/recommended/?user_level=beginner HTTP/1.1" 404 35
INFO 2025-07-29 16:12:26,063 basehttp 28852 28440 "GET /api/curated/videos/ HTTP/1.1" 200 23776
WARNING 2025-07-29 16:12:26,080 log 28852 27316 Not Found: /api/learning-paths/recommended/
WARNING 2025-07-29 16:12:26,092 basehttp 28852 27316 "GET /api/learning-paths/recommended/?user_level=beginner HTTP/1.1" 404 35
INFO 2025-07-29 16:12:26,112 basehttp 28852 5948 "GET /api/learning-paths/ HTTP/1.1" 200 769
WARNING 2025-07-29 16:12:26,114 log 28852 28440 Not Found: /api/learning-paths/recommended/
WARNING 2025-07-29 16:12:26,161 basehttp 28852 28440 "GET /api/learning-paths/recommended/?user_level=beginner HTTP/1.1" 404 35
INFO 2025-07-29 16:12:26,170 basehttp 28852 32372 "GET /api/curated/videos/ HTTP/1.1" 200 23776
WARNING 2025-07-29 16:12:26,179 log 28852 5948 Not Found: /api/learning-paths/recommended/
INFO 2025-07-29 16:12:26,216 basehttp 28852 27316 "GET /api/learning-paths/ HTTP/1.1" 200 769
WARNING 2025-07-29 16:12:26,242 basehttp 28852 5948 "GET /api/learning-paths/recommended/?user_level=beginner HTTP/1.1" 404 35
WARNING 2025-07-29 16:12:26,260 log 28852 27316 Not Found: /api/learning-paths/recommended/
WARNING 2025-07-29 16:12:26,274 basehttp 28852 27316 "GET /api/learning-paths/recommended/?user_level=beginner HTTP/1.1" 404 35
INFO 2025-07-29 16:12:26,299 basehttp 28852 28440 "GET /api/curated/videos/ HTTP/1.1" 200 23776
INFO 2025-07-29 16:12:26,303 basehttp 28852 32372 "GET /api/learning-paths/ HTTP/1.1" 200 769
WARNING 2025-07-29 16:12:26,344 log 28852 5948 Not Found: /api/learning-paths/recommended/
WARNING 2025-07-29 16:12:26,346 basehttp 28852 5948 "GET /api/learning-paths/recommended/?user_level=beginner HTTP/1.1" 404 35
WARNING 2025-07-29 16:12:26,372 log 28852 32372 Not Found: /api/learning-paths/recommended/
WARNING 2025-07-29 16:12:26,374 basehttp 28852 32372 "GET /api/learning-paths/recommended/?user_level=beginner HTTP/1.1" 404 35
WARNING 2025-07-29 16:12:26,406 log 28852 5948 Not Found: /api/learning-paths/recommended/
INFO 2025-07-29 16:12:26,409 basehttp 28852 28440 "GET /api/curated/videos/ HTTP/1.1" 200 23776
INFO 2025-07-29 16:12:26,428 basehttp 28852 27316 "GET /api/learning-paths/ HTTP/1.1" 200 769
WARNING 2025-07-29 16:12:26,428 basehttp 28852 5948 "GET /api/learning-paths/recommended/?user_level=beginner HTTP/1.1" 404 35
WARNING 2025-07-29 16:12:26,469 log 28852 28440 Not Found: /api/learning-paths/recommended/
WARNING 2025-07-29 16:12:26,474 basehttp 28852 28440 "GET /api/learning-paths/recommended/?user_level=beginner HTTP/1.1" 404 35
WARNING 2025-07-29 16:12:26,486 log 28852 27316 Not Found: /api/learning-paths/recommended/
WARNING 2025-07-29 16:12:26,488 basehttp 28852 27316 "GET /api/learning-paths/recommended/?user_level=beginner HTTP/1.1" 404 35
INFO 2025-07-29 16:12:26,512 basehttp 28852 32372 "GET /api/curated/videos/ HTTP/1.1" 200 23776
WARNING 2025-07-29 16:12:26,514 log 28852 28440 Not Found: /api/learning-paths/recommended/
WARNING 2025-07-29 16:12:26,524 basehttp 28852 28440 "GET /api/learning-paths/recommended/?user_level=beginner HTTP/1.1" 404 35
INFO 2025-07-29 16:12:26,535 basehttp 28852 24612 "GET /api/learning-paths/ HTTP/1.1" 200 769
WARNING 2025-07-29 16:12:26,540 log 28852 32372 Not Found: /api/learning-paths/recommended/
WARNING 2025-07-29 16:12:26,551 basehttp 28852 32372 "GET /api/learning-paths/recommended/?user_level=beginner HTTP/1.1" 404 35
WARNING 2025-07-29 16:12:26,569 log 28852 24612 Not Found: /api/learning-paths/recommended/
WARNING 2025-07-29 16:12:26,571 basehttp 28852 24612 "GET /api/learning-paths/recommended/?user_level=beginner HTTP/1.1" 404 35
WARNING 2025-07-29 16:12:26,581 log 28852 32372 Not Found: /api/learning-paths/recommended/
WARNING 2025-07-29 16:12:26,584 basehttp 28852 32372 "GET /api/learning-paths/recommended/?user_level=beginner HTTP/1.1" 404 35
INFO 2025-07-29 16:12:26,596 basehttp 28852 27316 "GET /api/curated/videos/ HTTP/1.1" 200 23776
WARNING 2025-07-29 16:12:26,610 log 28852 24612 Not Found: /api/learning-paths/recommended/
INFO 2025-07-29 16:12:26,613 basehttp 28852 28440 "GET /api/learning-paths/ HTTP/1.1" 200 769
WARNING 2025-07-29 16:12:26,615 basehttp 28852 24612 "GET /api/learning-paths/recommended/?user_level=beginner HTTP/1.1" 404 35
WARNING 2025-07-29 16:12:26,631 log 28852 28440 Not Found: /api/learning-paths/recommended/
WARNING 2025-07-29 16:12:26,633 basehttp 28852 28440 "GET /api/learning-paths/recommended/?user_level=beginner HTTP/1.1" 404 35
WARNING 2025-07-29 16:12:26,653 log 28852 24612 Not Found: /api/learning-paths/recommended/
WARNING 2025-07-29 16:12:26,657 basehttp 28852 24612 "GET /api/learning-paths/recommended/?user_level=beginner HTTP/1.1" 404 35
WARNING 2025-07-29 16:12:26,672 log 28852 28440 Not Found: /api/learning-paths/recommended/
WARNING 2025-07-29 16:12:26,675 basehttp 28852 28440 "GET /api/learning-paths/recommended/?user_level=beginner HTTP/1.1" 404 35
INFO 2025-07-29 16:12:26,692 basehttp 28852 27316 "GET /api/learning-paths/ HTTP/1.1" 200 769
INFO 2025-07-29 16:12:26,696 basehttp 28852 32372 "GET /api/curated/videos/ HTTP/1.1" 200 23776
WARNING 2025-07-29 16:12:26,707 log 28852 24612 Not Found: /api/learning-paths/recommended/
WARNING 2025-07-29 16:12:26,734 basehttp 28852 24612 "GET /api/learning-paths/recommended/?user_level=beginner HTTP/1.1" 404 35
WARNING 2025-07-29 16:12:26,764 log 28852 32372 Not Found: /api/learning-paths/recommended/
WARNING 2025-07-29 16:12:26,774 basehttp 28852 32372 "GET /api/learning-paths/recommended/?user_level=beginner HTTP/1.1" 404 35
INFO 2025-07-29 16:12:26,792 basehttp 28852 28440 "GET /api/learning-paths/ HTTP/1.1" 200 769
INFO 2025-07-29 16:12:26,822 basehttp 28852 5948 "GET /api/curated/videos/ HTTP/1.1" 200 23776
WARNING 2025-07-29 16:12:26,831 log 28852 24612 Not Found: /api/learning-paths/recommended/
WARNING 2025-07-29 16:12:26,855 basehttp 28852 24612 "GET /api/learning-paths/recommended/?user_level=beginner HTTP/1.1" 404 35
INFO 2025-07-29 16:12:26,875 basehttp 28852 32372 "GET /api/learning-paths/ HTTP/1.1" 200 769
WARNING 2025-07-29 16:12:26,878 log 28852 5948 Not Found: /api/learning-paths/recommended/
WARNING 2025-07-29 16:12:26,888 basehttp 28852 5948 "GET /api/learning-paths/recommended/?user_level=beginner HTTP/1.1" 404 35
WARNING 2025-07-29 16:12:26,931 log 28852 32372 Not Found: /api/learning-paths/recommended/
INFO 2025-07-29 16:12:26,933 basehttp 28852 28440 "GET /api/curated/videos/ HTTP/1.1" 200 23776
WARNING 2025-07-29 16:12:26,938 basehttp 28852 32372 "GET /api/learning-paths/recommended/?user_level=beginner HTTP/1.1" 404 35
INFO 2025-07-29 16:12:26,974 basehttp 28852 24612 "GET /api/learning-paths/ HTTP/1.1" 200 769
WARNING 2025-07-29 16:12:26,975 log 28852 27316 Not Found: /api/learning-paths/recommended/
WARNING 2025-07-29 16:12:27,007 basehttp 28852 27316 "GET /api/learning-paths/recommended/?user_level=beginner HTTP/1.1" 404 35
INFO 2025-07-29 16:12:27,044 basehttp 28852 5948 "GET /api/curated/videos/ HTTP/1.1" 200 23776
WARNING 2025-07-29 16:12:27,051 log 28852 24612 Not Found: /api/learning-paths/recommended/
INFO 2025-07-29 16:12:27,056 basehttp 28852 28440 "GET /api/learning-paths/ HTTP/1.1" 200 769
WARNING 2025-07-29 16:12:27,110 log 28852 28440 Not Found: /api/learning-paths/recommended/
WARNING 2025-07-29 16:12:27,113 basehttp 28852 24612 "GET /api/learning-paths/recommended/?user_level=beginner HTTP/1.1" 404 35
WARNING 2025-07-29 16:12:27,123 basehttp 28852 28440 "GET /api/learning-paths/recommended/?user_level=beginner HTTP/1.1" 404 35
INFO 2025-07-29 16:12:27,147 basehttp 28852 27316 "GET /api/curated/videos/ HTTP/1.1" 200 23776
INFO 2025-07-29 16:12:27,155 basehttp 28852 32372 "GET /api/learning-paths/ HTTP/1.1" 200 769
WARNING 2025-07-29 16:12:27,225 log 28852 24612 Not Found: /api/learning-paths/recommended/
WARNING 2025-07-29 16:12:27,229 basehttp 28852 24612 "GET /api/learning-paths/recommended/?user_level=beginner HTTP/1.1" 404 35
WARNING 2025-07-29 16:12:27,252 log 28852 27316 Not Found: /api/learning-paths/recommended/
WARNING 2025-07-29 16:12:27,255 basehttp 28852 27316 "GET /api/learning-paths/recommended/?user_level=beginner HTTP/1.1" 404 35
WARNING 2025-07-29 16:12:27,284 log 28852 24612 Not Found: /api/learning-paths/recommended/
INFO 2025-07-29 16:12:27,290 basehttp 28852 28440 "GET /api/learning-paths/ HTTP/1.1" 200 769
WARNING 2025-07-29 16:12:27,297 basehttp 28852 24612 "GET /api/learning-paths/recommended/?user_level=beginner HTTP/1.1" 404 35
INFO 2025-07-29 16:12:27,297 basehttp 28852 5948 "GET /api/curated/videos/ HTTP/1.1" 200 23776
WARNING 2025-07-29 16:12:27,329 log 28852 24612 Not Found: /api/learning-paths/recommended/
WARNING 2025-07-29 16:12:27,336 basehttp 28852 24612 "GET /api/learning-paths/recommended/?user_level=beginner HTTP/1.1" 404 35
WARNING 2025-07-29 16:12:27,356 log 28852 5948 Not Found: /api/learning-paths/recommended/
INFO 2025-07-29 16:12:27,362 basehttp 28852 27316 "GET /api/learning-paths/ HTTP/1.1" 200 769
WARNING 2025-07-29 16:12:27,375 basehttp 28852 5948 "GET /api/learning-paths/recommended/?user_level=beginner HTTP/1.1" 404 35
INFO 2025-07-29 16:12:27,416 basehttp 28852 28440 "GET /api/curated/videos/ HTTP/1.1" 200 23776
WARNING 2025-07-29 16:12:27,442 log 28852 32372 Not Found: /api/learning-paths/recommended/
WARNING 2025-07-29 16:12:27,468 basehttp 28852 32372 "GET /api/learning-paths/recommended/?user_level=beginner HTTP/1.1" 404 35
INFO 2025-07-29 16:12:27,482 basehttp 28852 24612 "GET /api/learning-paths/ HTTP/1.1" 200 769
WARNING 2025-07-29 16:12:28,753 log 28852 28440 Not Found: /api/learning-paths/recommended/
INFO 2025-07-29 16:12:28,758 basehttp 28852 5948 "GET /api/curated/videos/ HTTP/1.1" 200 23776
WARNING 2025-07-29 16:12:28,773 basehttp 28852 28440 "GET /api/learning-paths/recommended/?user_level=beginner HTTP/1.1" 404 35
WARNING 2025-07-29 16:12:28,788 log 28852 5948 Not Found: /api/learning-paths/recommended/
WARNING 2025-07-29 16:12:28,793 basehttp 28852 5948 "GET /api/learning-paths/recommended/?user_level=beginner HTTP/1.1" 404 35
WARNING 2025-07-29 16:12:28,809 log 28852 28440 Not Found: /api/learning-paths/recommended/
INFO 2025-07-29 16:12:28,815 basehttp 28852 32372 "GET /api/learning-paths/ HTTP/1.1" 200 769
WARNING 2025-07-29 16:12:28,818 basehttp 28852 28440 "GET /api/learning-paths/recommended/?user_level=beginner HTTP/1.1" 404 35
WARNING 2025-07-29 16:12:28,841 log 28852 27316 Not Found: /api/learning-paths/recommended/
WARNING 2025-07-29 16:12:28,842 basehttp 28852 27316 "GET /api/learning-paths/recommended/?user_level=beginner HTTP/1.1" 404 35
WARNING 2025-07-29 16:12:28,851 log 28852 28440 Not Found: /api/learning-paths/recommended/
WARNING 2025-07-29 16:12:28,853 basehttp 28852 28440 "GET /api/learning-paths/recommended/?user_level=beginner HTTP/1.1" 404 35
WARNING 2025-07-29 16:12:28,871 log 28852 27316 Not Found: /api/learning-paths/recommended/
WARNING 2025-07-29 16:12:28,876 basehttp 28852 27316 "GET /api/learning-paths/recommended/?user_level=beginner HTTP/1.1" 404 35
WARNING 2025-07-29 16:12:28,906 log 28852 28440 Not Found: /api/learning-paths/recommended/
INFO 2025-07-29 16:12:28,908 basehttp 28852 24612 "GET /api/curated/videos/ HTTP/1.1" 200 23776
INFO 2025-07-29 16:12:28,909 basehttp 28852 5948 "GET /api/learning-paths/ HTTP/1.1" 200 769
WARNING 2025-07-29 16:12:28,915 basehttp 28852 28440 "GET /api/learning-paths/recommended/?user_level=beginner HTTP/1.1" 404 35
WARNING 2025-07-29 16:12:28,931 log 28852 32372 Not Found: /api/learning-paths/recommended/
WARNING 2025-07-29 16:12:28,938 basehttp 28852 32372 "GET /api/learning-paths/recommended/?user_level=beginner HTTP/1.1" 404 35
WARNING 2025-07-29 16:12:28,965 log 28852 24612 Not Found: /api/learning-paths/recommended/
WARNING 2025-07-29 16:12:28,974 basehttp 28852 24612 "GET /api/learning-paths/recommended/?user_level=beginner HTTP/1.1" 404 35
INFO 2025-07-29 16:12:28,984 basehttp 28852 27316 "GET /api/learning-paths/ HTTP/1.1" 200 769
WARNING 2025-07-29 16:12:29,004 log 28852 32372 Not Found: /api/learning-paths/recommended/
WARNING 2025-07-29 16:12:29,007 basehttp 28852 32372 "GET /api/learning-paths/recommended/?user_level=beginner HTTP/1.1" 404 35
WARNING 2025-07-29 16:12:29,015 log 28852 27316 Not Found: /api/learning-paths/recommended/
WARNING 2025-07-29 16:12:29,017 basehttp 28852 27316 "GET /api/learning-paths/recommended/?user_level=beginner HTTP/1.1" 404 35
WARNING 2025-07-29 16:12:29,033 log 28852 32372 Not Found: /api/learning-paths/recommended/
WARNING 2025-07-29 16:12:29,038 basehttp 28852 32372 "GET /api/learning-paths/recommended/?user_level=beginner HTTP/1.1" 404 35
WARNING 2025-07-29 16:12:29,078 log 28852 27316 Not Found: /api/learning-paths/recommended/
INFO 2025-07-29 16:12:29,080 basehttp 28852 5948 "GET /api/curated/videos/ HTTP/1.1" 200 23776
INFO 2025-07-29 16:12:29,082 basehttp 28852 24612 "GET /api/learning-paths/ HTTP/1.1" 200 769
WARNING 2025-07-29 16:12:29,088 basehttp 28852 27316 "GET /api/learning-paths/recommended/?user_level=beginner HTTP/1.1" 404 35
WARNING 2025-07-29 16:12:29,126 log 28852 23940 Not Found: /api/learning-paths/recommended/
WARNING 2025-07-29 16:12:29,129 basehttp 28852 23940 "GET /api/learning-paths/recommended/?user_level=beginner HTTP/1.1" 404 35
WARNING 2025-07-29 16:12:29,161 log 28852 5948 Not Found: /api/learning-paths/recommended/
WARNING 2025-07-29 16:12:29,165 basehttp 28852 5948 "GET /api/learning-paths/recommended/?user_level=beginner HTTP/1.1" 404 35
WARNING 2025-07-29 16:12:29,178 log 28852 23940 Not Found: /api/learning-paths/recommended/
WARNING 2025-07-29 16:12:29,184 basehttp 28852 23940 "GET /api/learning-paths/recommended/?user_level=beginner HTTP/1.1" 404 35
INFO 2025-07-29 16:12:29,185 basehttp 28852 32372 "GET /api/learning-paths/ HTTP/1.1" 200 769
INFO 2025-07-29 16:12:29,185 basehttp 28852 28440 "GET /api/curated/videos/ HTTP/1.1" 200 23776
WARNING 2025-07-29 16:12:29,223 log 28852 27316 Not Found: /api/learning-paths/recommended/
INFO 2025-07-29 16:12:29,254 basehttp 28852 5948 "GET /api/learning-paths/ HTTP/1.1" 200 769
WARNING 2025-07-29 16:12:29,255 basehttp 28852 27316 "GET /api/learning-paths/recommended/?user_level=beginner HTTP/1.1" 404 35
WARNING 2025-07-29 16:12:29,295 log 28852 28440 Not Found: /api/learning-paths/recommended/
WARNING 2025-07-29 16:12:29,296 basehttp 28852 28440 "GET /api/learning-paths/recommended/?user_level=beginner HTTP/1.1" 404 35
WARNING 2025-07-29 16:12:29,314 log 28852 27316 Not Found: /api/learning-paths/recommended/
INFO 2025-07-29 16:12:29,315 basehttp 28852 32372 "GET /api/curated/videos/ HTTP/1.1" 200 23776
WARNING 2025-07-29 16:12:29,330 basehttp 28852 27316 "GET /api/learning-paths/recommended/?user_level=beginner HTTP/1.1" 404 35
INFO 2025-07-29 16:12:29,344 basehttp 28852 23940 "GET /api/learning-paths/ HTTP/1.1" 200 769
INFO 2025-07-29 16:12:29,395 basehttp 28852 28440 "GET /api/curated/videos/ HTTP/1.1" 200 23776
WARNING 2025-07-29 16:12:29,400 log 28852 32372 Not Found: /api/learning-paths/recommended/
WARNING 2025-07-29 16:12:29,416 basehttp 28852 32372 "GET /api/learning-paths/recommended/?user_level=beginner HTTP/1.1" 404 35
WARNING 2025-07-29 16:12:29,433 log 28852 28440 Not Found: /api/learning-paths/recommended/
WARNING 2025-07-29 16:12:29,436 basehttp 28852 28440 "GET /api/learning-paths/recommended/?user_level=beginner HTTP/1.1" 404 35
INFO 2025-07-29 16:12:29,447 basehttp 28852 5948 "GET /api/learning-paths/ HTTP/1.1" 200 769
WARNING 2025-07-29 16:12:29,458 log 28852 32372 Not Found: /api/learning-paths/recommended/
WARNING 2025-07-29 16:12:29,468 basehttp 28852 32372 "GET /api/learning-paths/recommended/?user_level=beginner HTTP/1.1" 404 35
INFO 2025-07-29 16:12:29,482 basehttp 28852 23940 "GET /api/curated/videos/ HTTP/1.1" 200 23776
WARNING 2025-07-29 16:12:29,483 log 28852 5948 Not Found: /api/learning-paths/recommended/
WARNING 2025-07-29 16:12:29,494 basehttp 28852 5948 "GET /api/learning-paths/recommended/?user_level=beginner HTTP/1.1" 404 35
INFO 2025-07-29 16:12:29,527 basehttp 28852 28440 "GET /api/learning-paths/ HTTP/1.1" 200 769
WARNING 2025-07-29 16:12:29,554 log 28852 23940 Not Found: /api/learning-paths/recommended/
WARNING 2025-07-29 16:12:29,560 basehttp 28852 23940 "GET /api/learning-paths/recommended/?user_level=beginner HTTP/1.1" 404 35
INFO 2025-07-29 16:12:29,561 basehttp 28852 32372 "GET /api/curated/videos/ HTTP/1.1" 200 23776
WARNING 2025-07-29 16:12:29,577 log 28852 27316 Not Found: /api/learning-paths/recommended/
WARNING 2025-07-29 16:12:29,582 basehttp 28852 27316 "GET /api/learning-paths/recommended/?user_level=beginner HTTP/1.1" 404 35
INFO 2025-07-29 16:12:29,609 basehttp 28852 5948 "GET /api/learning-paths/ HTTP/1.1" 200 769
WARNING 2025-07-29 16:12:29,612 log 28852 23940 Not Found: /api/learning-paths/recommended/
WARNING 2025-07-29 16:12:29,618 basehttp 28852 23940 "GET /api/learning-paths/recommended/?user_level=beginner HTTP/1.1" 404 35
WARNING 2025-07-29 16:12:29,636 log 28852 5948 Not Found: /api/learning-paths/recommended/
WARNING 2025-07-29 16:12:29,638 basehttp 28852 5948 "GET /api/learning-paths/recommended/?user_level=beginner HTTP/1.1" 404 35
WARNING 2025-07-29 16:12:29,647 log 28852 23940 Not Found: /api/learning-paths/recommended/
INFO 2025-07-29 16:12:29,654 basehttp 28852 28440 "GET /api/curated/videos/ HTTP/1.1" 200 23776
WARNING 2025-07-29 16:12:29,655 basehttp 28852 23940 "GET /api/learning-paths/recommended/?user_level=beginner HTTP/1.1" 404 35
WARNING 2025-07-29 16:12:29,678 log 28852 32372 Not Found: /api/learning-paths/recommended/
WARNING 2025-07-29 16:12:29,680 basehttp 28852 32372 "GET /api/learning-paths/recommended/?user_level=beginner HTTP/1.1" 404 35
INFO 2025-07-29 16:12:29,699 basehttp 28852 27316 "GET /api/learning-paths/ HTTP/1.1" 200 769
WARNING 2025-07-29 16:12:29,703 log 28852 23940 Not Found: /api/learning-paths/recommended/
WARNING 2025-07-29 16:12:29,711 basehttp 28852 23940 "GET /api/learning-paths/recommended/?user_level=beginner HTTP/1.1" 404 35
WARNING 2025-07-29 16:12:29,718 log 28852 28440 Not Found: /api/learning-paths/recommended/
WARNING 2025-07-29 16:12:29,720 basehttp 28852 28440 "GET /api/learning-paths/recommended/?user_level=beginner HTTP/1.1" 404 35
INFO 2025-07-29 16:12:29,741 basehttp 28852 5948 "GET /api/curated/videos/ HTTP/1.1" 200 23776
WARNING 2025-07-29 16:12:29,753 log 28852 23940 Not Found: /api/learning-paths/recommended/
INFO 2025-07-29 16:12:29,769 basehttp 28852 32372 "GET /api/learning-paths/ HTTP/1.1" 200 769
WARNING 2025-07-29 16:12:29,770 basehttp 28852 23940 "GET /api/learning-paths/recommended/?user_level=beginner HTTP/1.1" 404 35
WARNING 2025-07-29 16:12:29,826 log 28852 5948 Not Found: /api/learning-paths/recommended/
INFO 2025-07-29 16:12:29,831 basehttp 28852 28440 "GET /api/curated/videos/ HTTP/1.1" 200 23776
WARNING 2025-07-29 16:12:29,835 basehttp 28852 5948 "GET /api/learning-paths/recommended/?user_level=beginner HTTP/1.1" 404 35
WARNING 2025-07-29 16:12:29,853 log 28852 28440 Not Found: /api/learning-paths/recommended/
WARNING 2025-07-29 16:12:29,855 basehttp 28852 28440 "GET /api/learning-paths/recommended/?user_level=beginner HTTP/1.1" 404 35
INFO 2025-07-29 16:12:29,865 basehttp 28852 32372 "GET /api/learning-paths/ HTTP/1.1" 200 769
WARNING 2025-07-29 16:12:29,869 log 28852 5948 Not Found: /api/learning-paths/recommended/
WARNING 2025-07-29 16:12:29,889 basehttp 28852 5948 "GET /api/learning-paths/recommended/?user_level=beginner HTTP/1.1" 404 35
WARNING 2025-07-29 16:12:29,895 log 28852 32372 Not Found: /api/learning-paths/recommended/
WARNING 2025-07-29 16:12:29,898 basehttp 28852 32372 "GET /api/learning-paths/recommended/?user_level=beginner HTTP/1.1" 404 35
WARNING 2025-07-29 16:12:29,915 log 28852 5948 Not Found: /api/learning-paths/recommended/
INFO 2025-07-29 16:12:29,917 basehttp 28852 23940 "GET /api/curated/videos/ HTTP/1.1" 200 23776
WARNING 2025-07-29 16:12:29,937 basehttp 28852 5948 "GET /api/learning-paths/recommended/?user_level=beginner HTTP/1.1" 404 35
INFO 2025-07-29 16:12:29,953 basehttp 28852 28440 "GET /api/learning-paths/ HTTP/1.1" 200 769
WARNING 2025-07-29 16:12:29,958 log 28852 23940 Not Found: /api/learning-paths/recommended/
WARNING 2025-07-29 16:12:29,970 basehttp 28852 23940 "GET /api/learning-paths/recommended/?user_level=beginner HTTP/1.1" 404 35
WARNING 2025-07-29 16:12:29,980 log 28852 28440 Not Found: /api/learning-paths/recommended/
WARNING 2025-07-29 16:12:29,985 basehttp 28852 28440 "GET /api/learning-paths/recommended/?user_level=beginner HTTP/1.1" 404 35
INFO 2025-07-29 16:12:30,011 basehttp 28852 32372 "GET /api/curated/videos/ HTTP/1.1" 200 23776
WARNING 2025-07-29 16:12:30,012 log 28852 23940 Not Found: /api/learning-paths/recommended/
INFO 2025-07-29 16:12:30,029 basehttp 28852 5948 "GET /api/learning-paths/ HTTP/1.1" 200 769
WARNING 2025-07-29 16:12:30,040 basehttp 28852 23940 "GET /api/learning-paths/recommended/?user_level=beginner HTTP/1.1" 404 35
INFO 2025-07-29 16:12:30,107 basehttp 28852 28440 "GET /api/curated/videos/ HTTP/1.1" 200 23776
WARNING 2025-07-29 16:12:30,117 log 28852 27316 Not Found: /api/learning-paths/recommended/
INFO 2025-07-29 16:12:30,138 basehttp 28852 32372 "GET /api/learning-paths/ HTTP/1.1" 200 769
WARNING 2025-07-29 16:12:30,143 basehttp 28852 27316 "GET /api/learning-paths/recommended/?user_level=beginner HTTP/1.1" 404 35
WARNING 2025-07-29 16:12:30,189 log 28852 5948 Not Found: /api/learning-paths/recommended/
INFO 2025-07-29 16:12:30,205 basehttp 28852 23940 "GET /api/curated/videos/ HTTP/1.1" 200 23776
WARNING 2025-07-29 16:12:30,206 basehttp 28852 5948 "GET /api/learning-paths/recommended/?user_level=beginner HTTP/1.1" 404 35
INFO 2025-07-29 16:12:30,230 basehttp 28852 28440 "GET /api/learning-paths/ HTTP/1.1" 200 769
WARNING 2025-07-29 16:12:30,240 log 28852 32372 Not Found: /api/learning-paths/recommended/
WARNING 2025-07-29 16:12:30,259 basehttp 28852 32372 "GET /api/learning-paths/recommended/?user_level=beginner HTTP/1.1" 404 35
WARNING 2025-07-29 16:12:30,288 log 28852 28440 Not Found: /api/learning-paths/recommended/
WARNING 2025-07-29 16:12:30,301 basehttp 28852 28440 "GET /api/learning-paths/recommended/?user_level=beginner HTTP/1.1" 404 35
INFO 2025-07-29 16:12:30,302 basehttp 28852 27316 "GET /api/curated/videos/ HTTP/1.1" 200 23776
WARNING 2025-07-29 16:12:30,319 log 28852 32372 Not Found: /api/learning-paths/recommended/
INFO 2025-07-29 16:12:30,320 basehttp 28852 23940 "GET /api/learning-paths/ HTTP/1.1" 200 769
WARNING 2025-07-29 16:12:30,322 basehttp 28852 32372 "GET /api/learning-paths/recommended/?user_level=beginner HTTP/1.1" 404 35
WARNING 2025-07-29 16:12:30,357 log 28852 23940 Not Found: /api/learning-paths/recommended/
WARNING 2025-07-29 16:12:30,360 basehttp 28852 23940 "GET /api/learning-paths/recommended/?user_level=beginner HTTP/1.1" 404 35
WARNING 2025-07-29 16:12:30,373 log 28852 32372 Not Found: /api/learning-paths/recommended/
WARNING 2025-07-29 16:12:30,374 basehttp 28852 32372 "GET /api/learning-paths/recommended/?user_level=beginner HTTP/1.1" 404 35
WARNING 2025-07-29 16:12:30,387 log 28852 23940 Not Found: /api/learning-paths/recommended/
INFO 2025-07-29 16:12:30,403 basehttp 28852 27316 "GET /api/learning-paths/ HTTP/1.1" 200 769
INFO 2025-07-29 16:12:30,403 basehttp 28852 28440 "GET /api/curated/videos/ HTTP/1.1" 200 23776
WARNING 2025-07-29 16:12:30,404 basehttp 28852 23940 "GET /api/learning-paths/recommended/?user_level=beginner HTTP/1.1" 404 35
WARNING 2025-07-29 16:12:30,437 log 28852 5948 Not Found: /api/learning-paths/recommended/
WARNING 2025-07-29 16:12:30,439 basehttp 28852 5948 "GET /api/learning-paths/recommended/?user_level=beginner HTTP/1.1" 404 35
WARNING 2025-07-29 16:12:30,449 log 28852 23940 Not Found: /api/learning-paths/recommended/
WARNING 2025-07-29 16:12:30,452 basehttp 28852 23940 "GET /api/learning-paths/recommended/?user_level=beginner HTTP/1.1" 404 35
WARNING 2025-07-29 16:12:30,462 log 28852 5948 Not Found: /api/learning-paths/recommended/
WARNING 2025-07-29 16:12:30,464 basehttp 28852 5948 "GET /api/learning-paths/recommended/?user_level=beginner HTTP/1.1" 404 35
INFO 2025-07-29 16:12:30,478 basehttp 28852 32372 "GET /api/curated/videos/ HTTP/1.1" 200 23776
WARNING 2025-07-29 16:12:30,479 log 28852 23940 Not Found: /api/learning-paths/recommended/
INFO 2025-07-29 16:12:30,490 basehttp 28852 28440 "GET /api/learning-paths/ HTTP/1.1" 200 769
WARNING 2025-07-29 16:12:30,491 basehttp 28852 23940 "GET /api/learning-paths/recommended/?user_level=beginner HTTP/1.1" 404 35
WARNING 2025-07-29 16:12:30,507 log 28852 28440 Not Found: /api/learning-paths/recommended/
WARNING 2025-07-29 16:12:30,509 basehttp 28852 28440 "GET /api/learning-paths/recommended/?user_level=beginner HTTP/1.1" 404 35
WARNING 2025-07-29 16:12:30,520 log 28852 23940 Not Found: /api/learning-paths/recommended/
WARNING 2025-07-29 16:12:30,525 basehttp 28852 23940 "GET /api/learning-paths/recommended/?user_level=beginner HTTP/1.1" 404 35
WARNING 2025-07-29 16:12:30,534 log 28852 28440 Not Found: /api/learning-paths/recommended/
WARNING 2025-07-29 16:12:30,536 basehttp 28852 28440 "GET /api/learning-paths/recommended/?user_level=beginner HTTP/1.1" 404 35
WARNING 2025-07-29 16:12:30,553 log 28852 23940 Not Found: /api/learning-paths/recommended/
INFO 2025-07-29 16:12:30,553 basehttp 28852 5948 "GET /api/curated/videos/ HTTP/1.1" 200 23776
WARNING 2025-07-29 16:12:30,555 basehttp 28852 23940 "GET /api/learning-paths/recommended/?user_level=beginner HTTP/1.1" 404 35
INFO 2025-07-29 16:12:30,568 basehttp 28852 32372 "GET /api/learning-paths/ HTTP/1.1" 200 769
WARNING 2025-07-29 16:12:30,570 log 28852 5948 Not Found: /api/learning-paths/recommended/
WARNING 2025-07-29 16:12:30,573 basehttp 28852 5948 "GET /api/learning-paths/recommended/?user_level=beginner HTTP/1.1" 404 35
WARNING 2025-07-29 16:12:30,588 log 28852 32372 Not Found: /api/learning-paths/recommended/
WARNING 2025-07-29 16:12:30,593 basehttp 28852 32372 "GET /api/learning-paths/recommended/?user_level=beginner HTTP/1.1" 404 35
WARNING 2025-07-29 16:12:30,603 log 28852 5948 Not Found: /api/learning-paths/recommended/
WARNING 2025-07-29 16:12:30,606 basehttp 28852 5948 "GET /api/learning-paths/recommended/?user_level=beginner HTTP/1.1" 404 35
WARNING 2025-07-29 16:12:30,614 log 28852 32372 Not Found: /api/learning-paths/recommended/
WARNING 2025-07-29 16:12:30,616 basehttp 28852 32372 "GET /api/learning-paths/recommended/?user_level=beginner HTTP/1.1" 404 35
INFO 2025-07-29 16:12:30,628 basehttp 28852 28440 "GET /api/curated/videos/ HTTP/1.1" 200 23776
WARNING 2025-07-29 16:12:30,629 log 28852 5948 Not Found: /api/learning-paths/recommended/
WARNING 2025-07-29 16:12:30,638 basehttp 28852 5948 "GET /api/learning-paths/recommended/?user_level=beginner HTTP/1.1" 404 35
WARNING 2025-07-29 16:12:30,647 log 28852 28440 Not Found: /api/learning-paths/recommended/
INFO 2025-07-29 16:12:30,647 basehttp 28852 23940 "GET /api/learning-paths/ HTTP/1.1" 200 769
WARNING 2025-07-29 16:12:30,649 basehttp 28852 28440 "GET /api/learning-paths/recommended/?user_level=beginner HTTP/1.1" 404 35
WARNING 2025-07-29 16:12:30,661 log 28852 27316 Not Found: /api/learning-paths/recommended/
WARNING 2025-07-29 16:12:30,663 basehttp 28852 27316 "GET /api/learning-paths/recommended/?user_level=beginner HTTP/1.1" 404 35
WARNING 2025-07-29 16:12:30,672 log 28852 28440 Not Found: /api/learning-paths/recommended/
WARNING 2025-07-29 16:12:30,673 basehttp 28852 28440 "GET /api/learning-paths/recommended/?user_level=beginner HTTP/1.1" 404 35
WARNING 2025-07-29 16:12:30,683 log 28852 27316 Not Found: /api/learning-paths/recommended/
WARNING 2025-07-29 16:12:30,684 basehttp 28852 27316 "GET /api/learning-paths/recommended/?user_level=beginner HTTP/1.1" 404 35
INFO 2025-07-29 16:12:30,701 basehttp 28852 32372 "GET /api/curated/videos/ HTTP/1.1" 200 23776
WARNING 2025-07-29 16:12:30,702 log 28852 28440 Not Found: /api/learning-paths/recommended/
WARNING 2025-07-29 16:12:30,709 basehttp 28852 28440 "GET /api/learning-paths/recommended/?user_level=beginner HTTP/1.1" 404 35
WARNING 2025-07-29 16:12:30,718 log 28852 32372 Not Found: /api/learning-paths/recommended/
WARNING 2025-07-29 16:12:30,722 basehttp 28852 32372 "GET /api/learning-paths/recommended/?user_level=beginner HTTP/1.1" 404 35
INFO 2025-07-29 16:12:30,723 basehttp 28852 5948 "GET /api/learning-paths/ HTTP/1.1" 200 769
WARNING 2025-07-29 16:12:30,737 log 28852 28440 Not Found: /api/learning-paths/recommended/
WARNING 2025-07-29 16:12:30,739 basehttp 28852 28440 "GET /api/learning-paths/recommended/?user_level=beginner HTTP/1.1" 404 35
WARNING 2025-07-29 16:12:30,747 log 28852 5948 Not Found: /api/learning-paths/recommended/
WARNING 2025-07-29 16:12:30,750 basehttp 28852 5948 "GET /api/learning-paths/recommended/?user_level=beginner HTTP/1.1" 404 35
WARNING 2025-07-29 16:12:30,762 log 28852 28440 Not Found: /api/learning-paths/recommended/
WARNING 2025-07-29 16:12:30,764 basehttp 28852 28440 "GET /api/learning-paths/recommended/?user_level=beginner HTTP/1.1" 404 35
INFO 2025-07-29 16:12:30,777 basehttp 28852 27316 "GET /api/curated/videos/ HTTP/1.1" 200 23776
WARNING 2025-07-29 16:12:30,787 log 28852 5948 Not Found: /api/learning-paths/recommended/
WARNING 2025-07-29 16:12:30,795 basehttp 28852 5948 "GET /api/learning-paths/recommended/?user_level=beginner HTTP/1.1" 404 35
INFO 2025-07-29 16:12:30,810 basehttp 28852 23940 "GET /api/learning-paths/ HTTP/1.1" 200 769
WARNING 2025-07-29 16:12:30,811 log 28852 27316 Not Found: /api/learning-paths/recommended/
WARNING 2025-07-29 16:12:30,821 basehttp 28852 27316 "GET /api/learning-paths/recommended/?user_level=beginner HTTP/1.1" 404 35
WARNING 2025-07-29 16:12:30,833 log 28852 23940 Not Found: /api/learning-paths/recommended/
WARNING 2025-07-29 16:12:30,836 basehttp 28852 23940 "GET /api/learning-paths/recommended/?user_level=beginner HTTP/1.1" 404 35
WARNING 2025-07-29 16:12:30,846 log 28852 27316 Not Found: /api/learning-paths/recommended/
WARNING 2025-07-29 16:12:30,848 basehttp 28852 27316 "GET /api/learning-paths/recommended/?user_level=beginner HTTP/1.1" 404 35
INFO 2025-07-29 16:12:30,856 basehttp 28852 28440 "GET /api/curated/videos/ HTTP/1.1" 200 23776
WARNING 2025-07-29 16:12:30,869 log 28852 23940 Not Found: /api/learning-paths/recommended/
WARNING 2025-07-29 16:12:30,871 basehttp 28852 23940 "GET /api/learning-paths/recommended/?user_level=beginner HTTP/1.1" 404 35
WARNING 2025-07-29 16:12:30,878 log 28852 28440 Not Found: /api/learning-paths/recommended/
INFO 2025-07-29 16:12:30,883 basehttp 28852 5948 "GET /api/learning-paths/ HTTP/1.1" 200 769
WARNING 2025-07-29 16:12:30,884 basehttp 28852 28440 "GET /api/learning-paths/recommended/?user_level=beginner HTTP/1.1" 404 35
WARNING 2025-07-29 16:12:30,899 log 28852 32372 Not Found: /api/learning-paths/recommended/
WARNING 2025-07-29 16:12:30,901 basehttp 28852 32372 "GET /api/learning-paths/recommended/?user_level=beginner HTTP/1.1" 404 35
WARNING 2025-07-29 16:12:30,910 log 28852 28440 Not Found: /api/learning-paths/recommended/
WARNING 2025-07-29 16:12:30,913 basehttp 28852 28440 "GET /api/learning-paths/recommended/?user_level=beginner HTTP/1.1" 404 35
WARNING 2025-07-29 16:12:30,933 log 28852 32372 Not Found: /api/learning-paths/recommended/
INFO 2025-07-29 16:12:30,934 basehttp 28852 27316 "GET /api/curated/videos/ HTTP/1.1" 200 23776
WARNING 2025-07-29 16:12:30,935 basehttp 28852 32372 "GET /api/learning-paths/recommended/?user_level=beginner HTTP/1.1" 404 35
WARNING 2025-07-29 16:12:30,949 log 28852 27316 Not Found: /api/learning-paths/recommended/
WARNING 2025-07-29 16:12:30,950 basehttp 28852 27316 "GET /api/learning-paths/recommended/?user_level=beginner HTTP/1.1" 404 35
INFO 2025-07-29 16:12:30,959 basehttp 28852 23940 "GET /api/learning-paths/ HTTP/1.1" 200 769
WARNING 2025-07-29 16:12:30,960 log 28852 32372 Not Found: /api/learning-paths/recommended/
WARNING 2025-07-29 16:12:30,968 basehttp 28852 32372 "GET /api/learning-paths/recommended/?user_level=beginner HTTP/1.1" 404 35
WARNING 2025-07-29 16:12:30,977 log 28852 23940 Not Found: /api/learning-paths/recommended/
WARNING 2025-07-29 16:12:30,979 basehttp 28852 23940 "GET /api/learning-paths/recommended/?user_level=beginner HTTP/1.1" 404 35
WARNING 2025-07-29 16:12:30,988 log 28852 32372 Not Found: /api/learning-paths/recommended/
WARNING 2025-07-29 16:12:30,990 basehttp 28852 32372 "GET /api/learning-paths/recommended/?user_level=beginner HTTP/1.1" 404 35
WARNING 2025-07-29 16:12:30,998 log 28852 23940 Not Found: /api/learning-paths/recommended/
INFO 2025-07-29 16:12:31,005 basehttp 28852 28440 "GET /api/curated/videos/ HTTP/1.1" 200 23776
WARNING 2025-07-29 16:12:31,006 basehttp 28852 23940 "GET /api/learning-paths/recommended/?user_level=beginner HTTP/1.1" 404 35
WARNING 2025-07-29 16:12:31,020 log 28852 5948 Not Found: /api/learning-paths/recommended/
WARNING 2025-07-29 16:12:31,023 basehttp 28852 5948 "GET /api/learning-paths/recommended/?user_level=beginner HTTP/1.1" 404 35
INFO 2025-07-29 16:12:31,034 basehttp 28852 27316 "GET /api/learning-paths/ HTTP/1.1" 200 769
WARNING 2025-07-29 16:12:31,040 log 28852 23940 Not Found: /api/learning-paths/recommended/
WARNING 2025-07-29 16:12:31,053 basehttp 28852 23940 "GET /api/learning-paths/recommended/?user_level=beginner HTTP/1.1" 404 35
WARNING 2025-07-29 16:12:31,063 log 28852 27316 Not Found: /api/learning-paths/recommended/
WARNING 2025-07-29 16:12:31,066 basehttp 28852 27316 "GET /api/learning-paths/recommended/?user_level=beginner HTTP/1.1" 404 35
INFO 2025-07-29 16:12:31,080 basehttp 28852 32372 "GET /api/curated/videos/ HTTP/1.1" 200 23776
WARNING 2025-07-29 16:12:31,085 log 28852 23940 Not Found: /api/learning-paths/recommended/
WARNING 2025-07-29 16:12:31,094 basehttp 28852 23940 "GET /api/learning-paths/recommended/?user_level=beginner HTTP/1.1" 404 35
WARNING 2025-07-29 16:12:31,104 log 28852 32372 Not Found: /api/learning-paths/recommended/
WARNING 2025-07-29 16:12:31,112 basehttp 28852 32372 "GET /api/learning-paths/recommended/?user_level=beginner HTTP/1.1" 404 35
INFO 2025-07-29 16:12:31,117 basehttp 28852 5948 "GET /api/learning-paths/ HTTP/1.1" 200 769
WARNING 2025-07-29 16:12:31,143 log 28852 23940 Not Found: /api/learning-paths/recommended/
WARNING 2025-07-29 16:12:31,146 basehttp 28852 23940 "GET /api/learning-paths/recommended/?user_level=beginner HTTP/1.1" 404 35
INFO 2025-07-29 16:12:31,155 basehttp 28852 27316 "GET /api/curated/videos/ HTTP/1.1" 200 23776
WARNING 2025-07-29 16:12:31,174 log 28852 5948 Not Found: /api/learning-paths/recommended/
WARNING 2025-07-29 16:12:31,177 basehttp 28852 5948 "GET /api/learning-paths/recommended/?user_level=beginner HTTP/1.1" 404 35
INFO 2025-07-29 16:12:31,198 basehttp 28852 32372 "GET /api/learning-paths/ HTTP/1.1" 200 769
WARNING 2025-07-29 16:12:31,219 log 28852 27316 Not Found: /api/learning-paths/recommended/
INFO 2025-07-29 16:12:31,240 basehttp 28852 23940 "GET /api/curated/videos/ HTTP/1.1" 200 23776
WARNING 2025-07-29 16:12:31,253 basehttp 28852 27316 "GET /api/learning-paths/recommended/?user_level=beginner HTTP/1.1" 404 35
WARNING 2025-07-29 16:12:31,292 log 28852 28440 Not Found: /api/learning-paths/recommended/
INFO 2025-07-29 16:12:31,302 basehttp 28852 5948 "GET /api/learning-paths/ HTTP/1.1" 200 769
WARNING 2025-07-29 16:12:31,309 basehttp 28852 28440 "GET /api/learning-paths/recommended/?user_level=beginner HTTP/1.1" 404 35
WARNING 2025-07-29 16:12:31,346 log 28852 27316 Not Found: /api/learning-paths/recommended/
INFO 2025-07-29 16:12:31,347 basehttp 28852 32372 "GET /api/curated/videos/ HTTP/1.1" 200 23776
WARNING 2025-07-29 16:12:31,351 basehttp 28852 27316 "GET /api/learning-paths/recommended/?user_level=beginner HTTP/1.1" 404 35
WARNING 2025-07-29 16:12:31,388 log 28852 28440 Not Found: /api/learning-paths/recommended/
WARNING 2025-07-29 16:12:31,392 basehttp 28852 28440 "GET /api/learning-paths/recommended/?user_level=beginner HTTP/1.1" 404 35
WARNING 2025-07-29 16:12:31,402 log 28852 27316 Not Found: /api/learning-paths/recommended/
WARNING 2025-07-29 16:12:31,403 basehttp 28852 27316 "GET /api/learning-paths/recommended/?user_level=beginner HTTP/1.1" 404 35
INFO 2025-07-29 16:12:31,412 basehttp 28852 23940 "GET /api/learning-paths/ HTTP/1.1" 200 769
INFO 2025-07-29 16:12:31,455 basehttp 28852 32372 "GET /api/curated/videos/ HTTP/1.1" 200 23776
WARNING 2025-07-29 16:12:31,459 log 28852 28440 Not Found: /api/learning-paths/recommended/
WARNING 2025-07-29 16:12:31,498 basehttp 28852 28440 "GET /api/learning-paths/recommended/?user_level=beginner HTTP/1.1" 404 35
INFO 2025-07-29 16:12:31,508 basehttp 28852 27316 "GET /api/learning-paths/ HTTP/1.1" 200 769
INFO 2025-07-29 16:12:31,553 basehttp 28852 23940 "GET /api/curated/videos/ HTTP/1.1" 200 23776
WARNING 2025-07-29 16:12:31,558 log 28852 32372 Not Found: /api/learning-paths/recommended/
WARNING 2025-07-29 16:12:31,569 basehttp 28852 32372 "GET /api/learning-paths/recommended/?user_level=beginner HTTP/1.1" 404 35
WARNING 2025-07-29 16:12:31,610 log 28852 24612 Not Found: /api/learning-paths/recommended/
INFO 2025-07-29 16:12:31,615 basehttp 28852 28440 "GET /api/learning-paths/ HTTP/1.1" 200 769
INFO 2025-07-29 16:12:31,647 basehttp 28852 5948 "GET /api/curated/videos/ HTTP/1.1" 200 23776
WARNING 2025-07-29 16:12:31,654 basehttp 28852 24612 "GET /api/learning-paths/recommended/?user_level=beginner HTTP/1.1" 404 35
INFO 2025-07-29 16:12:31,983 basehttp 28852 32372 "GET /api/learning-paths/ HTTP/1.1" 200 769
INFO 2025-07-29 16:12:31,990 basehttp 28852 27316 "GET /api/learning-paths/ HTTP/1.1" 200 769
INFO 2025-07-29 16:12:31,991 basehttp 28852 23940 "GET /api/learning-paths/ HTTP/1.1" 200 769
INFO 2025-07-29 16:12:32,048 basehttp 28852 5948 "GET /api/learning-paths/ HTTP/1.1" 200 769
INFO 2025-07-29 16:12:32,078 basehttp 28852 32372 "GET /api/learning-paths/ HTTP/1.1" 200 769
INFO 2025-07-29 16:12:32,113 basehttp 28852 27316 "GET /api/learning-paths/ HTTP/1.1" 200 769
INFO 2025-07-29 16:12:32,130 basehttp 28852 23940 "GET /api/learning-paths/ HTTP/1.1" 200 769
INFO 2025-07-29 16:12:32,158 basehttp 28852 5948 "GET /api/learning-paths/ HTTP/1.1" 200 769
INFO 2025-07-29 16:12:32,194 basehttp 28852 32372 "GET /api/learning-paths/ HTTP/1.1" 200 769
INFO 2025-07-29 16:12:32,234 basehttp 28852 27316 "GET /api/learning-paths/ HTTP/1.1" 200 769
INFO 2025-07-29 16:12:32,272 basehttp 28852 5948 "GET /api/learning-paths/ HTTP/1.1" 200 769
INFO 2025-07-29 16:12:32,279 basehttp 28852 23940 "GET /api/learning-paths/ HTTP/1.1" 200 769
INFO 2025-07-29 16:12:32,303 basehttp 28852 32372 "GET /api/learning-paths/ HTTP/1.1" 200 769
INFO 2025-07-29 16:12:32,377 basehttp 28852 27316 "GET /api/learning-paths/ HTTP/1.1" 200 769
INFO 2025-07-29 16:12:32,388 basehttp 28852 28440 "GET /api/learning-paths/ HTTP/1.1" 200 769
INFO 2025-07-29 16:12:32,402 basehttp 28852 24612 "GET /api/learning-paths/ HTTP/1.1" 200 769
INFO 2025-07-29 16:12:32,425 basehttp 28852 23940 "GET /api/learning-paths/ HTTP/1.1" 200 769
INFO 2025-07-29 16:12:32,425 basehttp 28852 5948 "GET /api/learning-paths/ HTTP/1.1" 200 769
INFO 2025-07-29 16:12:32,475 basehttp 28852 32372 "GET /api/learning-paths/ HTTP/1.1" 200 769
INFO 2025-07-29 16:12:32,476 basehttp 28852 27316 "GET /api/learning-paths/ HTTP/1.1" 200 769
INFO 2025-07-29 16:12:32,486 basehttp 28852 28440 "GET /api/learning-paths/ HTTP/1.1" 200 769
INFO 2025-07-29 16:12:32,531 basehttp 28852 5948 "GET /api/learning-paths/ HTTP/1.1" 200 769
INFO 2025-07-29 16:12:32,535 basehttp 28852 23940 "GET /api/learning-paths/ HTTP/1.1" 200 769
INFO 2025-07-29 16:12:32,582 basehttp 28852 32372 "GET /api/learning-paths/ HTTP/1.1" 200 769
INFO 2025-07-29 16:12:32,583 basehttp 28852 27316 "GET /api/learning-paths/ HTTP/1.1" 200 769
INFO 2025-07-29 16:12:32,601 basehttp 28852 28440 "GET /api/learning-paths/ HTTP/1.1" 200 769
INFO 2025-07-29 16:12:32,678 basehttp 28852 23940 "GET /api/learning-paths/ HTTP/1.1" 200 769
INFO 2025-07-29 16:12:32,690 basehttp 28852 5948 "GET /api/learning-paths/ HTTP/1.1" 200 769
INFO 2025-07-29 16:12:32,725 basehttp 28852 32372 "GET /api/learning-paths/ HTTP/1.1" 200 769
INFO 2025-07-29 16:12:32,765 basehttp 28852 27316 "GET /api/learning-paths/ HTTP/1.1" 200 769
INFO 2025-07-29 16:12:32,767 basehttp 28852 28440 "GET /api/learning-paths/ HTTP/1.1" 200 769
INFO 2025-07-29 16:12:32,806 basehttp 28852 23940 "GET /api/learning-paths/ HTTP/1.1" 200 769
INFO 2025-07-29 16:12:32,810 basehttp 28852 5948 "GET /api/learning-paths/ HTTP/1.1" 200 769
INFO 2025-07-29 16:12:32,846 basehttp 28852 32372 "GET /api/learning-paths/ HTTP/1.1" 200 769
INFO 2025-07-29 16:12:32,850 basehttp 28852 27316 "GET /api/learning-paths/ HTTP/1.1" 200 769
INFO 2025-07-29 16:12:32,901 basehttp 28852 28440 "GET /api/learning-paths/ HTTP/1.1" 200 769
INFO 2025-07-29 16:12:32,912 basehttp 28852 23940 "GET /api/learning-paths/ HTTP/1.1" 200 769
INFO 2025-07-29 16:12:32,914 basehttp 28852 24612 "GET /api/learning-paths/ HTTP/1.1" 200 769
INFO 2025-07-29 16:12:32,942 basehttp 28852 5948 "GET /api/learning-paths/ HTTP/1.1" 200 769
INFO 2025-07-29 16:12:32,954 basehttp 28852 32372 "GET /api/learning-paths/ HTTP/1.1" 200 769
INFO 2025-07-29 16:12:32,982 basehttp 28852 27316 "GET /api/learning-paths/ HTTP/1.1" 200 769
INFO 2025-07-29 16:12:32,999 basehttp 28852 28440 "GET /api/learning-paths/ HTTP/1.1" 200 769
INFO 2025-07-29 16:12:33,056 basehttp 28852 24612 "GET /api/learning-paths/ HTTP/1.1" 200 769
INFO 2025-07-29 16:12:33,057 basehttp 28852 23940 "GET /api/learning-paths/ HTTP/1.1" 200 769
INFO 2025-07-29 16:12:33,080 basehttp 28852 5948 "GET /api/learning-paths/ HTTP/1.1" 200 769
INFO 2025-07-29 16:12:33,122 basehttp 28852 32372 "GET /api/learning-paths/ HTTP/1.1" 200 769
INFO 2025-07-29 16:12:33,159 basehttp 28852 27316 "GET /api/learning-paths/ HTTP/1.1" 200 769
INFO 2025-07-29 16:12:33,161 basehttp 28852 28440 "GET /api/learning-paths/ HTTP/1.1" 200 769
INFO 2025-07-29 16:12:33,215 basehttp 28852 24612 "GET /api/learning-paths/ HTTP/1.1" 200 769
INFO 2025-07-29 16:12:33,258 basehttp 28852 23940 "GET /api/learning-paths/ HTTP/1.1" 200 769
INFO 2025-07-29 16:12:33,271 basehttp 28852 5948 "GET /api/learning-paths/ HTTP/1.1" 200 769
INFO 2025-07-29 16:12:33,272 basehttp 28852 32372 "GET /api/learning-paths/ HTTP/1.1" 200 769
INFO 2025-07-29 16:12:33,273 basehttp 28852 27316 "GET /api/learning-paths/ HTTP/1.1" 200 769
INFO 2025-07-29 16:12:33,336 basehttp 28852 24612 "GET /api/learning-paths/ HTTP/1.1" 200 769
INFO 2025-07-29 16:12:33,338 basehttp 28852 28440 "GET /api/learning-paths/ HTTP/1.1" 200 769
INFO 2025-07-29 16:12:33,385 basehttp 28852 23940 "GET /api/learning-paths/ HTTP/1.1" 200 769
INFO 2025-07-29 16:12:33,391 basehttp 28852 32372 "GET /api/learning-paths/ HTTP/1.1" 200 769
INFO 2025-07-29 16:12:33,394 basehttp 28852 5948 "GET /api/learning-paths/ HTTP/1.1" 200 769
INFO 2025-07-29 16:12:33,396 basehttp 28852 27316 "GET /api/learning-paths/ HTTP/1.1" 200 769
INFO 2025-07-29 16:12:33,475 basehttp 28852 24612 "GET /api/learning-paths/ HTTP/1.1" 200 769
INFO 2025-07-29 16:12:33,476 basehttp 28852 28440 "GET /api/learning-paths/ HTTP/1.1" 200 769
INFO 2025-07-29 16:12:33,512 basehttp 28852 23940 "GET /api/learning-paths/ HTTP/1.1" 200 769
INFO 2025-07-29 16:12:33,574 basehttp 28852 24612 "GET /api/learning-paths/ HTTP/1.1" 200 769
INFO 2025-07-29 16:12:33,575 basehttp 28852 27316 "GET /api/learning-paths/ HTTP/1.1" 200 769
INFO 2025-07-29 16:12:33,578 basehttp 28852 5948 "GET /api/learning-paths/ HTTP/1.1" 200 769
INFO 2025-07-29 16:12:33,579 basehttp 28852 32372 "GET /api/learning-paths/ HTTP/1.1" 200 769
INFO 2025-07-29 16:12:33,595 basehttp 28852 28440 "GET /api/learning-paths/ HTTP/1.1" 200 769
INFO 2025-07-29 16:12:33,639 basehttp 28852 23940 "GET /api/learning-paths/ HTTP/1.1" 200 769
INFO 2025-07-29 16:12:33,665 basehttp 28852 24612 "GET /api/learning-paths/ HTTP/1.1" 200 769
INFO 2025-07-29 16:12:33,666 basehttp 28852 27316 "GET /api/learning-paths/ HTTP/1.1" 200 769
INFO 2025-07-29 16:12:33,677 basehttp 28852 5948 "GET /api/learning-paths/ HTTP/1.1" 200 769
INFO 2025-07-29 16:12:33,686 basehttp 28852 32372 "GET /api/learning-paths/ HTTP/1.1" 200 769
INFO 2025-07-29 16:12:33,704 basehttp 28852 28440 "GET /api/learning-paths/ HTTP/1.1" 200 769
INFO 2025-07-29 16:12:33,723 basehttp 28852 23940 "GET /api/learning-paths/ HTTP/1.1" 200 769
INFO 2025-07-29 16:12:33,850 basehttp 28852 24612 "GET /api/learning-paths/ HTTP/1.1" 200 769
INFO 2025-07-29 16:12:33,893 basehttp 28852 5948 "GET /api/learning-paths/ HTTP/1.1" 200 769
INFO 2025-07-29 16:12:33,916 basehttp 28852 27316 "GET /api/learning-paths/ HTTP/1.1" 200 769
INFO 2025-07-29 16:12:34,030 basehttp 28852 32372 "GET /api/learning-paths/ HTTP/1.1" 200 769
INFO 2025-07-29 16:12:34,057 basehttp 28852 28440 "GET /api/learning-paths/ HTTP/1.1" 200 769
INFO 2025-07-29 16:12:34,146 basehttp 28852 23940 "GET /api/learning-paths/ HTTP/1.1" 200 769
INFO 2025-07-29 16:12:34,187 basehttp 28852 24612 "GET /api/learning-paths/ HTTP/1.1" 200 769
INFO 2025-07-29 16:12:34,237 basehttp 28852 5948 "GET /api/learning-paths/ HTTP/1.1" 200 769
INFO 2025-07-29 16:12:34,381 basehttp 28852 27316 "GET /api/learning-paths/ HTTP/1.1" 200 769
INFO 2025-07-29 16:12:34,456 basehttp 28852 32372 "GET /api/learning-paths/ HTTP/1.1" 200 769
INFO 2025-07-29 16:12:34,576 basehttp 28852 27316 "GET /api/learning-paths/ HTTP/1.1" 200 769
INFO 2025-07-29 16:12:34,601 basehttp 28852 24612 "GET /api/learning-paths/ HTTP/1.1" 200 769
INFO 2025-07-29 16:12:34,609 basehttp 28852 23940 "GET /api/learning-paths/ HTTP/1.1" 200 769
INFO 2025-07-29 16:12:34,610 basehttp 28852 28440 "GET /api/learning-paths/ HTTP/1.1" 200 769
INFO 2025-07-29 16:12:34,611 basehttp 28852 5948 "GET /api/learning-paths/ HTTP/1.1" 200 769
INFO 2025-07-29 16:12:34,657 basehttp 28852 32372 "GET /api/learning-paths/ HTTP/1.1" 200 769
INFO 2025-07-29 16:12:34,724 basehttp 28852 27316 "GET /api/learning-paths/ HTTP/1.1" 200 769
INFO 2025-07-29 16:12:34,730 basehttp 28852 24612 "GET /api/learning-paths/ HTTP/1.1" 200 769
INFO 2025-07-29 16:12:34,781 basehttp 28852 28440 "GET /api/learning-paths/ HTTP/1.1" 200 769
INFO 2025-07-29 16:12:34,788 basehttp 28852 23940 "GET /api/learning-paths/ HTTP/1.1" 200 769
INFO 2025-07-29 16:12:34,833 basehttp 28852 5948 "GET /api/learning-paths/ HTTP/1.1" 200 769
INFO 2025-07-29 16:12:34,858 basehttp 28852 27316 "GET /api/learning-paths/ HTTP/1.1" 200 769
INFO 2025-07-29 16:12:34,867 basehttp 28852 32372 "GET /api/learning-paths/ HTTP/1.1" 200 769
INFO 2025-07-29 16:12:34,909 basehttp 28852 24612 "GET /api/learning-paths/ HTTP/1.1" 200 769
INFO 2025-07-29 16:12:34,916 basehttp 28852 23940 "GET /api/learning-paths/ HTTP/1.1" 200 769
INFO 2025-07-29 16:12:34,917 basehttp 28852 28440 "GET /api/learning-paths/ HTTP/1.1" 200 769
INFO 2025-07-29 16:12:34,971 basehttp 28852 27316 "GET /api/learning-paths/ HTTP/1.1" 200 769
INFO 2025-07-29 16:12:34,973 basehttp 28852 5948 "GET /api/learning-paths/ HTTP/1.1" 200 769
INFO 2025-07-29 16:12:34,982 basehttp 28852 32372 "GET /api/learning-paths/ HTTP/1.1" 200 769
INFO 2025-07-29 16:12:35,043 basehttp 28852 23940 "GET /api/learning-paths/ HTTP/1.1" 200 769
INFO 2025-07-29 16:12:35,045 basehttp 28852 24612 "GET /api/learning-paths/ HTTP/1.1" 200 769
INFO 2025-07-29 16:12:35,109 basehttp 28852 28440 "GET /api/learning-paths/ HTTP/1.1" 200 769
INFO 2025-07-29 16:12:35,150 basehttp 28852 27316 "GET /api/learning-paths/ HTTP/1.1" 200 769
INFO 2025-07-29 16:12:35,211 basehttp 28852 5948 "GET /api/learning-paths/ HTTP/1.1" 200 769
INFO 2025-07-29 16:12:35,318 basehttp 28852 28440 "GET /api/learning-paths/ HTTP/1.1" 200 769
INFO 2025-07-29 16:12:35,334 basehttp 28852 24612 "GET /api/learning-paths/ HTTP/1.1" 200 769
INFO 2025-07-29 16:12:35,335 basehttp 28852 23940 "GET /api/learning-paths/ HTTP/1.1" 200 769
INFO 2025-07-29 16:12:35,353 basehttp 28852 32372 "GET /api/learning-paths/ HTTP/1.1" 200 769
INFO 2025-07-29 16:12:35,417 basehttp 28852 27316 "GET /api/learning-paths/ HTTP/1.1" 200 769
INFO 2025-07-29 16:12:35,426 basehttp 28852 5948 "GET /api/learning-paths/ HTTP/1.1" 200 769
INFO 2025-07-29 16:12:35,441 basehttp 28852 28440 "GET /api/learning-paths/ HTTP/1.1" 200 769
INFO 2025-07-29 16:12:35,492 basehttp 28852 24612 "GET /api/learning-paths/ HTTP/1.1" 200 769
INFO 2025-07-29 16:12:35,507 basehttp 28852 27316 "GET /api/learning-paths/ HTTP/1.1" 200 769
INFO 2025-07-29 16:12:35,508 basehttp 28852 32372 "GET /api/learning-paths/ HTTP/1.1" 200 769
INFO 2025-07-29 16:12:35,512 basehttp 28852 23940 "GET /api/learning-paths/ HTTP/1.1" 200 769
INFO 2025-07-29 16:12:35,527 basehttp 28852 5948 "GET /api/learning-paths/ HTTP/1.1" 200 769
INFO 2025-07-29 16:12:35,572 basehttp 28852 28440 "GET /api/learning-paths/ HTTP/1.1" 200 769
INFO 2025-07-29 16:12:35,641 basehttp 28852 24612 "GET /api/learning-paths/ HTTP/1.1" 200 769
INFO 2025-07-29 16:12:35,686 basehttp 28852 27316 "GET /api/learning-paths/ HTTP/1.1" 200 769
INFO 2025-07-29 16:12:35,729 basehttp 28852 32372 "GET /api/learning-paths/ HTTP/1.1" 200 769
INFO 2025-07-29 16:12:35,745 basehttp 28852 23940 "GET /api/learning-paths/ HTTP/1.1" 200 769
INFO 2025-07-29 16:12:35,748 basehttp 28852 5948 "GET /api/learning-paths/ HTTP/1.1" 200 769
INFO 2025-07-29 16:12:35,770 basehttp 28852 24612 "GET /api/learning-paths/ HTTP/1.1" 200 769
INFO 2025-07-29 16:12:35,809 basehttp 28852 28440 "GET /api/learning-paths/ HTTP/1.1" 200 769
INFO 2025-07-29 16:12:35,970 basehttp 28852 5948 "GET /api/learning-paths/ HTTP/1.1" 200 769
INFO 2025-07-29 16:12:35,970 basehttp 28852 27316 "GET /api/learning-paths/ HTTP/1.1" 200 769
INFO 2025-07-29 16:12:35,971 basehttp 28852 32372 "GET /api/learning-paths/ HTTP/1.1" 200 769
INFO 2025-07-29 16:12:35,973 basehttp 28852 24612 "GET /api/learning-paths/ HTTP/1.1" 200 769
INFO 2025-07-29 16:12:35,974 basehttp 28852 23940 "GET /api/learning-paths/ HTTP/1.1" 200 769
INFO 2025-07-29 16:12:35,975 basehttp 28852 28440 "GET /api/learning-paths/ HTTP/1.1" 200 769
INFO 2025-07-29 16:12:36,130 basehttp 28852 27316 "GET /api/learning-paths/ HTTP/1.1" 200 769
INFO 2025-07-29 16:12:36,131 basehttp 28852 24612 "GET /api/learning-paths/ HTTP/1.1" 200 769
INFO 2025-07-29 16:12:36,132 basehttp 28852 5948 "GET /api/learning-paths/ HTTP/1.1" 200 769
INFO 2025-07-29 16:12:36,159 basehttp 28852 28440 "GET /api/learning-paths/ HTTP/1.1" 200 769
INFO 2025-07-29 16:12:36,167 basehttp 28852 32372 "GET /api/learning-paths/ HTTP/1.1" 200 769
INFO 2025-07-29 16:12:36,167 basehttp 28852 23940 "GET /api/learning-paths/ HTTP/1.1" 200 769
INFO 2025-07-29 16:12:36,248 basehttp 28852 27316 "GET /api/learning-paths/ HTTP/1.1" 200 769
INFO 2025-07-29 16:12:36,250 basehttp 28852 24612 "GET /api/learning-paths/ HTTP/1.1" 200 769
INFO 2025-07-29 16:12:36,251 basehttp 28852 5948 "GET /api/learning-paths/ HTTP/1.1" 200 769
INFO 2025-07-29 16:12:36,305 basehttp 28852 28440 "GET /api/learning-paths/ HTTP/1.1" 200 769
INFO 2025-07-29 16:12:36,307 basehttp 28852 23940 "GET /api/learning-paths/ HTTP/1.1" 200 769
INFO 2025-07-29 16:12:36,307 basehttp 28852 32372 "GET /api/learning-paths/ HTTP/1.1" 200 769
INFO 2025-07-29 16:12:36,376 basehttp 28852 27316 "GET /api/learning-paths/ HTTP/1.1" 200 769
INFO 2025-07-29 16:12:36,379 basehttp 28852 5948 "GET /api/learning-paths/ HTTP/1.1" 200 769
INFO 2025-07-29 16:12:36,392 basehttp 28852 24612 "GET /api/learning-paths/ HTTP/1.1" 200 769
INFO 2025-07-29 16:12:36,401 basehttp 28852 28440 "GET /api/learning-paths/ HTTP/1.1" 200 769
INFO 2025-07-29 16:12:36,438 basehttp 28852 23940 "GET /api/learning-paths/ HTTP/1.1" 200 769
INFO 2025-07-29 16:12:36,447 basehttp 28852 32372 "GET /api/learning-paths/ HTTP/1.1" 200 769
INFO 2025-07-29 16:12:36,474 basehttp 28852 27316 "GET /api/learning-paths/ HTTP/1.1" 200 769
INFO 2025-07-29 16:12:36,508 basehttp 28852 5948 "GET /api/learning-paths/ HTTP/1.1" 200 769
INFO 2025-07-29 16:12:36,555 basehttp 28852 24612 "GET /api/learning-paths/ HTTP/1.1" 200 769
INFO 2025-07-29 16:12:36,556 basehttp 28852 28440 "GET /api/learning-paths/ HTTP/1.1" 200 769
INFO 2025-07-29 16:12:36,583 basehttp 28852 23940 "GET /api/learning-paths/ HTTP/1.1" 200 769
INFO 2025-07-29 16:12:36,623 basehttp 28852 27316 "GET /api/learning-paths/ HTTP/1.1" 200 769
INFO 2025-07-29 16:12:36,628 basehttp 28852 32372 "GET /api/learning-paths/ HTTP/1.1" 200 769
INFO 2025-07-29 16:12:36,655 basehttp 28852 5948 "GET /api/learning-paths/ HTTP/1.1" 200 769
INFO 2025-07-29 16:12:36,699 basehttp 28852 24612 "GET /api/learning-paths/ HTTP/1.1" 200 769
INFO 2025-07-29 16:12:36,726 basehttp 28852 28440 "GET /api/learning-paths/ HTTP/1.1" 200 769
INFO 2025-07-29 16:12:36,741 basehttp 28852 23940 "GET /api/learning-paths/ HTTP/1.1" 200 769
INFO 2025-07-29 16:12:36,786 basehttp 28852 27316 "GET /api/learning-paths/ HTTP/1.1" 200 769
INFO 2025-07-29 16:12:36,798 basehttp 28852 32372 "GET /api/learning-paths/ HTTP/1.1" 200 769
INFO 2025-07-29 16:12:36,859 basehttp 28852 5948 "GET /api/learning-paths/ HTTP/1.1" 200 769
INFO 2025-07-29 16:12:36,862 basehttp 28852 24612 "GET /api/learning-paths/ HTTP/1.1" 200 769
INFO 2025-07-29 16:12:36,947 basehttp 28852 28440 "GET /api/learning-paths/ HTTP/1.1" 200 769
INFO 2025-07-29 16:12:36,963 basehttp 28852 27316 "GET /api/learning-paths/ HTTP/1.1" 200 769
INFO 2025-07-29 16:12:36,979 basehttp 28852 23940 "GET /api/learning-paths/ HTTP/1.1" 200 769
INFO 2025-07-29 16:12:37,024 basehttp 28852 5948 "GET /api/learning-paths/ HTTP/1.1" 200 769
INFO 2025-07-29 16:12:37,024 basehttp 28852 32372 "GET /api/learning-paths/ HTTP/1.1" 200 769
INFO 2025-07-29 16:12:37,025 basehttp 28852 24612 "GET /api/learning-paths/ HTTP/1.1" 200 769
INFO 2025-07-29 16:12:37,044 basehttp 28852 28440 "GET /api/learning-paths/ HTTP/1.1" 200 769
INFO 2025-07-29 16:12:37,099 basehttp 28852 27316 "GET /api/learning-paths/ HTTP/1.1" 200 769
INFO 2025-07-29 16:12:37,101 basehttp 28852 23940 "GET /api/learning-paths/ HTTP/1.1" 200 769
INFO 2025-07-29 16:12:37,109 basehttp 28852 5948 "GET /api/learning-paths/ HTTP/1.1" 200 769
INFO 2025-07-29 16:12:37,144 basehttp 28852 32372 "GET /api/learning-paths/ HTTP/1.1" 200 769
INFO 2025-07-29 16:12:37,171 basehttp 28852 24612 "GET /api/learning-paths/ HTTP/1.1" 200 769
INFO 2025-07-29 16:12:37,261 basehttp 28852 28440 "GET /api/learning-paths/ HTTP/1.1" 200 769
INFO 2025-07-29 16:12:37,294 basehttp 28852 27316 "GET /api/learning-paths/ HTTP/1.1" 200 769
INFO 2025-07-29 16:12:37,329 basehttp 28852 23940 "GET /api/learning-paths/ HTTP/1.1" 200 769
INFO 2025-07-29 16:12:37,350 basehttp 28852 5948 "GET /api/learning-paths/ HTTP/1.1" 200 769
INFO 2025-07-29 16:12:37,383 basehttp 28852 24612 "GET /api/learning-paths/ HTTP/1.1" 200 769
INFO 2025-07-29 16:12:37,383 basehttp 28852 32372 "GET /api/learning-paths/ HTTP/1.1" 200 769
INFO 2025-07-29 16:12:37,407 basehttp 28852 28440 "GET /api/learning-paths/ HTTP/1.1" 200 769
INFO 2025-07-29 16:12:37,420 basehttp 28852 27316 "GET /api/learning-paths/ HTTP/1.1" 200 769
INFO 2025-07-29 16:12:37,437 basehttp 28852 23940 "GET /api/learning-paths/ HTTP/1.1" 200 769
INFO 2025-07-29 16:12:37,479 basehttp 28852 5948 "GET /api/learning-paths/ HTTP/1.1" 200 769
INFO 2025-07-29 16:12:37,491 basehttp 28852 24612 "GET /api/learning-paths/ HTTP/1.1" 200 769
INFO 2025-07-29 16:12:37,500 basehttp 28852 32372 "GET /api/learning-paths/ HTTP/1.1" 200 769
INFO 2025-07-29 16:12:37,522 basehttp 28852 28440 "GET /api/learning-paths/ HTTP/1.1" 200 769
INFO 2025-07-29 16:12:37,538 basehttp 28852 27316 "GET /api/learning-paths/ HTTP/1.1" 200 769
INFO 2025-07-29 16:12:37,558 basehttp 28852 5948 "GET /api/learning-paths/ HTTP/1.1" 200 769
INFO 2025-07-29 16:12:37,558 basehttp 28852 23940 "GET /api/learning-paths/ HTTP/1.1" 200 769
INFO 2025-07-29 16:12:37,578 basehttp 28852 24612 "GET /api/learning-paths/ HTTP/1.1" 200 769
INFO 2025-07-29 16:12:37,583 basehttp 28852 32372 "GET /api/learning-paths/ HTTP/1.1" 200 769
INFO 2025-07-29 16:12:37,601 basehttp 28852 28440 "GET /api/learning-paths/ HTTP/1.1" 200 769
INFO 2025-07-29 16:12:37,617 basehttp 28852 27316 "GET /api/learning-paths/ HTTP/1.1" 200 769
INFO 2025-07-29 16:12:37,636 basehttp 28852 5948 "GET /api/learning-paths/ HTTP/1.1" 200 769
INFO 2025-07-29 16:12:37,645 basehttp 28852 23940 "GET /api/learning-paths/ HTTP/1.1" 200 769
INFO 2025-07-29 16:12:37,665 basehttp 28852 24612 "GET /api/learning-paths/ HTTP/1.1" 200 769
INFO 2025-07-29 16:12:37,668 basehttp 28852 32372 "GET /api/learning-paths/ HTTP/1.1" 200 769
INFO 2025-07-29 16:12:37,679 basehttp 28852 28440 "GET /api/learning-paths/ HTTP/1.1" 200 769
INFO 2025-07-29 16:12:37,689 basehttp 28852 27316 "GET /api/learning-paths/ HTTP/1.1" 200 769
INFO 2025-07-29 16:12:37,719 basehttp 28852 5948 "GET /api/learning-paths/ HTTP/1.1" 200 769
INFO 2025-07-29 16:12:37,738 basehttp 28852 23940 "GET /api/learning-paths/ HTTP/1.1" 200 769
INFO 2025-07-29 16:12:37,741 basehttp 28852 32372 "GET /api/learning-paths/ HTTP/1.1" 200 769
INFO 2025-07-29 16:12:37,742 basehttp 28852 24612 "GET /api/learning-paths/ HTTP/1.1" 200 769
INFO 2025-07-29 16:12:37,753 basehttp 28852 28440 "GET /api/learning-paths/ HTTP/1.1" 200 769
INFO 2025-07-29 16:12:37,777 basehttp 28852 27316 "GET /api/learning-paths/ HTTP/1.1" 200 769
INFO 2025-07-29 16:12:37,827 basehttp 28852 5948 "GET /api/learning-paths/ HTTP/1.1" 200 769
INFO 2025-07-29 16:12:37,891 basehttp 28852 23940 "GET /api/learning-paths/ HTTP/1.1" 200 769
INFO 2025-07-29 16:12:37,902 basehttp 28852 32372 "GET /api/learning-paths/ HTTP/1.1" 200 769
INFO 2025-07-29 16:12:37,927 basehttp 28852 27316 "GET /api/learning-paths/ HTTP/1.1" 200 769
INFO 2025-07-29 16:12:37,927 basehttp 28852 24612 "GET /api/learning-paths/ HTTP/1.1" 200 769
INFO 2025-07-29 16:12:37,928 basehttp 28852 28440 "GET /api/learning-paths/ HTTP/1.1" 200 769
INFO 2025-07-29 16:12:37,954 basehttp 28852 5948 "GET /api/learning-paths/ HTTP/1.1" 200 769
INFO 2025-07-29 16:12:38,012 basehttp 28852 23940 "GET /api/learning-paths/ HTTP/1.1" 200 769
INFO 2025-07-29 16:12:38,066 basehttp 28852 32372 "GET /api/learning-paths/ HTTP/1.1" 200 769
INFO 2025-07-29 16:12:38,074 basehttp 28852 24612 "GET /api/learning-paths/ HTTP/1.1" 200 769
INFO 2025-07-29 16:12:38,079 basehttp 28852 27316 "GET /api/learning-paths/ HTTP/1.1" 200 769
INFO 2025-07-29 16:12:38,129 basehttp 28852 28440 "GET /api/learning-paths/ HTTP/1.1" 200 769
INFO 2025-07-29 16:12:38,130 basehttp 28852 23940 "GET /api/learning-paths/ HTTP/1.1" 200 769
INFO 2025-07-29 16:12:38,129 basehttp 28852 5948 "GET /api/learning-paths/ HTTP/1.1" 200 769
INFO 2025-07-29 16:12:38,199 basehttp 28852 32372 "GET /api/learning-paths/ HTTP/1.1" 200 769
INFO 2025-07-29 16:12:38,201 basehttp 28852 24612 "GET /api/learning-paths/ HTTP/1.1" 200 769
INFO 2025-07-29 16:12:38,228 basehttp 28852 27316 "GET /api/learning-paths/ HTTP/1.1" 200 769
INFO 2025-07-29 16:12:38,292 basehttp 28852 28440 "GET /api/learning-paths/ HTTP/1.1" 200 769
INFO 2025-07-29 16:12:38,351 basehttp 28852 23940 "GET /api/learning-paths/ HTTP/1.1" 200 769
INFO 2025-07-29 16:12:38,419 basehttp 28852 5948 "GET /api/learning-paths/ HTTP/1.1" 200 769
INFO 2025-07-29 16:12:38,420 basehttp 28852 32372 "GET /api/learning-paths/ HTTP/1.1" 200 769
INFO 2025-07-29 16:12:38,475 basehttp 28852 24612 "GET /api/learning-paths/ HTTP/1.1" 200 769
INFO 2025-07-29 16:12:38,481 basehttp 28852 27316 "GET /api/learning-paths/ HTTP/1.1" 200 769
INFO 2025-07-29 16:12:38,554 basehttp 28852 28440 "GET /api/learning-paths/ HTTP/1.1" 200 769
INFO 2025-07-29 16:12:38,560 basehttp 28852 23940 "GET /api/learning-paths/ HTTP/1.1" 200 769
INFO 2025-07-29 16:12:38,568 basehttp 28852 5948 "GET /api/learning-paths/ HTTP/1.1" 200 769
INFO 2025-07-29 16:12:38,630 basehttp 28852 32372 "GET /api/learning-paths/ HTTP/1.1" 200 769
INFO 2025-07-29 16:12:38,696 basehttp 28852 24612 "GET /api/learning-paths/ HTTP/1.1" 200 769
INFO 2025-07-29 16:12:38,708 basehttp 28852 28440 "GET /api/learning-paths/ HTTP/1.1" 200 769
INFO 2025-07-29 16:12:38,710 basehttp 28852 27316 "GET /api/learning-paths/ HTTP/1.1" 200 769
INFO 2025-07-29 16:12:38,764 basehttp 28852 23940 "GET /api/learning-paths/ HTTP/1.1" 200 769
INFO 2025-07-29 16:12:38,768 basehttp 28852 5948 "GET /api/learning-paths/ HTTP/1.1" 200 769
INFO 2025-07-29 16:12:38,777 basehttp 28852 32372 "GET /api/learning-paths/ HTTP/1.1" 200 769
INFO 2025-07-29 16:12:38,832 basehttp 28852 28440 "GET /api/learning-paths/ HTTP/1.1" 200 769
INFO 2025-07-29 16:12:38,835 basehttp 28852 24612 "GET /api/learning-paths/ HTTP/1.1" 200 769
INFO 2025-07-29 16:12:38,909 basehttp 28852 23940 "GET /api/learning-paths/ HTTP/1.1" 200 769
INFO 2025-07-29 16:12:38,909 basehttp 28852 27316 "GET /api/learning-paths/ HTTP/1.1" 200 769
INFO 2025-07-29 16:12:38,925 basehttp 28852 5948 "GET /api/learning-paths/ HTTP/1.1" 200 769
INFO 2025-07-29 16:12:38,996 basehttp 28852 32372 "GET /api/learning-paths/ HTTP/1.1" 200 769
INFO 2025-07-29 16:12:38,998 basehttp 28852 28440 "GET /api/learning-paths/ HTTP/1.1" 200 769
INFO 2025-07-29 16:12:39,065 basehttp 28852 27316 "GET /api/learning-paths/ HTTP/1.1" 200 769
INFO 2025-07-29 16:12:39,073 basehttp 28852 23940 "GET /api/learning-paths/ HTTP/1.1" 200 769
INFO 2025-07-29 16:12:39,074 basehttp 28852 24612 "GET /api/learning-paths/ HTTP/1.1" 200 769
INFO 2025-07-29 16:12:39,100 basehttp 28852 5948 "GET /api/learning-paths/ HTTP/1.1" 200 769
INFO 2025-07-29 16:12:39,128 basehttp 28852 32372 "GET /api/learning-paths/ HTTP/1.1" 200 769
INFO 2025-07-29 16:12:39,234 basehttp 28852 28440 "GET /api/learning-paths/ HTTP/1.1" 200 769
INFO 2025-07-29 16:12:39,259 basehttp 28852 27316 "GET /api/learning-paths/ HTTP/1.1" 200 769
INFO 2025-07-29 16:12:39,275 basehttp 28852 24612 "GET /api/learning-paths/ HTTP/1.1" 200 769
INFO 2025-07-29 16:12:39,278 basehttp 28852 23940 "GET /api/learning-paths/ HTTP/1.1" 200 769
INFO 2025-07-29 16:12:39,322 basehttp 28852 5948 "GET /api/learning-paths/ HTTP/1.1" 200 769
INFO 2025-07-29 16:12:39,389 basehttp 28852 28440 "GET /api/learning-paths/ HTTP/1.1" 200 769
INFO 2025-07-29 16:12:39,390 basehttp 28852 32372 "GET /api/learning-paths/ HTTP/1.1" 200 769
INFO 2025-07-29 16:12:39,442 basehttp 28852 27316 "GET /api/learning-paths/ HTTP/1.1" 200 769
INFO 2025-07-29 16:12:39,447 basehttp 28852 24612 "GET /api/learning-paths/ HTTP/1.1" 200 769
INFO 2025-07-29 16:12:39,472 basehttp 28852 23940 "GET /api/learning-paths/ HTTP/1.1" 200 769
INFO 2025-07-29 16:12:39,510 basehttp 28852 5948 "GET /api/learning-paths/ HTTP/1.1" 200 769
INFO 2025-07-29 16:12:39,613 basehttp 28852 32372 "GET /api/learning-paths/ HTTP/1.1" 200 769
INFO 2025-07-29 16:12:39,614 basehttp 28852 28440 "GET /api/learning-paths/ HTTP/1.1" 200 769
INFO 2025-07-29 16:12:39,615 basehttp 28852 27316 "GET /api/learning-paths/ HTTP/1.1" 200 769
INFO 2025-07-29 16:12:39,679 basehttp 28852 5948 "GET /api/learning-paths/ HTTP/1.1" 200 769
INFO 2025-07-29 16:12:39,685 basehttp 28852 24612 "GET /api/learning-paths/ HTTP/1.1" 200 769
INFO 2025-07-29 16:12:39,690 basehttp 28852 23940 "GET /api/learning-paths/ HTTP/1.1" 200 769
INFO 2025-07-29 16:12:39,699 basehttp 28852 32372 "GET /api/learning-paths/ HTTP/1.1" 200 769
INFO 2025-07-29 16:12:39,723 basehttp 28852 28440 "GET /api/learning-paths/ HTTP/1.1" 200 769
INFO 2025-07-29 16:12:39,740 basehttp 28852 27316 "GET /api/learning-paths/ HTTP/1.1" 200 769
INFO 2025-07-29 16:12:39,790 basehttp 28852 5948 "GET /api/learning-paths/ HTTP/1.1" 200 769
INFO 2025-07-29 16:12:39,809 basehttp 28852 24612 "GET /api/learning-paths/ HTTP/1.1" 200 769
INFO 2025-07-29 16:12:39,904 basehttp 28852 28440 "GET /api/learning-paths/ HTTP/1.1" 200 769
INFO 2025-07-29 16:12:39,904 basehttp 28852 32372 "GET /api/learning-paths/ HTTP/1.1" 200 769
INFO 2025-07-29 16:12:39,904 basehttp 28852 23940 "GET /api/learning-paths/ HTTP/1.1" 200 769
INFO 2025-07-29 16:12:39,929 basehttp 28852 27316 "GET /api/learning-paths/ HTTP/1.1" 200 769
INFO 2025-07-29 16:12:39,936 basehttp 28852 24612 "GET /api/learning-paths/ HTTP/1.1" 200 769
INFO 2025-07-29 16:12:39,939 basehttp 28852 5948 "GET /api/learning-paths/ HTTP/1.1" 200 769
INFO 2025-07-29 16:12:40,059 basehttp 28852 23940 "GET /api/learning-paths/ HTTP/1.1" 200 769
INFO 2025-07-29 16:12:40,062 basehttp 28852 5948 "GET /api/learning-paths/ HTTP/1.1" 200 769
INFO 2025-07-29 16:12:40,063 basehttp 28852 32372 "GET /api/learning-paths/ HTTP/1.1" 200 769
INFO 2025-07-29 16:12:40,088 basehttp 28852 27316 "GET /api/learning-paths/ HTTP/1.1" 200 769
INFO 2025-07-29 16:12:40,092 basehttp 28852 24612 "GET /api/learning-paths/ HTTP/1.1" 200 769
INFO 2025-07-29 16:12:40,102 basehttp 28852 28440 "GET /api/learning-paths/ HTTP/1.1" 200 769
INFO 2025-07-29 16:12:40,203 basehttp 28852 23940 "GET /api/learning-paths/ HTTP/1.1" 200 769
INFO 2025-07-29 16:12:40,214 basehttp 28852 5948 "GET /api/learning-paths/ HTTP/1.1" 200 769
INFO 2025-07-29 16:12:40,230 basehttp 28852 32372 "GET /api/learning-paths/ HTTP/1.1" 200 769
INFO 2025-07-29 16:12:40,235 basehttp 28852 27316 "GET /api/learning-paths/ HTTP/1.1" 200 769
INFO 2025-07-29 16:12:40,245 basehttp 28852 24612 "GET /api/learning-paths/ HTTP/1.1" 200 769
INFO 2025-07-29 16:12:40,268 basehttp 28852 28440 "GET /api/learning-paths/ HTTP/1.1" 200 769
INFO 2025-07-29 16:12:40,280 basehttp 28852 23940 "GET /api/learning-paths/ HTTP/1.1" 200 769
INFO 2025-07-29 16:12:40,298 basehttp 28852 5948 "GET /api/learning-paths/ HTTP/1.1" 200 769
INFO 2025-07-29 16:12:40,327 basehttp 28852 32372 "GET /api/learning-paths/ HTTP/1.1" 200 769
INFO 2025-07-29 16:12:40,346 basehttp 28852 27316 "GET /api/learning-paths/ HTTP/1.1" 200 769
INFO 2025-07-29 16:12:40,458 basehttp 28852 24612 "GET /api/learning-paths/ HTTP/1.1" 200 769
INFO 2025-07-29 16:12:40,469 basehttp 28852 28440 "GET /api/learning-paths/ HTTP/1.1" 200 769
INFO 2025-07-29 16:12:40,477 basehttp 28852 23940 "GET /api/learning-paths/ HTTP/1.1" 200 769
INFO 2025-07-29 16:12:40,496 basehttp 28852 5948 "GET /api/learning-paths/ HTTP/1.1" 200 769
INFO 2025-07-29 16:12:40,544 basehttp 28852 32372 "GET /api/learning-paths/ HTTP/1.1" 200 769
INFO 2025-07-29 16:12:40,579 basehttp 28852 27316 "GET /api/learning-paths/ HTTP/1.1" 200 769
INFO 2025-07-29 16:12:40,627 basehttp 28852 24612 "GET /api/learning-paths/ HTTP/1.1" 200 769
INFO 2025-07-29 16:12:40,686 basehttp 28852 28440 "GET /api/learning-paths/ HTTP/1.1" 200 769
INFO 2025-07-29 16:12:40,697 basehttp 28852 23940 "GET /api/learning-paths/ HTTP/1.1" 200 769
INFO 2025-07-29 16:12:40,728 basehttp 28852 5948 "GET /api/learning-paths/ HTTP/1.1" 200 769
INFO 2025-07-29 16:12:40,761 basehttp 28852 32372 "GET /api/learning-paths/ HTTP/1.1" 200 769
INFO 2025-07-29 16:12:40,802 basehttp 28852 27316 "GET /api/learning-paths/ HTTP/1.1" 200 769
INFO 2025-07-29 16:12:40,848 basehttp 28852 24612 "GET /api/learning-paths/ HTTP/1.1" 200 769
INFO 2025-07-29 16:12:40,849 basehttp 28852 28440 "GET /api/learning-paths/ HTTP/1.1" 200 769
INFO 2025-07-29 16:12:40,931 basehttp 28852 23940 "GET /api/learning-paths/ HTTP/1.1" 200 769
INFO 2025-07-29 16:12:40,940 basehttp 28852 5948 "GET /api/learning-paths/ HTTP/1.1" 200 769
INFO 2025-07-29 16:12:40,965 basehttp 28852 32372 "GET /api/learning-paths/ HTTP/1.1" 200 769
INFO 2025-07-29 16:12:40,993 basehttp 28852 24612 "GET /api/learning-paths/ HTTP/1.1" 200 769
INFO 2025-07-29 16:12:40,996 basehttp 28852 27316 "GET /api/learning-paths/ HTTP/1.1" 200 769
INFO 2025-07-29 16:12:40,997 basehttp 28852 28440 "GET /api/learning-paths/ HTTP/1.1" 200 769
INFO 2025-07-29 16:12:41,018 basehttp 28852 23940 "GET /api/learning-paths/ HTTP/1.1" 200 769
INFO 2025-07-29 16:12:41,027 basehttp 28852 5948 "GET /api/learning-paths/ HTTP/1.1" 200 769
INFO 2025-07-29 16:12:41,059 basehttp 28852 32372 "GET /api/learning-paths/ HTTP/1.1" 200 769
INFO 2025-07-29 16:12:41,071 basehttp 28852 24612 "GET /api/learning-paths/ HTTP/1.1" 200 769
INFO 2025-07-29 16:12:41,074 basehttp 28852 27316 "GET /api/learning-paths/ HTTP/1.1" 200 769
INFO 2025-07-29 16:12:41,084 basehttp 28852 28440 "GET /api/learning-paths/ HTTP/1.1" 200 769
INFO 2025-07-29 16:12:41,111 basehttp 28852 23940 "GET /api/learning-paths/ HTTP/1.1" 200 769
INFO 2025-07-29 16:12:41,122 basehttp 28852 5948 "GET /api/learning-paths/ HTTP/1.1" 200 769
INFO 2025-07-29 16:12:41,141 basehttp 28852 32372 "GET /api/learning-paths/ HTTP/1.1" 200 769
INFO 2025-07-29 16:12:41,207 basehttp 28852 24612 "GET /api/learning-paths/ HTTP/1.1" 200 769
INFO 2025-07-29 16:12:41,339 basehttp 28852 27316 "GET /api/learning-paths/ HTTP/1.1" 200 769
INFO 2025-07-29 16:12:41,353 basehttp 28852 28440 "GET /api/learning-paths/ HTTP/1.1" 200 769
INFO 2025-07-29 16:12:41,376 basehttp 28852 5948 "GET /api/learning-paths/ HTTP/1.1" 200 769
INFO 2025-07-29 16:12:41,378 basehttp 28852 23940 "GET /api/learning-paths/ HTTP/1.1" 200 769
INFO 2025-07-29 16:12:41,421 basehttp 28852 32372 "GET /api/learning-paths/ HTTP/1.1" 200 769
INFO 2025-07-29 16:12:41,421 basehttp 28852 24612 "GET /api/learning-paths/ HTTP/1.1" 200 769
INFO 2025-07-29 16:12:41,451 basehttp 28852 27316 "GET /api/learning-paths/ HTTP/1.1" 200 769
INFO 2025-07-29 16:12:41,453 basehttp 28852 28440 "GET /api/learning-paths/ HTTP/1.1" 200 769
INFO 2025-07-29 16:12:41,504 basehttp 28852 5948 "GET /api/learning-paths/ HTTP/1.1" 200 769
INFO 2025-07-29 16:12:41,506 basehttp 28852 23940 "GET /api/learning-paths/ HTTP/1.1" 200 769
INFO 2025-07-29 16:12:41,528 basehttp 28852 24612 "GET /api/learning-paths/ HTTP/1.1" 200 769
INFO 2025-07-29 16:12:41,532 basehttp 28852 32372 "GET /api/learning-paths/ HTTP/1.1" 200 769
INFO 2025-07-29 16:12:41,582 basehttp 28852 28440 "GET /api/learning-paths/ HTTP/1.1" 200 769
INFO 2025-07-29 16:12:41,587 basehttp 28852 27316 "GET /api/learning-paths/ HTTP/1.1" 200 769
INFO 2025-07-29 16:12:41,637 basehttp 28852 5948 "GET /api/learning-paths/ HTTP/1.1" 200 769
INFO 2025-07-29 16:12:41,676 basehttp 28852 24612 "GET /api/learning-paths/ HTTP/1.1" 200 769
INFO 2025-07-29 16:12:41,682 basehttp 28852 23940 "GET /api/learning-paths/ HTTP/1.1" 200 769
INFO 2025-07-29 16:12:41,710 basehttp 28852 32372 "GET /api/learning-paths/ HTTP/1.1" 200 769
INFO 2025-07-29 16:12:41,741 basehttp 28852 28440 "GET /api/learning-paths/ HTTP/1.1" 200 769
INFO 2025-07-29 16:12:41,742 basehttp 28852 5948 "GET /api/learning-paths/ HTTP/1.1" 200 769
INFO 2025-07-29 16:12:41,743 basehttp 28852 27316 "GET /api/learning-paths/ HTTP/1.1" 200 769
INFO 2025-07-29 16:12:41,818 basehttp 28852 23940 "GET /api/learning-paths/ HTTP/1.1" 200 769
INFO 2025-07-29 16:12:41,821 basehttp 28852 24612 "GET /api/learning-paths/ HTTP/1.1" 200 769
INFO 2025-07-29 16:12:41,829 basehttp 28852 32372 "GET /api/learning-paths/ HTTP/1.1" 200 769
INFO 2025-07-29 16:12:41,831 basehttp 28852 28440 "GET /api/learning-paths/ HTTP/1.1" 200 769
INFO 2025-07-29 16:12:41,886 basehttp 28852 27316 "GET /api/learning-paths/ HTTP/1.1" 200 769
INFO 2025-07-29 16:12:41,886 basehttp 28852 5948 "GET /api/learning-paths/ HTTP/1.1" 200 769
INFO 2025-07-29 16:12:41,920 basehttp 28852 23940 "GET /api/learning-paths/ HTTP/1.1" 200 769
INFO 2025-07-29 16:12:41,937 basehttp 28852 32372 "GET /api/learning-paths/ HTTP/1.1" 200 769
INFO 2025-07-29 16:12:41,953 basehttp 28852 24612 "GET /api/learning-paths/ HTTP/1.1" 200 769
INFO 2025-07-29 16:12:41,954 basehttp 28852 28440 "GET /api/learning-paths/ HTTP/1.1" 200 769
INFO 2025-07-29 16:12:41,976 basehttp 28852 5948 "GET /api/learning-paths/ HTTP/1.1" 200 769
INFO 2025-07-29 16:12:41,977 basehttp 28852 27316 "GET /api/learning-paths/ HTTP/1.1" 200 769
INFO 2025-07-29 16:12:41,995 basehttp 28852 23940 "GET /api/learning-paths/ HTTP/1.1" 200 769
INFO 2025-07-29 16:12:42,014 basehttp 28852 32372 "GET /api/learning-paths/ HTTP/1.1" 200 769
INFO 2025-07-29 16:12:42,034 basehttp 28852 24612 "GET /api/learning-paths/ HTTP/1.1" 200 769
INFO 2025-07-29 16:12:42,035 basehttp 28852 28440 "GET /api/learning-paths/ HTTP/1.1" 200 769
INFO 2025-07-29 16:12:42,058 basehttp 28852 5948 "GET /api/learning-paths/ HTTP/1.1" 200 769
INFO 2025-07-29 16:12:42,058 basehttp 28852 27316 "GET /api/learning-paths/ HTTP/1.1" 200 769
INFO 2025-07-29 16:12:42,061 basehttp 28852 23940 "GET /api/learning-paths/ HTTP/1.1" 200 769
INFO 2025-07-29 16:12:42,095 basehttp 28852 32372 "GET /api/learning-paths/ HTTP/1.1" 200 769
INFO 2025-07-29 16:12:42,131 basehttp 28852 28440 "GET /api/learning-paths/ HTTP/1.1" 200 769
INFO 2025-07-29 16:12:42,133 basehttp 28852 24612 "GET /api/learning-paths/ HTTP/1.1" 200 769
INFO 2025-07-29 16:12:42,165 basehttp 28852 5948 "GET /api/learning-paths/ HTTP/1.1" 200 769
INFO 2025-07-29 16:12:42,166 basehttp 28852 27316 "GET /api/learning-paths/ HTTP/1.1" 200 769
INFO 2025-07-29 16:12:42,213 basehttp 28852 32372 "GET /api/learning-paths/ HTTP/1.1" 200 769
INFO 2025-07-29 16:12:42,214 basehttp 28852 28440 "GET /api/learning-paths/ HTTP/1.1" 200 769
INFO 2025-07-29 16:12:42,215 basehttp 28852 23940 "GET /api/learning-paths/ HTTP/1.1" 200 769
INFO 2025-07-29 16:12:42,244 basehttp 28852 24612 "GET /api/learning-paths/ HTTP/1.1" 200 769
INFO 2025-07-29 16:12:42,276 basehttp 28852 5948 "GET /api/learning-paths/ HTTP/1.1" 200 769
INFO 2025-07-29 16:12:42,278 basehttp 28852 27316 "GET /api/learning-paths/ HTTP/1.1" 200 769
INFO 2025-07-29 16:12:42,325 basehttp 28852 23940 "GET /api/learning-paths/ HTTP/1.1" 200 769
INFO 2025-07-29 16:12:42,327 basehttp 28852 28440 "GET /api/learning-paths/ HTTP/1.1" 200 769
INFO 2025-07-29 16:12:42,329 basehttp 28852 32372 "GET /api/learning-paths/ HTTP/1.1" 200 769
INFO 2025-07-29 16:12:42,346 basehttp 28852 24612 "GET /api/learning-paths/ HTTP/1.1" 200 769
INFO 2025-07-29 16:12:42,372 basehttp 28852 5948 "GET /api/learning-paths/ HTTP/1.1" 200 769
INFO 2025-07-29 16:12:42,374 basehttp 28852 27316 "GET /api/learning-paths/ HTTP/1.1" 200 769
INFO 2025-07-29 16:12:42,428 basehttp 28852 23940 "GET /api/learning-paths/ HTTP/1.1" 200 769
INFO 2025-07-29 16:12:42,454 basehttp 28852 28440 "GET /api/learning-paths/ HTTP/1.1" 200 769
INFO 2025-07-29 16:12:42,609 basehttp 28852 32372 "GET /api/learning-paths/ HTTP/1.1" 200 769
INFO 2025-07-29 16:12:42,756 basehttp 28852 24612 "GET /api/learning-paths/ HTTP/1.1" 200 769
INFO 2025-07-29 16:12:42,857 basehttp 28852 5948 "GET /api/learning-paths/ HTTP/1.1" 200 769
INFO 2025-07-29 16:12:42,906 basehttp 28852 27316 "GET /api/learning-paths/ HTTP/1.1" 200 769
INFO 2025-07-29 16:12:42,918 basehttp 28852 23940 "GET /api/learning-paths/ HTTP/1.1" 200 769
INFO 2025-07-29 16:12:42,934 basehttp 28852 32372 "GET /api/learning-paths/ HTTP/1.1" 200 769
INFO 2025-07-29 16:12:42,934 basehttp 28852 28440 "GET /api/learning-paths/ HTTP/1.1" 200 769
INFO 2025-07-29 16:12:42,951 basehttp 28852 24612 "GET /api/learning-paths/ HTTP/1.1" 200 769
INFO 2025-07-29 16:12:42,962 basehttp 28852 5948 "GET /api/learning-paths/ HTTP/1.1" 200 769
INFO 2025-07-29 16:12:42,979 basehttp 28852 27316 "GET /api/learning-paths/ HTTP/1.1" 200 769
INFO 2025-07-29 16:12:42,989 basehttp 28852 23940 "GET /api/learning-paths/ HTTP/1.1" 200 769
INFO 2025-07-29 16:12:43,002 basehttp 28852 32372 "GET /api/learning-paths/ HTTP/1.1" 200 769
INFO 2025-07-29 16:12:43,016 basehttp 28852 28440 "GET /api/learning-paths/ HTTP/1.1" 200 769
INFO 2025-07-29 16:12:43,095 basehttp 28852 24612 "GET /api/learning-paths/ HTTP/1.1" 200 769
INFO 2025-07-29 16:12:43,115 basehttp 28852 5948 "GET /api/learning-paths/ HTTP/1.1" 200 769
INFO 2025-07-29 16:12:43,116 basehttp 28852 27316 "GET /api/learning-paths/ HTTP/1.1" 200 769
INFO 2025-07-29 16:12:43,140 basehttp 28852 23940 "GET /api/learning-paths/ HTTP/1.1" 200 769
INFO 2025-07-29 16:12:43,161 basehttp 28852 32372 "GET /api/learning-paths/ HTTP/1.1" 200 769
INFO 2025-07-29 16:12:43,180 basehttp 28852 28440 "GET /api/learning-paths/ HTTP/1.1" 200 769
INFO 2025-07-29 16:12:43,182 basehttp 28852 24612 "GET /api/learning-paths/ HTTP/1.1" 200 769
INFO 2025-07-29 16:12:43,198 basehttp 28852 5948 "GET /api/learning-paths/ HTTP/1.1" 200 769
INFO 2025-07-29 16:12:43,217 basehttp 28852 23940 "GET /api/learning-paths/ HTTP/1.1" 200 769
INFO 2025-07-29 16:12:43,224 basehttp 28852 27316 "GET /api/learning-paths/ HTTP/1.1" 200 769
INFO 2025-07-29 16:12:43,233 basehttp 28852 32372 "GET /api/learning-paths/ HTTP/1.1" 200 769
INFO 2025-07-29 16:12:43,276 basehttp 28852 24612 "GET /api/learning-paths/ HTTP/1.1" 200 769
INFO 2025-07-29 16:12:43,281 basehttp 28852 28440 "GET /api/learning-paths/ HTTP/1.1" 200 769
INFO 2025-07-29 16:12:43,291 basehttp 28852 5948 "GET /api/learning-paths/ HTTP/1.1" 200 769
INFO 2025-07-29 16:12:43,314 basehttp 28852 23940 "GET /api/learning-paths/ HTTP/1.1" 200 769
INFO 2025-07-29 16:12:43,330 basehttp 28852 27316 "GET /api/learning-paths/ HTTP/1.1" 200 769
INFO 2025-07-29 16:12:43,336 basehttp 28852 32372 "GET /api/learning-paths/ HTTP/1.1" 200 769
INFO 2025-07-29 16:12:43,357 basehttp 28852 24612 "GET /api/learning-paths/ HTTP/1.1" 200 769
INFO 2025-07-29 16:12:43,381 basehttp 28852 5948 "GET /api/learning-paths/ HTTP/1.1" 200 769
INFO 2025-07-29 16:12:43,386 basehttp 28852 28440 "GET /api/learning-paths/ HTTP/1.1" 200 769
INFO 2025-07-29 16:12:43,410 basehttp 28852 23940 "GET /api/learning-paths/ HTTP/1.1" 200 769
INFO 2025-07-29 16:12:43,415 basehttp 28852 27316 "GET /api/learning-paths/ HTTP/1.1" 200 769
INFO 2025-07-29 16:12:43,444 basehttp 28852 24612 "GET /api/learning-paths/ HTTP/1.1" 200 769
INFO 2025-07-29 16:12:43,444 basehttp 28852 32372 "GET /api/learning-paths/ HTTP/1.1" 200 769
INFO 2025-07-29 16:12:43,474 basehttp 28852 5948 "GET /api/learning-paths/ HTTP/1.1" 200 769
INFO 2025-07-29 16:12:43,477 basehttp 28852 28440 "GET /api/learning-paths/ HTTP/1.1" 200 769
INFO 2025-07-29 16:12:43,495 basehttp 28852 23940 "GET /api/learning-paths/ HTTP/1.1" 200 769
INFO 2025-07-29 16:12:43,530 basehttp 28852 27316 "GET /api/learning-paths/ HTTP/1.1" 200 769
INFO 2025-07-29 16:12:43,542 basehttp 28852 32372 "GET /api/learning-paths/ HTTP/1.1" 200 769
INFO 2025-07-29 16:12:43,545 basehttp 28852 24612 "GET /api/learning-paths/ HTTP/1.1" 200 769
INFO 2025-07-29 16:12:43,564 basehttp 28852 5948 "GET /api/learning-paths/ HTTP/1.1" 200 769
INFO 2025-07-29 16:12:43,565 basehttp 28852 28440 "GET /api/learning-paths/ HTTP/1.1" 200 769
INFO 2025-07-29 16:12:43,602 basehttp 28852 23940 "GET /api/learning-paths/ HTTP/1.1" 200 769
INFO 2025-07-29 16:12:43,603 basehttp 28852 27316 "GET /api/learning-paths/ HTTP/1.1" 200 769
INFO 2025-07-29 16:12:43,618 basehttp 28852 32372 "GET /api/learning-paths/ HTTP/1.1" 200 769
INFO 2025-07-29 16:12:43,625 basehttp 28852 24612 "GET /api/learning-paths/ HTTP/1.1" 200 769
INFO 2025-07-29 16:12:43,650 basehttp 28852 5948 "GET /api/learning-paths/ HTTP/1.1" 200 769
INFO 2025-07-29 16:12:43,660 basehttp 28852 28440 "GET /api/learning-paths/ HTTP/1.1" 200 769
INFO 2025-07-29 16:12:43,669 basehttp 28852 23940 "GET /api/learning-paths/ HTTP/1.1" 200 769
INFO 2025-07-29 16:12:43,681 basehttp 28852 27316 "GET /api/learning-paths/ HTTP/1.1" 200 769
INFO 2025-07-29 16:12:43,692 basehttp 28852 32372 "GET /api/learning-paths/ HTTP/1.1" 200 769
INFO 2025-07-29 16:12:43,710 basehttp 28852 24612 "GET /api/learning-paths/ HTTP/1.1" 200 769
INFO 2025-07-29 16:12:43,725 basehttp 28852 28440 "GET /api/learning-paths/ HTTP/1.1" 200 769
INFO 2025-07-29 16:12:43,728 basehttp 28852 5948 "GET /api/learning-paths/ HTTP/1.1" 200 769
INFO 2025-07-29 16:12:43,741 basehttp 28852 23940 "GET /api/learning-paths/ HTTP/1.1" 200 769
INFO 2025-07-29 16:12:43,749 basehttp 28852 27316 "GET /api/learning-paths/ HTTP/1.1" 200 769
INFO 2025-07-29 16:12:43,767 basehttp 28852 32372 "GET /api/learning-paths/ HTTP/1.1" 200 769
INFO 2025-07-29 16:12:43,783 basehttp 28852 24612 "GET /api/learning-paths/ HTTP/1.1" 200 769
INFO 2025-07-29 16:12:43,795 basehttp 28852 28440 "GET /api/learning-paths/ HTTP/1.1" 200 769
INFO 2025-07-29 16:12:43,802 basehttp 28852 5948 "GET /api/learning-paths/ HTTP/1.1" 200 769
INFO 2025-07-29 16:12:43,811 basehttp 28852 23940 "GET /api/learning-paths/ HTTP/1.1" 200 769
INFO 2025-07-29 16:12:43,823 basehttp 28852 27316 "GET /api/learning-paths/ HTTP/1.1" 200 769
INFO 2025-07-29 16:12:43,839 basehttp 28852 32372 "GET /api/learning-paths/ HTTP/1.1" 200 769
INFO 2025-07-29 16:12:43,940 basehttp 28852 5948 "GET /api/curated/videos/ HTTP/1.1" 200 23776
INFO 2025-07-29 16:12:43,970 basehttp 28852 24612 "GET /api/curated/videos/ HTTP/1.1" 200 23776
INFO 2025-07-29 16:12:43,978 basehttp 28852 28440 "GET /api/curated/videos/ HTTP/1.1" 200 23776
INFO 2025-07-29 16:12:43,988 basehttp 28852 23940 "GET /api/curated/videos/ HTTP/1.1" 200 23776
INFO 2025-07-29 16:12:43,989 basehttp 28852 27316 "GET /api/curated/videos/ HTTP/1.1" 200 23776
INFO 2025-07-29 16:12:43,989 basehttp 28852 32372 "GET /api/curated/videos/ HTTP/1.1" 200 23776
INFO 2025-07-29 16:12:44,045 basehttp 28852 5948 "GET /api/curated/videos/ HTTP/1.1" 200 23776
INFO 2025-07-29 16:12:44,139 basehttp 28852 28440 "GET /api/curated/videos/ HTTP/1.1" 200 23776
INFO 2025-07-29 16:12:44,147 basehttp 28852 24612 "GET /api/curated/videos/ HTTP/1.1" 200 23776
INFO 2025-07-29 16:12:44,162 basehttp 28852 23940 "GET /api/curated/videos/ HTTP/1.1" 200 23776
INFO 2025-07-29 16:12:44,215 basehttp 28852 27316 "GET /api/curated/videos/ HTTP/1.1" 200 23776
INFO 2025-07-29 16:12:44,261 basehttp 28852 32372 "GET /api/curated/videos/ HTTP/1.1" 200 23776
INFO 2025-07-29 16:12:44,262 basehttp 28852 5948 "GET /api/curated/videos/ HTTP/1.1" 200 23776
INFO 2025-07-29 16:12:44,300 basehttp 28852 28440 "GET /api/curated/videos/ HTTP/1.1" 200 23776
INFO 2025-07-29 16:12:44,360 basehttp 28852 24612 "GET /api/curated/videos/ HTTP/1.1" 200 23776
INFO 2025-07-29 16:12:44,410 basehttp 28852 27316 "GET /api/curated/videos/ HTTP/1.1" 200 23776
INFO 2025-07-29 16:12:44,411 basehttp 28852 23940 "GET /api/curated/videos/ HTTP/1.1" 200 23776
INFO 2025-07-29 16:12:44,478 basehttp 28852 32372 "GET /api/curated/videos/ HTTP/1.1" 200 23776
INFO 2025-07-29 16:12:44,523 basehttp 28852 5948 "GET /api/curated/videos/ HTTP/1.1" 200 23776
INFO 2025-07-29 16:12:44,528 basehttp 28852 28440 "GET /api/curated/videos/ HTTP/1.1" 200 23776
INFO 2025-07-29 16:12:44,594 basehttp 28852 24612 "GET /api/curated/videos/ HTTP/1.1" 200 23776
INFO 2025-07-29 16:12:44,620 basehttp 28852 27316 "GET /api/curated/videos/ HTTP/1.1" 200 23776
INFO 2025-07-29 16:12:44,660 basehttp 28852 23940 "GET /api/curated/videos/ HTTP/1.1" 200 23776
INFO 2025-07-29 16:12:44,728 basehttp 28852 32372 "GET /api/curated/videos/ HTTP/1.1" 200 23776
INFO 2025-07-29 16:12:44,830 basehttp 28852 27316 "GET /api/curated/videos/ HTTP/1.1" 200 23776
INFO 2025-07-29 16:12:44,833 basehttp 28852 5948 "GET /api/curated/videos/ HTTP/1.1" 200 23776
INFO 2025-07-29 16:12:44,836 basehttp 28852 28440 "GET /api/curated/videos/ HTTP/1.1" 200 23776
INFO 2025-07-29 16:12:44,838 basehttp 28852 23940 "GET /api/curated/videos/ HTTP/1.1" 200 23776
INFO 2025-07-29 16:12:44,857 basehttp 28852 24612 "GET /api/curated/videos/ HTTP/1.1" 200 23776
INFO 2025-07-29 16:12:44,897 basehttp 28852 32372 "GET /api/curated/videos/ HTTP/1.1" 200 23776
INFO 2025-07-29 16:12:44,974 basehttp 28852 23940 "GET /api/curated/videos/ HTTP/1.1" 200 23776
INFO 2025-07-29 16:12:44,975 basehttp 28852 5948 "GET /api/curated/videos/ HTTP/1.1" 200 23776
INFO 2025-07-29 16:12:44,977 basehttp 28852 28440 "GET /api/curated/videos/ HTTP/1.1" 200 23776
INFO 2025-07-29 16:12:44,985 basehttp 28852 27316 "GET /api/curated/videos/ HTTP/1.1" 200 23776
INFO 2025-07-29 16:12:45,049 basehttp 28852 24612 "GET /api/curated/videos/ HTTP/1.1" 200 23776
INFO 2025-07-29 16:12:45,076 basehttp 28852 23940 "GET /api/curated/videos/ HTTP/1.1" 200 23776
INFO 2025-07-29 16:12:45,076 basehttp 28852 32372 "GET /api/curated/videos/ HTTP/1.1" 200 23776
INFO 2025-07-29 16:12:45,127 basehttp 28852 5948 "GET /api/curated/videos/ HTTP/1.1" 200 23776
INFO 2025-07-29 16:12:45,138 basehttp 28852 28440 "GET /api/curated/videos/ HTTP/1.1" 200 23776
INFO 2025-07-29 16:12:45,139 basehttp 28852 27316 "GET /api/curated/videos/ HTTP/1.1" 200 23776
INFO 2025-07-29 16:12:45,163 basehttp 28852 24612 "GET /api/curated/videos/ HTTP/1.1" 200 23776
INFO 2025-07-29 16:12:45,221 basehttp 28852 23940 "GET /api/curated/videos/ HTTP/1.1" 200 23776
INFO 2025-07-29 16:12:45,281 basehttp 28852 32372 "GET /api/curated/videos/ HTTP/1.1" 200 23776
INFO 2025-07-29 16:12:45,299 basehttp 28852 5948 "GET /api/curated/videos/ HTTP/1.1" 200 23776
INFO 2025-07-29 16:12:45,322 basehttp 28852 28440 "GET /api/curated/videos/ HTTP/1.1" 200 23776
INFO 2025-07-29 16:12:45,341 basehttp 28852 27316 "GET /api/curated/videos/ HTTP/1.1" 200 23776
INFO 2025-07-29 16:12:45,391 basehttp 28852 24612 "GET /api/curated/videos/ HTTP/1.1" 200 23776
INFO 2025-07-29 16:12:45,435 basehttp 28852 5948 "GET /api/curated/videos/ HTTP/1.1" 200 23776
INFO 2025-07-29 16:12:45,438 basehttp 28852 23940 "GET /api/curated/videos/ HTTP/1.1" 200 23776
INFO 2025-07-29 16:12:45,449 basehttp 28852 32372 "GET /api/curated/videos/ HTTP/1.1" 200 23776
INFO 2025-07-29 16:12:45,453 basehttp 28852 28440 "GET /api/curated/videos/ HTTP/1.1" 200 23776
INFO 2025-07-29 16:12:45,528 basehttp 28852 24612 "GET /api/curated/videos/ HTTP/1.1" 200 23776
INFO 2025-07-29 16:12:45,544 basehttp 28852 27316 "GET /api/curated/videos/ HTTP/1.1" 200 23776
INFO 2025-07-29 16:12:45,545 basehttp 28852 5948 "GET /api/curated/videos/ HTTP/1.1" 200 23776
INFO 2025-07-29 16:12:45,582 basehttp 28852 23940 "GET /api/curated/videos/ HTTP/1.1" 200 23776
INFO 2025-07-29 16:12:45,583 basehttp 28852 32372 "GET /api/curated/videos/ HTTP/1.1" 200 23776
INFO 2025-07-29 16:12:45,628 basehttp 28852 28440 "GET /api/curated/videos/ HTTP/1.1" 200 23776
INFO 2025-07-29 16:12:45,688 basehttp 28852 27316 "GET /api/curated/videos/ HTTP/1.1" 200 23776
INFO 2025-07-29 16:12:45,710 basehttp 28852 24612 "GET /api/curated/videos/ HTTP/1.1" 200 23776
INFO 2025-07-29 16:12:45,729 basehttp 28852 32372 "GET /api/curated/videos/ HTTP/1.1" 200 23776
INFO 2025-07-29 16:12:45,749 basehttp 28852 23940 "GET /api/curated/videos/ HTTP/1.1" 200 23776
INFO 2025-07-29 16:12:45,750 basehttp 28852 5948 "GET /api/curated/videos/ HTTP/1.1" 200 23776
INFO 2025-07-29 16:12:45,781 basehttp 28852 28440 "GET /api/curated/videos/ HTTP/1.1" 200 23776
INFO 2025-07-29 16:12:45,822 basehttp 28852 27316 "GET /api/curated/videos/ HTTP/1.1" 200 23776
INFO 2025-07-29 16:12:45,842 basehttp 28852 32372 "GET /api/curated/videos/ HTTP/1.1" 200 23776
INFO 2025-07-29 16:12:45,865 basehttp 28852 23940 "GET /api/curated/videos/ HTTP/1.1" 200 23776
INFO 2025-07-29 16:12:45,869 basehttp 28852 24612 "GET /api/curated/videos/ HTTP/1.1" 200 23776
INFO 2025-07-29 16:12:45,910 basehttp 28852 28440 "GET /api/curated/videos/ HTTP/1.1" 200 23776
INFO 2025-07-29 16:12:45,913 basehttp 28852 5948 "GET /api/curated/videos/ HTTP/1.1" 200 23776
INFO 2025-07-29 16:12:45,954 basehttp 28852 27316 "GET /api/curated/videos/ HTTP/1.1" 200 23776
INFO 2025-07-29 16:12:46,017 basehttp 28852 32372 "GET /api/curated/videos/ HTTP/1.1" 200 23776
INFO 2025-07-29 16:12:46,033 basehttp 28852 28440 "GET /api/curated/videos/ HTTP/1.1" 200 23776
INFO 2025-07-29 16:12:46,046 basehttp 28852 24612 "GET /api/curated/videos/ HTTP/1.1" 200 23776
INFO 2025-07-29 16:12:46,047 basehttp 28852 23940 "GET /api/curated/videos/ HTTP/1.1" 200 23776
INFO 2025-07-29 16:12:46,111 basehttp 28852 5948 "GET /api/curated/videos/ HTTP/1.1" 200 23776
INFO 2025-07-29 16:12:46,114 basehttp 28852 27316 "GET /api/curated/videos/ HTTP/1.1" 200 23776
INFO 2025-07-29 16:12:46,133 basehttp 28852 32372 "GET /api/curated/videos/ HTTP/1.1" 200 23776
INFO 2025-07-29 16:12:46,211 basehttp 28852 28440 "GET /api/curated/videos/ HTTP/1.1" 200 23776
INFO 2025-07-29 16:12:46,251 basehttp 28852 24612 "GET /api/curated/videos/ HTTP/1.1" 200 23776
INFO 2025-07-29 16:12:46,283 basehttp 28852 23940 "GET /api/curated/videos/ HTTP/1.1" 200 23776
INFO 2025-07-29 16:12:46,285 basehttp 28852 5948 "GET /api/curated/videos/ HTTP/1.1" 200 23776
INFO 2025-07-29 16:12:46,299 basehttp 28852 27316 "GET /api/curated/videos/ HTTP/1.1" 200 23776
INFO 2025-07-29 16:12:46,322 basehttp 28852 32372 "GET /api/curated/videos/ HTTP/1.1" 200 23776
INFO 2025-07-29 16:12:46,337 basehttp 28852 28440 "GET /api/curated/videos/ HTTP/1.1" 200 23776
INFO 2025-07-29 16:12:46,399 basehttp 28852 24612 "GET /api/curated/videos/ HTTP/1.1" 200 23776
INFO 2025-07-29 16:12:46,423 basehttp 28852 5948 "GET /api/curated/videos/ HTTP/1.1" 200 23776
INFO 2025-07-29 16:12:46,424 basehttp 28852 27316 "GET /api/curated/videos/ HTTP/1.1" 200 23776
INFO 2025-07-29 16:12:46,425 basehttp 28852 23940 "GET /api/curated/videos/ HTTP/1.1" 200 23776
INFO 2025-07-29 16:12:46,504 basehttp 28852 28440 "GET /api/curated/videos/ HTTP/1.1" 200 23776
INFO 2025-07-29 16:12:46,505 basehttp 28852 32372 "GET /api/curated/videos/ HTTP/1.1" 200 23776
INFO 2025-07-29 16:12:46,538 basehttp 28852 24612 "GET /api/curated/videos/ HTTP/1.1" 200 23776
INFO 2025-07-29 16:12:46,590 basehttp 28852 5948 "GET /api/curated/videos/ HTTP/1.1" 200 23776
INFO 2025-07-29 16:12:46,591 basehttp 28852 27316 "GET /api/curated/videos/ HTTP/1.1" 200 23776
INFO 2025-07-29 16:12:46,665 basehttp 28852 23940 "GET /api/curated/videos/ HTTP/1.1" 200 23776
INFO 2025-07-29 16:12:46,667 basehttp 28852 32372 "GET /api/curated/videos/ HTTP/1.1" 200 23776
INFO 2025-07-29 16:12:46,669 basehttp 28852 28440 "GET /api/curated/videos/ HTTP/1.1" 200 23776
INFO 2025-07-29 16:12:46,718 basehttp 28852 24612 "GET /api/curated/videos/ HTTP/1.1" 200 23776
INFO 2025-07-29 16:12:46,729 basehttp 28852 5948 "GET /api/curated/videos/ HTTP/1.1" 200 23776
INFO 2025-07-29 16:12:46,732 basehttp 28852 27316 "GET /api/curated/videos/ HTTP/1.1" 200 23776
INFO 2025-07-29 16:12:46,813 basehttp 28852 32372 "GET /api/curated/videos/ HTTP/1.1" 200 23776
INFO 2025-07-29 16:12:46,824 basehttp 28852 23940 "GET /api/curated/videos/ HTTP/1.1" 200 23776
INFO 2025-07-29 16:12:46,828 basehttp 28852 28440 "GET /api/curated/videos/ HTTP/1.1" 200 23776
INFO 2025-07-29 16:12:46,889 basehttp 28852 5948 "GET /api/curated/videos/ HTTP/1.1" 200 23776
INFO 2025-07-29 16:12:46,889 basehttp 28852 24612 "GET /api/curated/videos/ HTTP/1.1" 200 23776
INFO 2025-07-29 16:12:46,954 basehttp 28852 27316 "GET /api/curated/videos/ HTTP/1.1" 200 23776
INFO 2025-07-29 16:12:46,958 basehttp 28852 32372 "GET /api/curated/videos/ HTTP/1.1" 200 23776
INFO 2025-07-29 16:12:47,025 basehttp 28852 23940 "GET /api/curated/videos/ HTTP/1.1" 200 23776
INFO 2025-07-29 16:12:47,068 basehttp 28852 28440 "GET /api/curated/videos/ HTTP/1.1" 200 23776
INFO 2025-07-29 16:12:47,115 basehttp 28852 27316 "GET /api/curated/videos/ HTTP/1.1" 200 23776
INFO 2025-07-29 16:12:47,143 basehttp 28852 24612 "GET /api/curated/videos/ HTTP/1.1" 200 23776
INFO 2025-07-29 16:12:47,150 basehttp 28852 32372 "GET /api/curated/videos/ HTTP/1.1" 200 23776
INFO 2025-07-29 16:12:47,150 basehttp 28852 5948 "GET /api/curated/videos/ HTTP/1.1" 200 23776
INFO 2025-07-29 16:12:47,244 basehttp 28852 23940 "GET /api/curated/videos/ HTTP/1.1" 200 23776
INFO 2025-07-29 16:12:47,263 basehttp 28852 27316 "GET /api/curated/videos/ HTTP/1.1" 200 23776
INFO 2025-07-29 16:12:47,264 basehttp 28852 24612 "GET /api/curated/videos/ HTTP/1.1" 200 23776
INFO 2025-07-29 16:12:47,266 basehttp 28852 28440 "GET /api/curated/videos/ HTTP/1.1" 200 23776
INFO 2025-07-29 16:12:47,273 basehttp 28852 32372 "GET /api/curated/videos/ HTTP/1.1" 200 23776
INFO 2025-07-29 16:12:47,370 basehttp 28852 23940 "GET /api/curated/videos/ HTTP/1.1" 200 23776
INFO 2025-07-29 16:12:47,371 basehttp 28852 5948 "GET /api/curated/videos/ HTTP/1.1" 200 23776
INFO 2025-07-29 16:12:47,377 basehttp 28852 27316 "GET /api/curated/videos/ HTTP/1.1" 200 23776
INFO 2025-07-29 16:12:47,404 basehttp 28852 28440 "GET /api/curated/videos/ HTTP/1.1" 200 23776
INFO 2025-07-29 16:12:47,427 basehttp 28852 24612 "GET /api/curated/videos/ HTTP/1.1" 200 23776
INFO 2025-07-29 16:12:47,440 basehttp 28852 32372 "GET /api/curated/videos/ HTTP/1.1" 200 23776
INFO 2025-07-29 16:12:47,476 basehttp 28852 23940 "GET /api/curated/videos/ HTTP/1.1" 200 23776
INFO 2025-07-29 16:12:47,543 basehttp 28852 5948 "GET /api/curated/videos/ HTTP/1.1" 200 23776
INFO 2025-07-29 16:12:47,547 basehttp 28852 27316 "GET /api/curated/videos/ HTTP/1.1" 200 23776
INFO 2025-07-29 16:12:47,557 basehttp 28852 28440 "GET /api/curated/videos/ HTTP/1.1" 200 23776
INFO 2025-07-29 16:12:47,559 basehttp 28852 24612 "GET /api/curated/videos/ HTTP/1.1" 200 23776
INFO 2025-07-29 16:12:47,568 basehttp 28852 32372 "GET /api/curated/videos/ HTTP/1.1" 200 23776
INFO 2025-07-29 16:12:47,644 basehttp 28852 23940 "GET /api/curated/videos/ HTTP/1.1" 200 23776
INFO 2025-07-29 16:12:47,666 basehttp 28852 5948 "GET /api/curated/videos/ HTTP/1.1" 200 23776
INFO 2025-07-29 16:12:47,679 basehttp 28852 27316 "GET /api/curated/videos/ HTTP/1.1" 200 23776
INFO 2025-07-29 16:12:47,680 basehttp 28852 28440 "GET /api/curated/videos/ HTTP/1.1" 200 23776
INFO 2025-07-29 16:12:47,707 basehttp 28852 24612 "GET /api/curated/videos/ HTTP/1.1" 200 23776
INFO 2025-07-29 16:12:47,722 basehttp 28852 32372 "GET /api/curated/videos/ HTTP/1.1" 200 23776
INFO 2025-07-29 16:12:47,777 basehttp 28852 23940 "GET /api/curated/videos/ HTTP/1.1" 200 23776
INFO 2025-07-29 16:12:47,784 basehttp 28852 5948 "GET /api/curated/videos/ HTTP/1.1" 200 23776
INFO 2025-07-29 16:12:47,846 basehttp 28852 27316 "GET /api/curated/videos/ HTTP/1.1" 200 23776
INFO 2025-07-29 16:12:47,848 basehttp 28852 28440 "GET /api/curated/videos/ HTTP/1.1" 200 23776
INFO 2025-07-29 16:12:47,885 basehttp 28852 24612 "GET /api/curated/videos/ HTTP/1.1" 200 23776
INFO 2025-07-29 16:12:47,897 basehttp 28852 32372 "GET /api/curated/videos/ HTTP/1.1" 200 23776
INFO 2025-07-29 16:12:47,905 basehttp 28852 23940 "GET /api/curated/videos/ HTTP/1.1" 200 23776
INFO 2025-07-29 16:12:47,914 basehttp 28852 5948 "GET /api/curated/videos/ HTTP/1.1" 200 23776
INFO 2025-07-29 16:12:47,934 basehttp 28852 27316 "GET /api/curated/videos/ HTTP/1.1" 200 23776
INFO 2025-07-29 16:12:47,944 basehttp 28852 28440 "GET /api/curated/videos/ HTTP/1.1" 200 23776
INFO 2025-07-29 16:12:47,983 basehttp 28852 32372 "GET /api/curated/videos/ HTTP/1.1" 200 23776
INFO 2025-07-29 16:12:47,984 basehttp 28852 24612 "GET /api/curated/videos/ HTTP/1.1" 200 23776
INFO 2025-07-29 16:12:48,001 basehttp 28852 23940 "GET /api/curated/videos/ HTTP/1.1" 200 23776
INFO 2025-07-29 16:12:48,051 basehttp 28852 27316 "GET /api/curated/videos/ HTTP/1.1" 200 23776
INFO 2025-07-29 16:12:48,051 basehttp 28852 5948 "GET /api/curated/videos/ HTTP/1.1" 200 23776
INFO 2025-07-29 16:12:48,053 basehttp 28852 28440 "GET /api/curated/videos/ HTTP/1.1" 200 23776
INFO 2025-07-29 16:12:48,064 basehttp 28852 32372 "GET /api/curated/videos/ HTTP/1.1" 200 23776
INFO 2025-07-29 16:12:48,130 basehttp 28852 23940 "GET /api/curated/videos/ HTTP/1.1" 200 23776
INFO 2025-07-29 16:12:48,133 basehttp 28852 24612 "GET /api/curated/videos/ HTTP/1.1" 200 23776
INFO 2025-07-29 16:12:48,176 basehttp 28852 27316 "GET /api/curated/videos/ HTTP/1.1" 200 23776
INFO 2025-07-29 16:12:48,179 basehttp 28852 5948 "GET /api/curated/videos/ HTTP/1.1" 200 23776
INFO 2025-07-29 16:12:48,202 basehttp 28852 28440 "GET /api/curated/videos/ HTTP/1.1" 200 23776
INFO 2025-07-29 16:12:48,240 basehttp 28852 32372 "GET /api/curated/videos/ HTTP/1.1" 200 23776
INFO 2025-07-29 16:12:48,327 basehttp 28852 23940 "GET /api/curated/videos/ HTTP/1.1" 200 23776
INFO 2025-07-29 16:12:48,433 basehttp 28852 24612 "GET /api/curated/videos/ HTTP/1.1" 200 23776
INFO 2025-07-29 16:12:48,876 basehttp 28852 27316 "GET /api/curated/videos/ HTTP/1.1" 200 23776
INFO 2025-07-29 16:12:48,951 basehttp 28852 28440 "GET /api/curated/videos/ HTTP/1.1" 200 23776
INFO 2025-07-29 16:12:49,001 basehttp 28852 5948 "GET /api/curated/videos/ HTTP/1.1" 200 23776
INFO 2025-07-29 16:12:49,003 basehttp 28852 32372 "GET /api/curated/videos/ HTTP/1.1" 200 23776
INFO 2025-07-29 16:12:49,033 basehttp 28852 24612 "GET /api/curated/videos/ HTTP/1.1" 200 23776
INFO 2025-07-29 16:12:49,037 basehttp 28852 23940 "GET /api/curated/videos/ HTTP/1.1" 200 23776
INFO 2025-07-29 16:12:49,082 basehttp 28852 27316 "GET /api/curated/videos/ HTTP/1.1" 200 23776
INFO 2025-07-29 16:12:49,125 basehttp 28852 28440 "GET /api/curated/videos/ HTTP/1.1" 200 23776
INFO 2025-07-29 16:12:49,128 basehttp 28852 5948 "GET /api/curated/videos/ HTTP/1.1" 200 23776
INFO 2025-07-29 16:12:49,191 basehttp 28852 32372 "GET /api/curated/videos/ HTTP/1.1" 200 23776
INFO 2025-07-29 16:12:49,192 basehttp 28852 23940 "GET /api/curated/videos/ HTTP/1.1" 200 23776
INFO 2025-07-29 16:12:49,216 basehttp 28852 24612 "GET /api/curated/videos/ HTTP/1.1" 200 23776
INFO 2025-07-29 16:12:49,220 basehttp 28852 27316 "GET /api/curated/videos/ HTTP/1.1" 200 23776
INFO 2025-07-29 16:12:49,292 basehttp 28852 28440 "GET /api/curated/videos/ HTTP/1.1" 200 23776
INFO 2025-07-29 16:12:49,329 basehttp 28852 5948 "GET /api/curated/videos/ HTTP/1.1" 200 23776
INFO 2025-07-29 16:12:49,331 basehttp 28852 32372 "GET /api/curated/videos/ HTTP/1.1" 200 23776
INFO 2025-07-29 16:12:49,373 basehttp 28852 23940 "GET /api/curated/videos/ HTTP/1.1" 200 23776
INFO 2025-07-29 16:12:49,374 basehttp 28852 27316 "GET /api/curated/videos/ HTTP/1.1" 200 23776
INFO 2025-07-29 16:12:49,374 basehttp 28852 24612 "GET /api/curated/videos/ HTTP/1.1" 200 23776
INFO 2025-07-29 16:12:49,444 basehttp 28852 28440 "GET /api/curated/videos/ HTTP/1.1" 200 23776
INFO 2025-07-29 16:12:49,448 basehttp 28852 5948 "GET /api/curated/videos/ HTTP/1.1" 200 23776
INFO 2025-07-29 16:12:49,512 basehttp 28852 23940 "GET /api/curated/videos/ HTTP/1.1" 200 23776
INFO 2025-07-29 16:12:49,513 basehttp 28852 32372 "GET /api/curated/videos/ HTTP/1.1" 200 23776
INFO 2025-07-29 16:12:49,548 basehttp 28852 27316 "GET /api/curated/videos/ HTTP/1.1" 200 23776
INFO 2025-07-29 16:12:49,551 basehttp 28852 24612 "GET /api/curated/videos/ HTTP/1.1" 200 23776
INFO 2025-07-29 16:12:49,583 basehttp 28852 28440 "GET /api/curated/videos/ HTTP/1.1" 200 23776
INFO 2025-07-29 16:12:49,633 basehttp 28852 5948 "GET /api/curated/videos/ HTTP/1.1" 200 23776
INFO 2025-07-29 16:12:49,655 basehttp 28852 23940 "GET /api/curated/videos/ HTTP/1.1" 200 23776
INFO 2025-07-29 16:12:49,656 basehttp 28852 32372 "GET /api/curated/videos/ HTTP/1.1" 200 23776
INFO 2025-07-29 16:12:49,715 basehttp 28852 27316 "GET /api/curated/videos/ HTTP/1.1" 200 23776
INFO 2025-07-29 16:12:49,788 basehttp 28852 24612 "GET /api/curated/videos/ HTTP/1.1" 200 23776
INFO 2025-07-29 16:12:49,797 basehttp 28852 28440 "GET /api/curated/videos/ HTTP/1.1" 200 23776
INFO 2025-07-29 16:12:49,845 basehttp 28852 5948 "GET /api/curated/videos/ HTTP/1.1" 200 23776
INFO 2025-07-29 16:12:49,915 basehttp 28852 23940 "GET /api/curated/videos/ HTTP/1.1" 200 23776
INFO 2025-07-29 16:12:49,957 basehttp 28852 28440 "GET /api/curated/videos/ HTTP/1.1" 200 23776
INFO 2025-07-29 16:12:49,960 basehttp 28852 32372 "GET /api/curated/videos/ HTTP/1.1" 200 23776
INFO 2025-07-29 16:12:49,963 basehttp 28852 24612 "GET /api/curated/videos/ HTTP/1.1" 200 23776
INFO 2025-07-29 16:12:50,040 basehttp 28852 27316 "GET /api/curated/videos/ HTTP/1.1" 200 23776
INFO 2025-07-29 16:12:50,044 basehttp 28852 5948 "GET /api/curated/videos/ HTTP/1.1" 200 23776
INFO 2025-07-29 16:12:50,044 basehttp 28852 23940 "GET /api/curated/videos/ HTTP/1.1" 200 23776
INFO 2025-07-29 16:12:50,066 basehttp 28852 28440 "GET /api/curated/videos/ HTTP/1.1" 200 23776
INFO 2025-07-29 16:12:50,089 basehttp 28852 32372 "GET /api/curated/videos/ HTTP/1.1" 200 23776
INFO 2025-07-29 16:12:50,105 basehttp 28852 24612 "GET /api/curated/videos/ HTTP/1.1" 200 23776
INFO 2025-07-29 16:12:50,165 basehttp 28852 27316 "GET /api/curated/videos/ HTTP/1.1" 200 23776
INFO 2025-07-29 16:12:50,209 basehttp 28852 5948 "GET /api/curated/videos/ HTTP/1.1" 200 23776
INFO 2025-07-29 16:12:50,211 basehttp 28852 23940 "GET /api/curated/videos/ HTTP/1.1" 200 23776
INFO 2025-07-29 16:12:50,268 basehttp 28852 28440 "GET /api/curated/videos/ HTTP/1.1" 200 23776
INFO 2025-07-29 16:12:50,352 basehttp 28852 32372 "GET /api/curated/videos/ HTTP/1.1" 200 23776
INFO 2025-07-29 16:12:50,353 basehttp 28852 24612 "GET /api/curated/videos/ HTTP/1.1" 200 23776
INFO 2025-07-29 16:12:50,402 basehttp 28852 27316 "GET /api/curated/videos/ HTTP/1.1" 200 23776
INFO 2025-07-29 16:12:50,416 basehttp 28852 5948 "GET /api/curated/videos/ HTTP/1.1" 200 23776
INFO 2025-07-29 16:12:50,460 basehttp 28852 23940 "GET /api/curated/videos/ HTTP/1.1" 200 23776
INFO 2025-07-29 16:12:50,461 basehttp 28852 28440 "GET /api/curated/videos/ HTTP/1.1" 200 23776
INFO 2025-07-29 16:12:50,495 basehttp 28852 24612 "GET /api/curated/videos/ HTTP/1.1" 200 23776
INFO 2025-07-29 16:12:50,527 basehttp 28852 32372 "GET /api/curated/videos/ HTTP/1.1" 200 23776
INFO 2025-07-29 16:12:50,590 basehttp 28852 27316 "GET /api/curated/videos/ HTTP/1.1" 200 23776
INFO 2025-07-29 16:12:50,602 basehttp 28852 5948 "GET /api/curated/videos/ HTTP/1.1" 200 23776
INFO 2025-07-29 16:12:50,619 basehttp 28852 23940 "GET /api/curated/videos/ HTTP/1.1" 200 23776
INFO 2025-07-29 16:12:50,668 basehttp 28852 24612 "GET /api/curated/videos/ HTTP/1.1" 200 23776
INFO 2025-07-29 16:12:50,672 basehttp 28852 28440 "GET /api/curated/videos/ HTTP/1.1" 200 23776
INFO 2025-07-29 16:12:50,700 basehttp 28852 27316 "GET /api/curated/videos/ HTTP/1.1" 200 23776
INFO 2025-07-29 16:12:50,735 basehttp 28852 32372 "GET /api/curated/videos/ HTTP/1.1" 200 23776
INFO 2025-07-29 16:12:50,738 basehttp 28852 5948 "GET /api/curated/videos/ HTTP/1.1" 200 23776
INFO 2025-07-29 16:12:50,741 basehttp 28852 23940 "GET /api/curated/videos/ HTTP/1.1" 200 23776
INFO 2025-07-29 16:12:50,841 basehttp 28852 24612 "GET /api/curated/videos/ HTTP/1.1" 200 23776
INFO 2025-07-29 16:12:50,954 basehttp 28852 28440 "GET /api/curated/videos/ HTTP/1.1" 200 23776
INFO 2025-07-29 16:12:50,979 basehttp 28852 27316 "GET /api/curated/videos/ HTTP/1.1" 200 23776
INFO 2025-07-29 16:12:50,980 basehttp 28852 32372 "GET /api/curated/videos/ HTTP/1.1" 200 23776
INFO 2025-07-29 16:12:50,983 basehttp 28852 5948 "GET /api/curated/videos/ HTTP/1.1" 200 23776
INFO 2025-07-29 16:12:50,996 basehttp 28852 23940 "GET /api/curated/videos/ HTTP/1.1" 200 23776
INFO 2025-07-29 16:12:51,041 basehttp 28852 24612 "GET /api/curated/videos/ HTTP/1.1" 200 23776
INFO 2025-07-29 16:12:51,122 basehttp 28852 28440 "GET /api/curated/videos/ HTTP/1.1" 200 23776
INFO 2025-07-29 16:12:51,131 basehttp 28852 32372 "GET /api/curated/videos/ HTTP/1.1" 200 23776
INFO 2025-07-29 16:12:51,140 basehttp 28852 27316 "GET /api/curated/videos/ HTTP/1.1" 200 23776
INFO 2025-07-29 16:12:51,141 basehttp 28852 5948 "GET /api/curated/videos/ HTTP/1.1" 200 23776
INFO 2025-07-29 16:12:51,172 basehttp 28852 23940 "GET /api/curated/videos/ HTTP/1.1" 200 23776
INFO 2025-07-29 16:12:51,231 basehttp 28852 24612 "GET /api/curated/videos/ HTTP/1.1" 200 23776
INFO 2025-07-29 16:12:51,284 basehttp 28852 28440 "GET /api/curated/videos/ HTTP/1.1" 200 23776
INFO 2025-07-29 16:12:51,302 basehttp 28852 32372 "GET /api/curated/videos/ HTTP/1.1" 200 23776
INFO 2025-07-29 16:12:51,386 basehttp 28852 27316 "GET /api/curated/videos/ HTTP/1.1" 200 23776
INFO 2025-07-29 16:12:51,399 basehttp 28852 5948 "GET /api/curated/videos/ HTTP/1.1" 200 23776
INFO 2025-07-29 16:12:51,480 basehttp 28852 23940 "GET /api/curated/videos/ HTTP/1.1" 200 23776
INFO 2025-07-29 16:12:51,489 basehttp 28852 24612 "GET /api/curated/videos/ HTTP/1.1" 200 23776
INFO 2025-07-29 16:12:51,491 basehttp 28852 32372 "GET /api/curated/videos/ HTTP/1.1" 200 23776
INFO 2025-07-29 16:12:51,494 basehttp 28852 28440 "GET /api/curated/videos/ HTTP/1.1" 200 23776
INFO 2025-07-29 16:12:51,577 basehttp 28852 27316 "GET /api/curated/videos/ HTTP/1.1" 200 23776
INFO 2025-07-29 16:12:51,602 basehttp 28852 5948 "GET /api/curated/videos/ HTTP/1.1" 200 23776
INFO 2025-07-29 16:12:51,611 basehttp 28852 24612 "GET /api/curated/videos/ HTTP/1.1" 200 23776
INFO 2025-07-29 16:12:51,612 basehttp 28852 23940 "GET /api/curated/videos/ HTTP/1.1" 200 23776
INFO 2025-07-29 16:12:51,614 basehttp 28852 32372 "GET /api/curated/videos/ HTTP/1.1" 200 23776
INFO 2025-07-29 16:12:51,639 basehttp 28852 28440 "GET /api/curated/videos/ HTTP/1.1" 200 23776
INFO 2025-07-29 16:12:51,730 basehttp 28852 27316 "GET /api/curated/videos/ HTTP/1.1" 200 23776
INFO 2025-07-29 16:12:51,779 basehttp 28852 23940 "GET /api/curated/videos/ HTTP/1.1" 200 23776
INFO 2025-07-29 16:12:51,836 basehttp 28852 24612 "GET /api/curated/videos/ HTTP/1.1" 200 23776
INFO 2025-07-29 16:12:51,870 basehttp 28852 32372 "GET /api/curated/videos/ HTTP/1.1" 200 23776
INFO 2025-07-29 16:12:51,871 basehttp 28852 5948 "GET /api/curated/videos/ HTTP/1.1" 200 23776
INFO 2025-07-29 16:12:51,872 basehttp 28852 27316 "GET /api/curated/videos/ HTTP/1.1" 200 23776
INFO 2025-07-29 16:12:51,874 basehttp 28852 28440 "GET /api/curated/videos/ HTTP/1.1" 200 23776
INFO 2025-07-29 16:12:51,893 basehttp 28852 23940 "GET /api/curated/videos/ HTTP/1.1" 200 23776
INFO 2025-07-29 16:12:51,949 basehttp 28852 24612 "GET /api/curated/videos/ HTTP/1.1" 200 23776
INFO 2025-07-29 16:12:52,000 basehttp 28852 32372 "GET /api/curated/videos/ HTTP/1.1" 200 23776
INFO 2025-07-29 16:12:52,044 basehttp 28852 5948 "GET /api/curated/videos/ HTTP/1.1" 200 23776
INFO 2025-07-29 16:12:52,052 basehttp 28852 27316 "GET /api/curated/videos/ HTTP/1.1" 200 23776
INFO 2025-07-29 16:12:52,069 basehttp 28852 28440 "GET /api/curated/videos/ HTTP/1.1" 200 23776
INFO 2025-07-29 16:12:52,118 basehttp 28852 23940 "GET /api/curated/videos/ HTTP/1.1" 200 23776
INFO 2025-07-29 16:12:52,119 basehttp 28852 24612 "GET /api/curated/videos/ HTTP/1.1" 200 23776
INFO 2025-07-29 16:12:52,160 basehttp 28852 32372 "GET /api/curated/videos/ HTTP/1.1" 200 23776
INFO 2025-07-29 16:12:52,220 basehttp 28852 5948 "GET /api/curated/videos/ HTTP/1.1" 200 23776
INFO 2025-07-29 16:12:52,222 basehttp 28852 27316 "GET /api/curated/videos/ HTTP/1.1" 200 23776
INFO 2025-07-29 16:12:52,272 basehttp 28852 28440 "GET /api/curated/videos/ HTTP/1.1" 200 23776
INFO 2025-07-29 16:12:52,307 basehttp 28852 23940 "GET /api/curated/videos/ HTTP/1.1" 200 23776
INFO 2025-07-29 16:12:52,345 basehttp 28852 24612 "GET /api/curated/videos/ HTTP/1.1" 200 23776
INFO 2025-07-29 16:12:52,449 basehttp 28852 5948 "GET /api/curated/videos/ HTTP/1.1" 200 23776
INFO 2025-07-29 16:12:52,451 basehttp 28852 32372 "GET /api/curated/videos/ HTTP/1.1" 200 23776
INFO 2025-07-29 16:12:52,508 basehttp 28852 28440 "GET /api/curated/videos/ HTTP/1.1" 200 23776
INFO 2025-07-29 16:12:52,518 basehttp 28852 27316 "GET /api/curated/videos/ HTTP/1.1" 200 23776
INFO 2025-07-29 16:12:52,531 basehttp 28852 23940 "GET /api/curated/videos/ HTTP/1.1" 200 23776
INFO 2025-07-29 16:12:52,580 basehttp 28852 24612 "GET /api/curated/videos/ HTTP/1.1" 200 23776
INFO 2025-07-29 16:12:52,586 basehttp 28852 5948 "GET /api/curated/videos/ HTTP/1.1" 200 23776
INFO 2025-07-29 16:12:52,602 basehttp 28852 28440 "GET /api/curated/videos/ HTTP/1.1" 200 23776
INFO 2025-07-29 16:12:52,611 basehttp 28852 32372 "GET /api/curated/videos/ HTTP/1.1" 200 23776
INFO 2025-07-29 16:12:52,639 basehttp 28852 27316 "GET /api/curated/videos/ HTTP/1.1" 200 23776
INFO 2025-07-29 16:12:52,640 basehttp 28852 23940 "GET /api/curated/videos/ HTTP/1.1" 200 23776
INFO 2025-07-29 16:12:52,729 basehttp 28852 24612 "GET /api/curated/videos/ HTTP/1.1" 200 23776
INFO 2025-07-29 16:12:52,793 basehttp 28852 5948 "GET /api/curated/videos/ HTTP/1.1" 200 23776
INFO 2025-07-29 16:12:52,796 basehttp 28852 28440 "GET /api/curated/videos/ HTTP/1.1" 200 23776
INFO 2025-07-29 16:12:52,826 basehttp 28852 32372 "GET /api/curated/videos/ HTTP/1.1" 200 23776
INFO 2025-07-29 16:12:52,851 basehttp 28852 27316 "GET /api/curated/videos/ HTTP/1.1" 200 23776
INFO 2025-07-29 16:12:52,885 basehttp 28852 23940 "GET /api/curated/videos/ HTTP/1.1" 200 23776
INFO 2025-07-29 16:12:52,907 basehttp 28852 24612 "GET /api/curated/videos/ HTTP/1.1" 200 23776
INFO 2025-07-29 16:12:52,907 basehttp 28852 5948 "GET /api/curated/videos/ HTTP/1.1" 200 23776
INFO 2025-07-29 16:12:52,935 basehttp 28852 32372 "GET /api/curated/videos/ HTTP/1.1" 200 23776
INFO 2025-07-29 16:12:52,935 basehttp 28852 28440 "GET /api/curated/videos/ HTTP/1.1" 200 23776
INFO 2025-07-29 16:12:52,965 basehttp 28852 23940 "GET /api/curated/videos/ HTTP/1.1" 200 23776
INFO 2025-07-29 16:12:53,002 basehttp 28852 24612 "GET /api/curated/videos/ HTTP/1.1" 200 23776
INFO 2025-07-29 16:12:53,039 basehttp 28852 27316 "GET /api/curated/videos/ HTTP/1.1" 200 23776
INFO 2025-07-29 16:12:53,040 basehttp 28852 32372 "GET /api/curated/videos/ HTTP/1.1" 200 23776
INFO 2025-07-29 16:12:53,041 basehttp 28852 5948 "GET /api/curated/videos/ HTTP/1.1" 200 23776
INFO 2025-07-29 16:12:53,048 basehttp 28852 28440 "GET /api/curated/videos/ HTTP/1.1" 200 23776
INFO 2025-07-29 16:12:53,075 basehttp 28852 23940 "GET /api/curated/videos/ HTTP/1.1" 200 23776
INFO 2025-07-29 16:12:53,165 basehttp 28852 24612 "GET /api/curated/videos/ HTTP/1.1" 200 23776
INFO 2025-07-29 16:12:53,186 basehttp 28852 27316 "GET /api/curated/videos/ HTTP/1.1" 200 23776
INFO 2025-07-29 16:12:53,187 basehttp 28852 32372 "GET /api/curated/videos/ HTTP/1.1" 200 23776
INFO 2025-07-29 16:12:53,187 basehttp 28852 5948 "GET /api/curated/videos/ HTTP/1.1" 200 23776
INFO 2025-07-29 16:12:53,220 basehttp 28852 28440 "GET /api/curated/videos/ HTTP/1.1" 200 23776
INFO 2025-07-29 16:12:53,276 basehttp 28852 23940 "GET /api/curated/videos/ HTTP/1.1" 200 23776
INFO 2025-07-29 16:12:53,315 basehttp 28852 24612 "GET /api/curated/videos/ HTTP/1.1" 200 23776
INFO 2025-07-29 16:12:53,317 basehttp 28852 27316 "GET /api/curated/videos/ HTTP/1.1" 200 23776
INFO 2025-07-29 16:12:53,319 basehttp 28852 32372 "GET /api/curated/videos/ HTTP/1.1" 200 23776
INFO 2025-07-29 16:12:53,377 basehttp 28852 28440 "GET /api/curated/videos/ HTTP/1.1" 200 23776
INFO 2025-07-29 16:12:53,379 basehttp 28852 23940 "GET /api/curated/videos/ HTTP/1.1" 200 23776
INFO 2025-07-29 16:12:53,396 basehttp 28852 5948 "GET /api/curated/videos/ HTTP/1.1" 200 23776
INFO 2025-07-29 16:12:53,448 basehttp 28852 24612 "GET /api/curated/videos/ HTTP/1.1" 200 23776
INFO 2025-07-29 16:12:53,491 basehttp 28852 27316 "GET /api/curated/videos/ HTTP/1.1" 200 23776
INFO 2025-07-29 16:12:53,540 basehttp 28852 28440 "GET /api/curated/videos/ HTTP/1.1" 200 23776
INFO 2025-07-29 16:12:53,540 basehttp 28852 32372 "GET /api/curated/videos/ HTTP/1.1" 200 23776
INFO 2025-07-29 16:12:53,606 basehttp 28852 23940 "GET /api/curated/videos/ HTTP/1.1" 200 23776
INFO 2025-07-29 16:12:53,627 basehttp 28852 5948 "GET /api/curated/videos/ HTTP/1.1" 200 23776
INFO 2025-07-29 16:12:53,670 basehttp 28852 24612 "GET /api/curated/videos/ HTTP/1.1" 200 23776
INFO 2025-07-29 16:12:53,736 basehttp 28852 27316 "GET /api/curated/videos/ HTTP/1.1" 200 23776
INFO 2025-07-29 16:12:53,779 basehttp 28852 28440 "GET /api/curated/videos/ HTTP/1.1" 200 23776
INFO 2025-07-29 16:12:53,780 basehttp 28852 32372 "GET /api/curated/videos/ HTTP/1.1" 200 23776
INFO 2025-07-29 16:12:53,842 basehttp 28852 23940 "GET /api/curated/videos/ HTTP/1.1" 200 23776
INFO 2025-07-29 16:12:53,879 basehttp 28852 5948 "GET /api/curated/videos/ HTTP/1.1" 200 23776
INFO 2025-07-29 16:12:53,937 basehttp 28852 24612 "GET /api/curated/videos/ HTTP/1.1" 200 23776
INFO 2025-07-29 16:12:53,975 basehttp 28852 27316 "GET /api/curated/videos/ HTTP/1.1" 200 23776
INFO 2025-07-29 16:12:53,996 basehttp 28852 32372 "GET /api/curated/videos/ HTTP/1.1" 200 23776
INFO 2025-07-29 16:12:53,997 basehttp 28852 28440 "GET /api/curated/videos/ HTTP/1.1" 200 23776
INFO 2025-07-29 16:12:54,043 basehttp 28852 23940 "GET /api/curated/videos/ HTTP/1.1" 200 23776
INFO 2025-07-29 16:12:54,046 basehttp 28852 5948 "GET /api/curated/videos/ HTTP/1.1" 200 23776
INFO 2025-07-29 16:12:54,102 basehttp 28852 24612 "GET /api/curated/videos/ HTTP/1.1" 200 23776
INFO 2025-07-29 16:12:54,122 basehttp 28852 27316 "GET /api/curated/videos/ HTTP/1.1" 200 23776
INFO 2025-07-29 16:12:54,150 basehttp 28852 32372 "GET /api/curated/videos/ HTTP/1.1" 200 23776
INFO 2025-07-29 16:12:54,255 basehttp 28852 23940 "GET /api/curated/videos/ HTTP/1.1" 200 23776
INFO 2025-07-29 16:12:54,268 basehttp 28852 28440 "GET /api/curated/videos/ HTTP/1.1" 200 23776
INFO 2025-07-29 16:12:54,291 basehttp 28852 5948 "GET /api/curated/videos/ HTTP/1.1" 200 23776
INFO 2025-07-29 16:12:54,337 basehttp 28852 24612 "GET /api/curated/videos/ HTTP/1.1" 200 23776
INFO 2025-07-29 16:12:54,431 basehttp 28852 27316 "GET /api/curated/videos/ HTTP/1.1" 200 23776
INFO 2025-07-29 16:12:54,442 basehttp 28852 23940 "GET /api/curated/videos/ HTTP/1.1" 200 23776
INFO 2025-07-29 16:12:54,480 basehttp 28852 32372 "GET /api/curated/videos/ HTTP/1.1" 200 23776
INFO 2025-07-29 16:12:54,591 basehttp 28852 28440 "GET /api/curated/videos/ HTTP/1.1" 200 23776
INFO 2025-07-29 16:12:54,636 basehttp 28852 5948 "GET /api/curated/videos/ HTTP/1.1" 200 23776
INFO 2025-07-29 16:12:54,637 basehttp 28852 27316 "GET /api/curated/videos/ HTTP/1.1" 200 23776
INFO 2025-07-29 16:12:54,639 basehttp 28852 24612 "GET /api/curated/videos/ HTTP/1.1" 200 23776
INFO 2025-07-29 16:12:54,710 basehttp 28852 23940 "GET /api/curated/videos/ HTTP/1.1" 200 23776
INFO 2025-07-29 16:12:54,724 basehttp 28852 32372 "GET /api/curated/videos/ HTTP/1.1" 200 23776
INFO 2025-07-29 16:12:54,841 basehttp 28852 28440 "GET /api/curated/videos/ HTTP/1.1" 200 23776
INFO 2025-07-29 16:12:54,868 basehttp 28852 5948 "GET /api/curated/videos/ HTTP/1.1" 200 23776
INFO 2025-07-29 16:12:55,029 basehttp 28852 27316 "GET /api/curated/videos/ HTTP/1.1" 200 23776
INFO 2025-07-29 16:12:55,034 basehttp 28852 24612 "GET /api/curated/videos/ HTTP/1.1" 200 23776
INFO 2025-07-29 16:12:55,156 basehttp 28852 23940 "GET /api/curated/videos/ HTTP/1.1" 200 23776
INFO 2025-07-29 16:12:55,157 basehttp 28852 32372 "GET /api/curated/videos/ HTTP/1.1" 200 23776
INFO 2025-07-29 16:12:55,251 basehttp 28852 28440 "GET /api/curated/videos/ HTTP/1.1" 200 23776
INFO 2025-07-29 16:12:55,258 basehttp 28852 5948 "GET /api/curated/videos/ HTTP/1.1" 200 23776
INFO 2025-07-29 16:12:55,384 basehttp 28852 27316 "GET /api/curated/videos/ HTTP/1.1" 200 23776
INFO 2025-07-29 16:12:55,468 basehttp 28852 23940 "GET /api/curated/videos/ HTTP/1.1" 200 23776
INFO 2025-07-29 16:12:55,495 basehttp 28852 24612 "GET /api/curated/videos/ HTTP/1.1" 200 23776
INFO 2025-07-29 16:12:55,558 basehttp 28852 32372 "GET /api/curated/videos/ HTTP/1.1" 200 23776
INFO 2025-07-29 16:12:55,731 basehttp 28852 5948 "GET /api/curated/videos/ HTTP/1.1" 200 23776
INFO 2025-07-29 16:12:55,757 basehttp 28852 28440 "GET /api/curated/videos/ HTTP/1.1" 200 23776
INFO 2025-07-29 16:12:55,881 basehttp 28852 27316 "GET /api/curated/videos/ HTTP/1.1" 200 23776
INFO 2025-07-29 16:12:55,948 basehttp 28852 23940 "GET /api/curated/videos/ HTTP/1.1" 200 23776
INFO 2025-07-29 16:12:55,984 basehttp 28852 24612 "GET /api/curated/videos/ HTTP/1.1" 200 23776
INFO 2025-07-29 16:12:56,240 basehttp 28852 32372 "GET /api/curated/videos/ HTTP/1.1" 200 23776
INFO 2025-07-29 16:12:56,283 basehttp 28852 5948 "GET /api/curated/videos/ HTTP/1.1" 200 23776
INFO 2025-07-29 16:12:56,304 basehttp 28852 27316 "GET /api/curated/videos/ HTTP/1.1" 200 23776
INFO 2025-07-29 16:12:56,342 basehttp 28852 28440 "GET /api/curated/videos/ HTTP/1.1" 200 23776
INFO 2025-07-29 16:12:56,385 basehttp 28852 23940 "GET /api/curated/videos/ HTTP/1.1" 200 23776
INFO 2025-07-29 16:12:56,386 basehttp 28852 5948 "GET /api/curated/videos/ HTTP/1.1" 200 23776
INFO 2025-07-29 16:12:56,428 basehttp 28852 27316 "GET /api/curated/videos/ HTTP/1.1" 200 23776
INFO 2025-07-29 16:12:56,429 basehttp 28852 32372 "GET /api/curated/videos/ HTTP/1.1" 200 23776
INFO 2025-07-29 16:12:56,430 basehttp 28852 24612 "GET /api/curated/videos/ HTTP/1.1" 200 23776
INFO 2025-07-29 16:12:56,469 basehttp 28852 28440 "GET /api/curated/videos/ HTTP/1.1" 200 23776
INFO 2025-07-29 16:12:56,528 basehttp 28852 23940 "GET /api/curated/videos/ HTTP/1.1" 200 23776
INFO 2025-07-29 16:12:56,529 basehttp 28852 27316 "GET /api/curated/videos/ HTTP/1.1" 200 23776
INFO 2025-07-29 16:12:56,536 basehttp 28852 5948 "GET /api/curated/videos/ HTTP/1.1" 200 23776
INFO 2025-07-29 16:12:56,552 basehttp 28852 32372 "GET /api/curated/videos/ HTTP/1.1" 200 23776
INFO 2025-07-29 16:12:56,553 basehttp 28852 24612 "GET /api/curated/videos/ HTTP/1.1" 200 23776
INFO 2025-07-29 16:12:56,590 basehttp 28852 28440 "GET /api/curated/videos/ HTTP/1.1" 200 23776
INFO 2025-07-29 16:12:56,711 basehttp 28852 23940 "GET /api/curated/videos/ HTTP/1.1" 200 23776
INFO 2025-07-29 16:12:57,021 basehttp 28852 27316 "GET /api/curated/videos/ HTTP/1.1" 200 23776
INFO 2025-07-29 16:12:57,459 basehttp 28852 5948 "GET /api/curated/videos/ HTTP/1.1" 200 23776
INFO 2025-07-29 16:12:57,545 basehttp 28852 32372 "GET /api/curated/videos/ HTTP/1.1" 200 23776
INFO 2025-07-29 16:12:57,560 basehttp 28852 24612 "GET /api/curated/videos/ HTTP/1.1" 200 23776
INFO 2025-07-29 16:12:57,776 basehttp 28852 28440 "GET /api/curated/videos/ HTTP/1.1" 200 23776
INFO 2025-07-29 16:12:57,808 basehttp 28852 23940 "GET /api/curated/videos/ HTTP/1.1" 200 23776
INFO 2025-07-29 16:12:57,857 basehttp 28852 27316 "GET /api/curated/videos/ HTTP/1.1" 200 23776
INFO 2025-07-29 16:12:57,992 basehttp 28852 32372 "GET /api/curated/videos/ HTTP/1.1" 200 23776
INFO 2025-07-29 16:12:58,008 basehttp 28852 28440 "GET /api/curated/videos/ HTTP/1.1" 200 23776
INFO 2025-07-29 16:12:58,039 basehttp 28852 5948 "GET /api/curated/videos/ HTTP/1.1" 200 23776
INFO 2025-07-29 16:12:58,039 basehttp 28852 24612 "GET /api/curated/videos/ HTTP/1.1" 200 23776
INFO 2025-07-29 16:12:58,131 basehttp 28852 23940 "GET /api/curated/videos/ HTTP/1.1" 200 23776
INFO 2025-07-29 16:12:58,137 basehttp 28852 27316 "GET /api/curated/videos/ HTTP/1.1" 200 23776
INFO 2025-07-29 16:12:58,278 basehttp 28852 32372 "GET /api/curated/videos/ HTTP/1.1" 200 23776
INFO 2025-07-29 16:12:58,279 basehttp 28852 28440 "GET /api/curated/videos/ HTTP/1.1" 200 23776
INFO 2025-07-29 16:12:58,369 basehttp 28852 5948 "GET /api/curated/videos/ HTTP/1.1" 200 23776
INFO 2025-07-29 16:12:58,423 basehttp 28852 24612 "GET /api/curated/videos/ HTTP/1.1" 200 23776
INFO 2025-07-29 16:12:58,440 basehttp 28852 23940 "GET /api/curated/videos/ HTTP/1.1" 200 23776
INFO 2025-07-29 16:12:58,461 basehttp 28852 27316 "GET /api/curated/videos/ HTTP/1.1" 200 23776
INFO 2025-07-29 16:12:58,549 basehttp 28852 32372 "GET /api/curated/videos/ HTTP/1.1" 200 23776
INFO 2025-07-29 16:12:58,622 basehttp 28852 28440 "GET /api/curated/videos/ HTTP/1.1" 200 23776
INFO 2025-07-29 16:12:58,650 basehttp 28852 5948 "GET /api/curated/videos/ HTTP/1.1" 200 23776
INFO 2025-07-29 16:12:58,695 basehttp 28852 24612 "GET /api/curated/videos/ HTTP/1.1" 200 23776
INFO 2025-07-29 16:12:58,778 basehttp 28852 27316 "GET /api/curated/videos/ HTTP/1.1" 200 23776
INFO 2025-07-29 16:12:58,964 basehttp 28852 32372 "GET /api/curated/videos/ HTTP/1.1" 200 23776
INFO 2025-07-29 16:12:58,966 basehttp 28852 23940 "GET /api/curated/videos/ HTTP/1.1" 200 23776
INFO 2025-07-29 16:12:58,981 basehttp 28852 28440 "GET /api/curated/videos/ HTTP/1.1" 200 23776
INFO 2025-07-29 16:12:59,064 basehttp 28852 5948 "GET /api/curated/videos/ HTTP/1.1" 200 23776
INFO 2025-07-29 16:12:59,090 basehttp 28852 24612 "GET /api/curated/videos/ HTTP/1.1" 200 23776
INFO 2025-07-29 16:12:59,091 basehttp 28852 27316 "GET /api/curated/videos/ HTTP/1.1" 200 23776
INFO 2025-07-29 16:12:59,134 basehttp 28852 32372 "GET /api/curated/videos/ HTTP/1.1" 200 23776
INFO 2025-07-29 16:12:59,204 basehttp 28852 23940 "GET /api/curated/videos/ HTTP/1.1" 200 23776
INFO 2025-07-29 16:12:59,323 basehttp 28852 28440 "GET /api/curated/videos/ HTTP/1.1" 200 23776
INFO 2025-07-29 16:12:59,371 basehttp 28852 5948 "GET /api/curated/videos/ HTTP/1.1" 200 23776
INFO 2025-07-29 16:12:59,373 basehttp 28852 24612 "GET /api/curated/videos/ HTTP/1.1" 200 23776
INFO 2025-07-29 16:12:59,393 basehttp 28852 27316 "GET /api/curated/videos/ HTTP/1.1" 200 23776
INFO 2025-07-29 16:12:59,417 basehttp 28852 32372 "GET /api/curated/videos/ HTTP/1.1" 200 23776
INFO 2025-07-29 16:12:59,556 basehttp 28852 28440 "GET /api/curated/videos/ HTTP/1.1" 200 23776
INFO 2025-07-29 16:12:59,620 basehttp 28852 5948 "GET /api/curated/videos/ HTTP/1.1" 200 23776
INFO 2025-07-29 16:12:59,622 basehttp 28852 24612 "GET /api/curated/videos/ HTTP/1.1" 200 23776
INFO 2025-07-29 16:12:59,621 basehttp 28852 23940 "GET /api/curated/videos/ HTTP/1.1" 200 23776
INFO 2025-07-29 16:12:59,659 basehttp 28852 27316 "GET /api/curated/videos/ HTTP/1.1" 200 23776
INFO 2025-07-29 16:12:59,702 basehttp 28852 32372 "GET /api/curated/videos/ HTTP/1.1" 200 23776
INFO 2025-07-29 16:12:59,743 basehttp 28852 28440 "GET /api/curated/videos/ HTTP/1.1" 200 23776
INFO 2025-07-29 16:12:59,811 basehttp 28852 5948 "GET /api/curated/videos/ HTTP/1.1" 200 23776
INFO 2025-07-29 16:12:59,823 basehttp 28852 24612 "GET /api/curated/videos/ HTTP/1.1" 200 23776
INFO 2025-07-29 16:12:59,838 basehttp 28852 23940 "GET /api/curated/videos/ HTTP/1.1" 200 23776
INFO 2025-07-29 16:12:59,881 basehttp 28852 27316 "GET /api/curated/videos/ HTTP/1.1" 200 23776
INFO 2025-07-29 16:12:59,940 basehttp 28852 32372 "GET /api/curated/videos/ HTTP/1.1" 200 23776
INFO 2025-07-29 16:12:59,980 basehttp 28852 28440 "GET /api/curated/videos/ HTTP/1.1" 200 23776
INFO 2025-07-29 16:12:59,991 basehttp 28852 5948 "GET /api/curated/videos/ HTTP/1.1" 200 23776
INFO 2025-07-29 16:13:00,126 basehttp 28852 24612 "GET /api/curated/videos/ HTTP/1.1" 200 23776
INFO 2025-07-29 16:13:00,321 basehttp 28852 23940 "GET /api/curated/videos/ HTTP/1.1" 200 23776
INFO 2025-07-29 16:13:00,358 basehttp 28852 27316 "GET /api/curated/videos/ HTTP/1.1" 200 23776
INFO 2025-07-29 16:13:00,509 basehttp 28852 32372 "GET /api/curated/videos/ HTTP/1.1" 200 23776
INFO 2025-07-29 16:13:00,601 basehttp 28852 28440 "GET /api/curated/videos/ HTTP/1.1" 200 23776
INFO 2025-07-29 16:13:00,645 basehttp 28852 32372 "GET /api/curated/videos/ HTTP/1.1" 200 23776
INFO 2025-07-29 16:13:00,725 basehttp 28852 23940 "GET /api/curated/videos/ HTTP/1.1" 200 23776
INFO 2025-07-29 16:13:00,726 basehttp 28852 24612 "GET /api/curated/videos/ HTTP/1.1" 200 23776
INFO 2025-07-29 16:13:01,185 basehttp 28852 28440 "GET /api/curated/videos/ HTTP/1.1" 200 23776
INFO 2025-07-29 16:13:01,187 basehttp 28852 27316 "GET /api/curated/videos/ HTTP/1.1" 200 23776
INFO 2025-07-29 16:13:01,188 basehttp 28852 5948 "GET /api/curated/videos/ HTTP/1.1" 200 23776
INFO 2025-07-29 16:13:01,276 basehttp 28852 24612 "GET /api/curated/videos/ HTTP/1.1" 200 23776
INFO 2025-07-29 16:13:01,277 basehttp 28852 23940 "GET /api/curated/videos/ HTTP/1.1" 200 23776
INFO 2025-07-29 16:13:01,291 basehttp 28852 28440 "GET /api/curated/videos/ HTTP/1.1" 200 23776
INFO 2025-07-29 16:13:01,324 basehttp 28852 32372 "GET /api/curated/videos/ HTTP/1.1" 200 23776
INFO 2025-07-29 16:13:01,371 basehttp 28852 27316 "GET /api/curated/videos/ HTTP/1.1" 200 23776
INFO 2025-07-29 16:13:01,384 basehttp 28852 24612 "GET /api/curated/videos/ HTTP/1.1" 200 23776
INFO 2025-07-29 16:13:01,410 basehttp 28852 23940 "GET /api/curated/videos/ HTTP/1.1" 200 23776
INFO 2025-07-29 16:13:01,424 basehttp 28852 5948 "GET /api/curated/videos/ HTTP/1.1" 200 23776
INFO 2025-07-29 16:13:01,440 basehttp 28852 28440 "GET /api/curated/videos/ HTTP/1.1" 200 23776
INFO 2025-07-29 16:13:01,441 basehttp 28852 32372 "GET /api/curated/videos/ HTTP/1.1" 200 23776
INFO 2025-07-29 16:13:01,530 basehttp 28852 24612 "GET /api/curated/videos/ HTTP/1.1" 200 23776
INFO 2025-07-29 16:13:01,542 basehttp 28852 27316 "GET /api/curated/videos/ HTTP/1.1" 200 23776
INFO 2025-07-29 16:13:01,576 basehttp 28852 23940 "GET /api/curated/videos/ HTTP/1.1" 200 23776
INFO 2025-07-29 16:13:01,615 basehttp 28852 28440 "GET /api/curated/videos/ HTTP/1.1" 200 23776
INFO 2025-07-29 16:13:01,618 basehttp 28852 5948 "GET /api/curated/videos/ HTTP/1.1" 200 23776
INFO 2025-07-29 16:13:01,669 basehttp 28852 27316 "GET /api/curated/videos/ HTTP/1.1" 200 23776
INFO 2025-07-29 16:13:01,689 basehttp 28852 32372 "GET /api/curated/videos/ HTTP/1.1" 200 23776
INFO 2025-07-29 16:13:01,690 basehttp 28852 24612 "GET /api/curated/videos/ HTTP/1.1" 200 23776
INFO 2025-07-29 16:13:01,691 basehttp 28852 23940 "GET /api/curated/videos/ HTTP/1.1" 200 23776
WARNING 2025-07-29 16:13:01,695 log 28852 28440 Not Found: /api/learning-paths/recommended/
INFO 2025-07-29 16:13:01,772 basehttp 28852 5948 "GET /api/curated/videos/ HTTP/1.1" 200 23776
WARNING 2025-07-29 16:13:01,774 basehttp 28852 28440 "GET /api/learning-paths/recommended/?user_level=beginner HTTP/1.1" 404 35
WARNING 2025-07-29 16:13:01,807 log 28852 32372 Not Found: /api/learning-paths/recommended/
WARNING 2025-07-29 16:13:01,823 log 28852 27316 Not Found: /api/learning-paths/recommended/
WARNING 2025-07-29 16:13:01,824 basehttp 28852 32372 "GET /api/learning-paths/recommended/?user_level=beginner HTTP/1.1" 404 35
WARNING 2025-07-29 16:13:01,862 basehttp 28852 27316 "GET /api/learning-paths/recommended/?user_level=beginner HTTP/1.1" 404 35
WARNING 2025-07-29 16:13:01,931 log 28852 23940 Not Found: /api/learning-paths/recommended/
WARNING 2025-07-29 16:13:01,938 log 28852 24612 Not Found: /api/learning-paths/recommended/
WARNING 2025-07-29 16:13:01,942 basehttp 28852 23940 "GET /api/learning-paths/recommended/?user_level=beginner HTTP/1.1" 404 35
WARNING 2025-07-29 16:13:01,947 log 28852 28440 Not Found: /api/learning-paths/recommended/
WARNING 2025-07-29 16:13:01,968 basehttp 28852 24612 "GET /api/learning-paths/recommended/?user_level=beginner HTTP/1.1" 404 35
WARNING 2025-07-29 16:13:01,986 log 28852 32372 Not Found: /api/learning-paths/recommended/
WARNING 2025-07-29 16:13:01,988 basehttp 28852 28440 "GET /api/learning-paths/recommended/?user_level=beginner HTTP/1.1" 404 35
WARNING 2025-07-29 16:13:02,007 log 28852 5948 Not Found: /api/learning-paths/recommended/
WARNING 2025-07-29 16:13:02,082 basehttp 28852 32372 "GET /api/learning-paths/recommended/?user_level=beginner HTTP/1.1" 404 35
WARNING 2025-07-29 16:13:02,084 log 28852 23940 Not Found: /api/learning-paths/recommended/
WARNING 2025-07-29 16:13:02,128 log 28852 27316 Not Found: /api/learning-paths/recommended/
WARNING 2025-07-29 16:13:02,133 basehttp 28852 5948 "GET /api/learning-paths/recommended/?user_level=beginner HTTP/1.1" 404 35
WARNING 2025-07-29 16:13:02,137 basehttp 28852 23940 "GET /api/learning-paths/recommended/?user_level=beginner HTTP/1.1" 404 35
WARNING 2025-07-29 16:13:02,139 log 28852 24612 Not Found: /api/learning-paths/recommended/
WARNING 2025-07-29 16:13:02,188 basehttp 28852 27316 "GET /api/learning-paths/recommended/?user_level=beginner HTTP/1.1" 404 35
WARNING 2025-07-29 16:13:02,223 log 28852 32372 Not Found: /api/learning-paths/recommended/
WARNING 2025-07-29 16:13:02,239 basehttp 28852 24612 "GET /api/learning-paths/recommended/?user_level=beginner HTTP/1.1" 404 35
WARNING 2025-07-29 16:13:02,242 log 28852 28440 Not Found: /api/learning-paths/recommended/
WARNING 2025-07-29 16:13:02,299 basehttp 28852 32372 "GET /api/learning-paths/recommended/?user_level=beginner HTTP/1.1" 404 35
WARNING 2025-07-29 16:13:02,313 log 28852 23940 Not Found: /api/learning-paths/recommended/
WARNING 2025-07-29 16:13:02,321 log 28852 5948 Not Found: /api/learning-paths/recommended/
WARNING 2025-07-29 16:13:02,372 basehttp 28852 28440 "GET /api/learning-paths/recommended/?user_level=beginner HTTP/1.1" 404 35
WARNING 2025-07-29 16:13:02,400 basehttp 28852 23940 "GET /api/learning-paths/recommended/?user_level=beginner HTTP/1.1" 404 35
WARNING 2025-07-29 16:13:02,404 log 28852 24612 Not Found: /api/learning-paths/recommended/
WARNING 2025-07-29 16:13:02,409 basehttp 28852 5948 "GET /api/learning-paths/recommended/?user_level=beginner HTTP/1.1" 404 35
WARNING 2025-07-29 16:13:02,430 log 28852 27316 Not Found: /api/learning-paths/recommended/
WARNING 2025-07-29 16:13:02,469 log 28852 32372 Not Found: /api/learning-paths/recommended/
WARNING 2025-07-29 16:13:02,471 basehttp 28852 24612 "GET /api/learning-paths/recommended/?user_level=beginner HTTP/1.1" 404 35
WARNING 2025-07-29 16:13:02,526 log 28852 28440 Not Found: /api/learning-paths/recommended/
WARNING 2025-07-29 16:13:02,531 basehttp 28852 27316 "GET /api/learning-paths/recommended/?user_level=beginner HTTP/1.1" 404 35
WARNING 2025-07-29 16:13:02,539 basehttp 28852 32372 "GET /api/learning-paths/recommended/?user_level=beginner HTTP/1.1" 404 35
WARNING 2025-07-29 16:13:02,553 basehttp 28852 28440 "GET /api/learning-paths/recommended/?user_level=beginner HTTP/1.1" 404 35
WARNING 2025-07-29 16:13:02,569 log 28852 23940 Not Found: /api/learning-paths/recommended/
WARNING 2025-07-29 16:13:02,591 log 28852 5948 Not Found: /api/learning-paths/recommended/
WARNING 2025-07-29 16:13:02,626 basehttp 28852 23940 "GET /api/learning-paths/recommended/?user_level=beginner HTTP/1.1" 404 35
WARNING 2025-07-29 16:13:02,640 basehttp 28852 5948 "GET /api/learning-paths/recommended/?user_level=beginner HTTP/1.1" 404 35
WARNING 2025-07-29 16:13:02,693 log 28852 27316 Not Found: /api/learning-paths/recommended/
WARNING 2025-07-29 16:13:02,701 basehttp 28852 27316 "GET /api/learning-paths/recommended/?user_level=beginner HTTP/1.1" 404 35
WARNING 2025-07-29 16:13:02,751 log 28852 28440 Not Found: /api/learning-paths/recommended/
WARNING 2025-07-29 16:13:02,757 log 28852 5948 Not Found: /api/learning-paths/recommended/
WARNING 2025-07-29 16:13:02,774 log 28852 32372 Not Found: /api/learning-paths/recommended/
WARNING 2025-07-29 16:13:02,777 log 28852 24612 Not Found: /api/learning-paths/recommended/
WARNING 2025-07-29 16:13:02,789 basehttp 28852 5948 "GET /api/learning-paths/recommended/?user_level=beginner HTTP/1.1" 404 35
WARNING 2025-07-29 16:13:02,782 basehttp 28852 28440 "GET /api/learning-paths/recommended/?user_level=beginner HTTP/1.1" 404 35
WARNING 2025-07-29 16:13:02,817 log 28852 27316 Not Found: /api/learning-paths/recommended/
WARNING 2025-07-29 16:13:02,819 basehttp 28852 32372 "GET /api/learning-paths/recommended/?user_level=beginner HTTP/1.1" 404 35
WARNING 2025-07-29 16:13:02,821 log 28852 23940 Not Found: /api/learning-paths/recommended/
WARNING 2025-07-29 16:13:02,824 basehttp 28852 24612 "GET /api/learning-paths/recommended/?user_level=beginner HTTP/1.1" 404 35
WARNING 2025-07-29 16:13:02,903 log 28852 5948 Not Found: /api/learning-paths/recommended/
WARNING 2025-07-29 16:13:02,913 basehttp 28852 27316 "GET /api/learning-paths/recommended/?user_level=beginner HTTP/1.1" 404 35
WARNING 2025-07-29 16:13:02,928 basehttp 28852 23940 "GET /api/learning-paths/recommended/?user_level=beginner HTTP/1.1" 404 35
WARNING 2025-07-29 16:13:02,950 log 28852 28440 Not Found: /api/learning-paths/recommended/
WARNING 2025-07-29 16:13:02,952 basehttp 28852 5948 "GET /api/learning-paths/recommended/?user_level=beginner HTTP/1.1" 404 35
WARNING 2025-07-29 16:13:03,009 basehttp 28852 28440 "GET /api/learning-paths/recommended/?user_level=beginner HTTP/1.1" 404 35
WARNING 2025-07-29 16:13:03,122 log 28852 32372 Not Found: /api/learning-paths/recommended/
WARNING 2025-07-29 16:13:03,124 log 28852 24612 Not Found: /api/learning-paths/recommended/
WARNING 2025-07-29 16:13:03,160 log 28852 23940 Not Found: /api/learning-paths/recommended/
WARNING 2025-07-29 16:13:03,174 basehttp 28852 32372 "GET /api/learning-paths/recommended/?user_level=beginner HTTP/1.1" 404 35
WARNING 2025-07-29 16:13:03,186 basehttp 28852 24612 "GET /api/learning-paths/recommended/?user_level=beginner HTTP/1.1" 404 35
WARNING 2025-07-29 16:13:03,202 basehttp 28852 23940 "GET /api/learning-paths/recommended/?user_level=beginner HTTP/1.1" 404 35
WARNING 2025-07-29 16:13:03,211 log 28852 5948 Not Found: /api/learning-paths/recommended/
WARNING 2025-07-29 16:13:03,215 log 28852 27316 Not Found: /api/learning-paths/recommended/
WARNING 2025-07-29 16:13:03,298 log 28852 32372 Not Found: /api/learning-paths/recommended/
WARNING 2025-07-29 16:13:03,299 basehttp 28852 5948 "GET /api/learning-paths/recommended/?user_level=beginner HTTP/1.1" 404 35
WARNING 2025-07-29 16:13:03,326 basehttp 28852 27316 "GET /api/learning-paths/recommended/?user_level=beginner HTTP/1.1" 404 35
WARNING 2025-07-29 16:13:03,342 log 28852 24612 Not Found: /api/learning-paths/recommended/
WARNING 2025-07-29 16:13:03,345 basehttp 28852 32372 "GET /api/learning-paths/recommended/?user_level=beginner HTTP/1.1" 404 35
WARNING 2025-07-29 16:13:03,375 log 28852 23940 Not Found: /api/learning-paths/recommended/
WARNING 2025-07-29 16:13:03,421 log 28852 28440 Not Found: /api/learning-paths/recommended/
WARNING 2025-07-29 16:13:03,440 log 28852 5948 Not Found: /api/learning-paths/recommended/
WARNING 2025-07-29 16:13:03,447 basehttp 28852 23940 "GET /api/learning-paths/recommended/?user_level=beginner HTTP/1.1" 404 35
WARNING 2025-07-29 16:13:03,448 basehttp 28852 24612 "GET /api/learning-paths/recommended/?user_level=beginner HTTP/1.1" 404 35
WARNING 2025-07-29 16:13:03,465 basehttp 28852 28440 "GET /api/learning-paths/recommended/?user_level=beginner HTTP/1.1" 404 35
WARNING 2025-07-29 16:13:03,469 log 28852 27316 Not Found: /api/learning-paths/recommended/
WARNING 2025-07-29 16:13:03,472 basehttp 28852 5948 "GET /api/learning-paths/recommended/?user_level=beginner HTTP/1.1" 404 35
WARNING 2025-07-29 16:13:03,488 log 28852 32372 Not Found: /api/learning-paths/recommended/
WARNING 2025-07-29 16:13:03,577 log 28852 23940 Not Found: /api/learning-paths/recommended/
WARNING 2025-07-29 16:13:03,584 log 28852 24612 Not Found: /api/learning-paths/recommended/
WARNING 2025-07-29 16:13:03,587 basehttp 28852 27316 "GET /api/learning-paths/recommended/?user_level=beginner HTTP/1.1" 404 35
WARNING 2025-07-29 16:13:03,595 basehttp 28852 32372 "GET /api/learning-paths/recommended/?user_level=beginner HTTP/1.1" 404 35
WARNING 2025-07-29 16:13:03,608 basehttp 28852 23940 "GET /api/learning-paths/recommended/?user_level=beginner HTTP/1.1" 404 35
WARNING 2025-07-29 16:13:03,625 basehttp 28852 24612 "GET /api/learning-paths/recommended/?user_level=beginner HTTP/1.1" 404 35
WARNING 2025-07-29 16:13:03,645 log 28852 5948 Not Found: /api/learning-paths/recommended/
WARNING 2025-07-29 16:13:03,659 log 28852 28440 Not Found: /api/learning-paths/recommended/
WARNING 2025-07-29 16:13:03,688 log 28852 27316 Not Found: /api/learning-paths/recommended/
WARNING 2025-07-29 16:13:03,706 log 28852 32372 Not Found: /api/learning-paths/recommended/
WARNING 2025-07-29 16:13:03,708 basehttp 28852 5948 "GET /api/learning-paths/recommended/?user_level=beginner HTTP/1.1" 404 35
WARNING 2025-07-29 16:13:03,713 basehttp 28852 28440 "GET /api/learning-paths/recommended/?user_level=beginner HTTP/1.1" 404 35
WARNING 2025-07-29 16:13:03,734 basehttp 28852 27316 "GET /api/learning-paths/recommended/?user_level=beginner HTTP/1.1" 404 35
WARNING 2025-07-29 16:13:03,748 log 28852 23940 Not Found: /api/learning-paths/recommended/
WARNING 2025-07-29 16:13:03,788 log 28852 24612 Not Found: /api/learning-paths/recommended/
WARNING 2025-07-29 16:13:03,805 basehttp 28852 32372 "GET /api/learning-paths/recommended/?user_level=beginner HTTP/1.1" 404 35
WARNING 2025-07-29 16:13:03,857 log 28852 5948 Not Found: /api/learning-paths/recommended/
WARNING 2025-07-29 16:13:03,871 basehttp 28852 23940 "GET /api/learning-paths/recommended/?user_level=beginner HTTP/1.1" 404 35
WARNING 2025-07-29 16:13:03,929 basehttp 28852 24612 "GET /api/learning-paths/recommended/?user_level=beginner HTTP/1.1" 404 35
WARNING 2025-07-29 16:13:03,931 log 28852 28440 Not Found: /api/learning-paths/recommended/
WARNING 2025-07-29 16:13:03,954 log 28852 27316 Not Found: /api/learning-paths/recommended/
WARNING 2025-07-29 16:13:03,959 basehttp 28852 5948 "GET /api/learning-paths/recommended/?user_level=beginner HTTP/1.1" 404 35
WARNING 2025-07-29 16:13:04,039 basehttp 28852 28440 "GET /api/learning-paths/recommended/?user_level=beginner HTTP/1.1" 404 35
WARNING 2025-07-29 16:13:04,083 basehttp 28852 27316 "GET /api/learning-paths/recommended/?user_level=beginner HTTP/1.1" 404 35
WARNING 2025-07-29 16:13:04,102 log 28852 23940 Not Found: /api/learning-paths/recommended/
WARNING 2025-07-29 16:13:04,135 log 28852 32372 Not Found: /api/learning-paths/recommended/
WARNING 2025-07-29 16:13:04,190 basehttp 28852 23940 "GET /api/learning-paths/recommended/?user_level=beginner HTTP/1.1" 404 35
WARNING 2025-07-29 16:13:04,191 log 28852 24612 Not Found: /api/learning-paths/recommended/
WARNING 2025-07-29 16:13:04,203 basehttp 28852 32372 "GET /api/learning-paths/recommended/?user_level=beginner HTTP/1.1" 404 35
WARNING 2025-07-29 16:13:04,229 log 28852 28440 Not Found: /api/learning-paths/recommended/
WARNING 2025-07-29 16:13:04,230 basehttp 28852 24612 "GET /api/learning-paths/recommended/?user_level=beginner HTTP/1.1" 404 35
WARNING 2025-07-29 16:13:04,266 log 28852 23940 Not Found: /api/learning-paths/recommended/
WARNING 2025-07-29 16:13:04,276 basehttp 28852 28440 "GET /api/learning-paths/recommended/?user_level=beginner HTTP/1.1" 404 35
WARNING 2025-07-29 16:13:04,317 basehttp 28852 23940 "GET /api/learning-paths/recommended/?user_level=beginner HTTP/1.1" 404 35
WARNING 2025-07-29 16:13:04,384 log 28852 24612 Not Found: /api/learning-paths/recommended/
WARNING 2025-07-29 16:13:04,389 log 28852 5948 Not Found: /api/learning-paths/recommended/
WARNING 2025-07-29 16:13:04,423 basehttp 28852 24612 "GET /api/learning-paths/recommended/?user_level=beginner HTTP/1.1" 404 35
WARNING 2025-07-29 16:13:04,426 basehttp 28852 5948 "GET /api/learning-paths/recommended/?user_level=beginner HTTP/1.1" 404 35
WARNING 2025-07-29 16:13:04,459 log 28852 23940 Not Found: /api/learning-paths/recommended/
WARNING 2025-07-29 16:13:04,484 log 28852 32372 Not Found: /api/learning-paths/recommended/
WARNING 2025-07-29 16:13:04,497 basehttp 28852 23940 "GET /api/learning-paths/recommended/?user_level=beginner HTTP/1.1" 404 35
WARNING 2025-07-29 16:13:04,502 basehttp 28852 32372 "GET /api/learning-paths/recommended/?user_level=beginner HTTP/1.1" 404 35
WARNING 2025-07-29 16:13:04,516 log 28852 24612 Not Found: /api/learning-paths/recommended/
WARNING 2025-07-29 16:13:04,618 log 28852 27316 Not Found: /api/learning-paths/recommended/
WARNING 2025-07-29 16:13:04,626 basehttp 28852 24612 "GET /api/learning-paths/recommended/?user_level=beginner HTTP/1.1" 404 35
WARNING 2025-07-29 16:13:04,644 log 28852 5948 Not Found: /api/learning-paths/recommended/
WARNING 2025-07-29 16:13:04,660 log 28852 23940 Not Found: /api/learning-paths/recommended/
WARNING 2025-07-29 16:13:04,665 basehttp 28852 27316 "GET /api/learning-paths/recommended/?user_level=beginner HTTP/1.1" 404 35
WARNING 2025-07-29 16:13:04,675 log 28852 32372 Not Found: /api/learning-paths/recommended/
WARNING 2025-07-29 16:13:04,687 basehttp 28852 5948 "GET /api/learning-paths/recommended/?user_level=beginner HTTP/1.1" 404 35
WARNING 2025-07-29 16:13:04,695 basehttp 28852 23940 "GET /api/learning-paths/recommended/?user_level=beginner HTTP/1.1" 404 35
WARNING 2025-07-29 16:13:04,700 log 28852 24612 Not Found: /api/learning-paths/recommended/
WARNING 2025-07-29 16:13:04,715 log 28852 28440 Not Found: /api/learning-paths/recommended/
WARNING 2025-07-29 16:13:04,740 basehttp 28852 32372 "GET /api/learning-paths/recommended/?user_level=beginner HTTP/1.1" 404 35
WARNING 2025-07-29 16:13:04,759 log 28852 27316 Not Found: /api/learning-paths/recommended/
WARNING 2025-07-29 16:13:04,797 log 28852 5948 Not Found: /api/learning-paths/recommended/
WARNING 2025-07-29 16:13:04,806 basehttp 28852 24612 "GET /api/learning-paths/recommended/?user_level=beginner HTTP/1.1" 404 35
WARNING 2025-07-29 16:13:04,820 log 28852 23940 Not Found: /api/learning-paths/recommended/
WARNING 2025-07-29 16:13:04,847 basehttp 28852 28440 "GET /api/learning-paths/recommended/?user_level=beginner HTTP/1.1" 404 35
WARNING 2025-07-29 16:13:04,867 basehttp 28852 27316 "GET /api/learning-paths/recommended/?user_level=beginner HTTP/1.1" 404 35
WARNING 2025-07-29 16:13:04,881 basehttp 28852 5948 "GET /api/learning-paths/recommended/?user_level=beginner HTTP/1.1" 404 35
WARNING 2025-07-29 16:13:04,886 log 28852 32372 Not Found: /api/learning-paths/recommended/
WARNING 2025-07-29 16:13:04,900 basehttp 28852 23940 "GET /api/learning-paths/recommended/?user_level=beginner HTTP/1.1" 404 35
WARNING 2025-07-29 16:13:04,914 log 28852 24612 Not Found: /api/learning-paths/recommended/
WARNING 2025-07-29 16:13:04,958 log 28852 28440 Not Found: /api/learning-paths/recommended/
WARNING 2025-07-29 16:13:04,975 basehttp 28852 32372 "GET /api/learning-paths/recommended/?user_level=beginner HTTP/1.1" 404 35
WARNING 2025-07-29 16:13:05,002 basehttp 28852 24612 "GET /api/learning-paths/recommended/?user_level=beginner HTTP/1.1" 404 35
WARNING 2025-07-29 16:13:05,007 log 28852 27316 Not Found: /api/learning-paths/recommended/
WARNING 2025-07-29 16:13:05,013 log 28852 5948 Not Found: /api/learning-paths/recommended/
WARNING 2025-07-29 16:13:05,017 basehttp 28852 28440 "GET /api/learning-paths/recommended/?user_level=beginner HTTP/1.1" 404 35
WARNING 2025-07-29 16:13:05,018 log 28852 23940 Not Found: /api/learning-paths/recommended/
WARNING 2025-07-29 16:13:05,095 basehttp 28852 27316 "GET /api/learning-paths/recommended/?user_level=beginner HTTP/1.1" 404 35
WARNING 2025-07-29 16:13:05,101 log 28852 32372 Not Found: /api/learning-paths/recommended/
WARNING 2025-07-29 16:13:05,106 basehttp 28852 5948 "GET /api/learning-paths/recommended/?user_level=beginner HTTP/1.1" 404 35
WARNING 2025-07-29 16:13:05,115 log 28852 24612 Not Found: /api/learning-paths/recommended/
WARNING 2025-07-29 16:13:05,146 basehttp 28852 23940 "GET /api/learning-paths/recommended/?user_level=beginner HTTP/1.1" 404 35
WARNING 2025-07-29 16:13:05,166 log 28852 28440 Not Found: /api/learning-paths/recommended/
WARNING 2025-07-29 16:13:05,219 basehttp 28852 32372 "GET /api/learning-paths/recommended/?user_level=beginner HTTP/1.1" 404 35
WARNING 2025-07-29 16:13:05,224 log 28852 27316 Not Found: /api/learning-paths/recommended/
WARNING 2025-07-29 16:13:05,254 basehttp 28852 24612 "GET /api/learning-paths/recommended/?user_level=beginner HTTP/1.1" 404 35
WARNING 2025-07-29 16:13:05,277 log 28852 5948 Not Found: /api/learning-paths/recommended/
WARNING 2025-07-29 16:13:05,286 log 28852 23940 Not Found: /api/learning-paths/recommended/
WARNING 2025-07-29 16:13:05,306 basehttp 28852 28440 "GET /api/learning-paths/recommended/?user_level=beginner HTTP/1.1" 404 35
WARNING 2025-07-29 16:13:05,328 basehttp 28852 27316 "GET /api/learning-paths/recommended/?user_level=beginner HTTP/1.1" 404 35
WARNING 2025-07-29 16:13:05,368 log 28852 32372 Not Found: /api/learning-paths/recommended/
WARNING 2025-07-29 16:13:05,372 basehttp 28852 5948 "GET /api/learning-paths/recommended/?user_level=beginner HTTP/1.1" 404 35
WARNING 2025-07-29 16:13:05,384 log 28852 24612 Not Found: /api/learning-paths/recommended/
WARNING 2025-07-29 16:13:05,394 basehttp 28852 23940 "GET /api/learning-paths/recommended/?user_level=beginner HTTP/1.1" 404 35
WARNING 2025-07-29 16:13:05,418 log 28852 28440 Not Found: /api/learning-paths/recommended/
WARNING 2025-07-29 16:13:05,423 basehttp 28852 32372 "GET /api/learning-paths/recommended/?user_level=beginner HTTP/1.1" 404 35
WARNING 2025-07-29 16:13:05,442 log 28852 27316 Not Found: /api/learning-paths/recommended/
WARNING 2025-07-29 16:13:05,451 basehttp 28852 24612 "GET /api/learning-paths/recommended/?user_level=beginner HTTP/1.1" 404 35
WARNING 2025-07-29 16:13:05,522 basehttp 28852 28440 "GET /api/learning-paths/recommended/?user_level=beginner HTTP/1.1" 404 35
WARNING 2025-07-29 16:13:05,527 log 28852 5948 Not Found: /api/learning-paths/recommended/
WARNING 2025-07-29 16:13:05,547 log 28852 23940 Not Found: /api/learning-paths/recommended/
WARNING 2025-07-29 16:13:05,558 basehttp 28852 27316 "GET /api/learning-paths/recommended/?user_level=beginner HTTP/1.1" 404 35
WARNING 2025-07-29 16:13:05,583 log 28852 32372 Not Found: /api/learning-paths/recommended/
WARNING 2025-07-29 16:13:05,601 basehttp 28852 5948 "GET /api/learning-paths/recommended/?user_level=beginner HTTP/1.1" 404 35
WARNING 2025-07-29 16:13:05,604 basehttp 28852 23940 "GET /api/learning-paths/recommended/?user_level=beginner HTTP/1.1" 404 35
WARNING 2025-07-29 16:13:05,644 log 28852 24612 Not Found: /api/learning-paths/recommended/
WARNING 2025-07-29 16:13:05,651 basehttp 28852 32372 "GET /api/learning-paths/recommended/?user_level=beginner HTTP/1.1" 404 35
WARNING 2025-07-29 16:13:05,696 log 28852 28440 Not Found: /api/learning-paths/recommended/
WARNING 2025-07-29 16:13:05,699 log 28852 27316 Not Found: /api/learning-paths/recommended/
WARNING 2025-07-29 16:13:05,729 basehttp 28852 24612 "GET /api/learning-paths/recommended/?user_level=beginner HTTP/1.1" 404 35
WARNING 2025-07-29 16:13:05,736 log 28852 5948 Not Found: /api/learning-paths/recommended/
WARNING 2025-07-29 16:13:05,754 log 28852 23940 Not Found: /api/learning-paths/recommended/
WARNING 2025-07-29 16:13:05,758 basehttp 28852 28440 "GET /api/learning-paths/recommended/?user_level=beginner HTTP/1.1" 404 35
WARNING 2025-07-29 16:13:05,765 basehttp 28852 27316 "GET /api/learning-paths/recommended/?user_level=beginner HTTP/1.1" 404 35
WARNING 2025-07-29 16:13:05,782 log 28852 32372 Not Found: /api/learning-paths/recommended/
WARNING 2025-07-29 16:13:05,812 basehttp 28852 5948 "GET /api/learning-paths/recommended/?user_level=beginner HTTP/1.1" 404 35
WARNING 2025-07-29 16:13:05,842 basehttp 28852 23940 "GET /api/learning-paths/recommended/?user_level=beginner HTTP/1.1" 404 35
WARNING 2025-07-29 16:13:05,859 log 28852 24612 Not Found: /api/learning-paths/recommended/
WARNING 2025-07-29 16:13:05,974 log 28852 28440 Not Found: /api/learning-paths/recommended/
WARNING 2025-07-29 16:13:05,989 basehttp 28852 32372 "GET /api/learning-paths/recommended/?user_level=beginner HTTP/1.1" 404 35
WARNING 2025-07-29 16:13:06,035 basehttp 28852 24612 "GET /api/learning-paths/recommended/?user_level=beginner HTTP/1.1" 404 35
WARNING 2025-07-29 16:13:06,090 basehttp 28852 28440 "GET /api/learning-paths/recommended/?user_level=beginner HTTP/1.1" 404 35
WARNING 2025-07-29 16:13:06,127 log 28852 27316 Not Found: /api/learning-paths/recommended/
WARNING 2025-07-29 16:13:06,149 log 28852 5948 Not Found: /api/learning-paths/recommended/
WARNING 2025-07-29 16:13:06,174 basehttp 28852 27316 "GET /api/learning-paths/recommended/?user_level=beginner HTTP/1.1" 404 35
WARNING 2025-07-29 16:13:06,180 basehttp 28852 5948 "GET /api/learning-paths/recommended/?user_level=beginner HTTP/1.1" 404 35
WARNING 2025-07-29 16:13:06,211 log 28852 23940 Not Found: /api/learning-paths/recommended/
WARNING 2025-07-29 16:13:06,218 basehttp 28852 23940 "GET /api/learning-paths/recommended/?user_level=beginner HTTP/1.1" 404 35
WARNING 2025-07-29 16:13:06,247 log 28852 24612 Not Found: /api/learning-paths/recommended/
WARNING 2025-07-29 16:13:06,269 log 28852 32372 Not Found: /api/learning-paths/recommended/
WARNING 2025-07-29 16:13:06,273 basehttp 28852 24612 "GET /api/learning-paths/recommended/?user_level=beginner HTTP/1.1" 404 35
WARNING 2025-07-29 16:13:06,276 basehttp 28852 32372 "GET /api/learning-paths/recommended/?user_level=beginner HTTP/1.1" 404 35
WARNING 2025-07-29 16:13:06,296 log 28852 27316 Not Found: /api/learning-paths/recommended/
WARNING 2025-07-29 16:13:06,371 basehttp 28852 27316 "GET /api/learning-paths/recommended/?user_level=beginner HTTP/1.1" 404 35
WARNING 2025-07-29 16:13:06,398 log 28852 32372 Not Found: /api/learning-paths/recommended/
WARNING 2025-07-29 16:13:06,402 log 28852 28440 Not Found: /api/learning-paths/recommended/
WARNING 2025-07-29 16:13:06,417 basehttp 28852 32372 "GET /api/learning-paths/recommended/?user_level=beginner HTTP/1.1" 404 35
WARNING 2025-07-29 16:13:06,425 log 28852 5948 Not Found: /api/learning-paths/recommended/
WARNING 2025-07-29 16:13:06,434 basehttp 28852 28440 "GET /api/learning-paths/recommended/?user_level=beginner HTTP/1.1" 404 35
WARNING 2025-07-29 16:13:06,444 log 28852 24612 Not Found: /api/learning-paths/recommended/
WARNING 2025-07-29 16:13:06,464 log 28852 23940 Not Found: /api/learning-paths/recommended/
WARNING 2025-07-29 16:13:06,469 basehttp 28852 5948 "GET /api/learning-paths/recommended/?user_level=beginner HTTP/1.1" 404 35
WARNING 2025-07-29 16:13:06,483 basehttp 28852 24612 "GET /api/learning-paths/recommended/?user_level=beginner HTTP/1.1" 404 35
WARNING 2025-07-29 16:13:06,495 log 28852 27316 Not Found: /api/learning-paths/recommended/
WARNING 2025-07-29 16:13:06,514 basehttp 28852 23940 "GET /api/learning-paths/recommended/?user_level=beginner HTTP/1.1" 404 35
WARNING 2025-07-29 16:13:06,540 log 28852 28440 Not Found: /api/learning-paths/recommended/
WARNING 2025-07-29 16:13:06,544 basehttp 28852 27316 "GET /api/learning-paths/recommended/?user_level=beginner HTTP/1.1" 404 35
WARNING 2025-07-29 16:13:06,571 log 28852 5948 Not Found: /api/learning-paths/recommended/
WARNING 2025-07-29 16:13:06,574 basehttp 28852 28440 "GET /api/learning-paths/recommended/?user_level=beginner HTTP/1.1" 404 35
WARNING 2025-07-29 16:13:06,583 basehttp 28852 5948 "GET /api/learning-paths/recommended/?user_level=beginner HTTP/1.1" 404 35
WARNING 2025-07-29 16:13:06,622 log 28852 32372 Not Found: /api/learning-paths/recommended/
WARNING 2025-07-29 16:13:06,644 log 28852 24612 Not Found: /api/learning-paths/recommended/
WARNING 2025-07-29 16:13:06,668 basehttp 28852 32372 "GET /api/learning-paths/recommended/?user_level=beginner HTTP/1.1" 404 35
WARNING 2025-07-29 16:13:06,688 basehttp 28852 24612 "GET /api/learning-paths/recommended/?user_level=beginner HTTP/1.1" 404 35
WARNING 2025-07-29 16:13:06,765 log 28852 5948 Not Found: /api/learning-paths/recommended/
WARNING 2025-07-29 16:13:06,767 log 28852 27316 Not Found: /api/learning-paths/recommended/
WARNING 2025-07-29 16:13:06,774 basehttp 28852 5948 "GET /api/learning-paths/recommended/?user_level=beginner HTTP/1.1" 404 35
WARNING 2025-07-29 16:13:06,782 basehttp 28852 27316 "GET /api/learning-paths/recommended/?user_level=beginner HTTP/1.1" 404 35
WARNING 2025-07-29 16:13:06,873 log 28852 23940 Not Found: /api/learning-paths/recommended/
WARNING 2025-07-29 16:13:06,885 basehttp 28852 23940 "GET /api/learning-paths/recommended/?user_level=beginner HTTP/1.1" 404 35
WARNING 2025-07-29 16:13:06,897 log 28852 28440 Not Found: /api/learning-paths/recommended/
WARNING 2025-07-29 16:13:06,908 basehttp 28852 28440 "GET /api/learning-paths/recommended/?user_level=beginner HTTP/1.1" 404 35
WARNING 2025-07-29 16:13:06,961 log 28852 27316 Not Found: /api/learning-paths/recommended/
WARNING 2025-07-29 16:13:06,966 log 28852 32372 Not Found: /api/learning-paths/recommended/
WARNING 2025-07-29 16:13:06,967 log 28852 24612 Not Found: /api/learning-paths/recommended/
WARNING 2025-07-29 16:13:06,976 basehttp 28852 27316 "GET /api/learning-paths/recommended/?user_level=beginner HTTP/1.1" 404 35
WARNING 2025-07-29 16:13:06,982 log 28852 5948 Not Found: /api/learning-paths/recommended/
WARNING 2025-07-29 16:13:06,986 basehttp 28852 32372 "GET /api/learning-paths/recommended/?user_level=beginner HTTP/1.1" 404 35
WARNING 2025-07-29 16:13:06,998 basehttp 28852 24612 "GET /api/learning-paths/recommended/?user_level=beginner HTTP/1.1" 404 35
WARNING 2025-07-29 16:13:07,023 basehttp 28852 5948 "GET /api/learning-paths/recommended/?user_level=beginner HTTP/1.1" 404 35
WARNING 2025-07-29 16:13:07,332 log 28852 27316 Not Found: /api/learning-paths/recommended/
WARNING 2025-07-29 16:13:07,335 log 28852 23940 Not Found: /api/learning-paths/recommended/
WARNING 2025-07-29 16:13:07,496 log 28852 32372 Not Found: /api/learning-paths/recommended/
WARNING 2025-07-29 16:13:07,497 log 28852 28440 Not Found: /api/learning-paths/recommended/
WARNING 2025-07-29 16:13:07,845 log 28852 24612 Not Found: /api/learning-paths/recommended/
WARNING 2025-07-29 16:13:07,869 log 28852 5948 Not Found: /api/learning-paths/recommended/
WARNING 2025-07-29 16:13:07,932 basehttp 28852 27316 "GET /api/learning-paths/recommended/?user_level=beginner HTTP/1.1" 404 35
WARNING 2025-07-29 16:13:08,080 basehttp 28852 23940 "GET /api/learning-paths/recommended/?user_level=beginner HTTP/1.1" 404 35
WARNING 2025-07-29 16:13:08,193 basehttp 28852 32372 "GET /api/learning-paths/recommended/?user_level=beginner HTTP/1.1" 404 35
WARNING 2025-07-29 16:13:08,207 basehttp 28852 28440 "GET /api/learning-paths/recommended/?user_level=beginner HTTP/1.1" 404 35
WARNING 2025-07-29 16:13:08,274 basehttp 28852 24612 "GET /api/learning-paths/recommended/?user_level=beginner HTTP/1.1" 404 35
WARNING 2025-07-29 16:13:08,299 basehttp 28852 5948 "GET /api/learning-paths/recommended/?user_level=beginner HTTP/1.1" 404 35
WARNING 2025-07-29 16:13:08,450 log 28852 27316 Not Found: /api/learning-paths/recommended/
WARNING 2025-07-29 16:13:08,527 log 28852 23940 Not Found: /api/learning-paths/recommended/
WARNING 2025-07-29 16:13:08,661 basehttp 28852 27316 "GET /api/learning-paths/recommended/?user_level=beginner HTTP/1.1" 404 35
WARNING 2025-07-29 16:13:08,702 log 28852 32372 Not Found: /api/learning-paths/recommended/
WARNING 2025-07-29 16:13:08,732 basehttp 28852 23940 "GET /api/learning-paths/recommended/?user_level=beginner HTTP/1.1" 404 35
WARNING 2025-07-29 16:13:08,815 basehttp 28852 32372 "GET /api/learning-paths/recommended/?user_level=beginner HTTP/1.1" 404 35
WARNING 2025-07-29 16:13:08,869 log 28852 27316 Not Found: /api/learning-paths/recommended/
WARNING 2025-07-29 16:13:08,885 log 28852 5948 Not Found: /api/learning-paths/recommended/
WARNING 2025-07-29 16:13:08,887 log 28852 24612 Not Found: /api/learning-paths/recommended/
WARNING 2025-07-29 16:13:09,057 basehttp 28852 27316 "GET /api/learning-paths/recommended/?user_level=beginner HTTP/1.1" 404 35
WARNING 2025-07-29 16:13:09,228 basehttp 28852 5948 "GET /api/learning-paths/recommended/?user_level=beginner HTTP/1.1" 404 35
WARNING 2025-07-29 16:13:09,250 log 28852 23940 Not Found: /api/learning-paths/recommended/
WARNING 2025-07-29 16:13:09,264 log 28852 28440 Not Found: /api/learning-paths/recommended/
WARNING 2025-07-29 16:13:09,322 basehttp 28852 24612 "GET /api/learning-paths/recommended/?user_level=beginner HTTP/1.1" 404 35
WARNING 2025-07-29 16:13:09,600 basehttp 28852 23940 "GET /api/learning-paths/recommended/?user_level=beginner HTTP/1.1" 404 35
WARNING 2025-07-29 16:13:09,881 basehttp 28852 28440 "GET /api/learning-paths/recommended/?user_level=beginner HTTP/1.1" 404 35
WARNING 2025-07-29 16:13:10,001 log 28852 32372 Not Found: /api/learning-paths/recommended/
WARNING 2025-07-29 16:13:10,041 basehttp 28852 32372 "GET /api/learning-paths/recommended/?user_level=beginner HTTP/1.1" 404 35
WARNING 2025-07-29 16:13:10,083 log 28852 5948 Not Found: /api/learning-paths/recommended/
WARNING 2025-07-29 16:13:10,115 log 28852 28440 Not Found: /api/learning-paths/recommended/
WARNING 2025-07-29 16:13:10,299 basehttp 28852 5948 "GET /api/learning-paths/recommended/?user_level=beginner HTTP/1.1" 404 35
WARNING 2025-07-29 16:13:10,355 log 28852 32372 Not Found: /api/learning-paths/recommended/
WARNING 2025-07-29 16:13:10,369 log 28852 24612 Not Found: /api/learning-paths/recommended/
WARNING 2025-07-29 16:13:10,374 basehttp 28852 28440 "GET /api/learning-paths/recommended/?user_level=beginner HTTP/1.1" 404 35
WARNING 2025-07-29 16:13:10,385 basehttp 28852 32372 "GET /api/learning-paths/recommended/?user_level=beginner HTTP/1.1" 404 35
WARNING 2025-07-29 16:13:10,381 log 28852 27316 Not Found: /api/learning-paths/recommended/
WARNING 2025-07-29 16:13:10,376 log 28852 23940 Not Found: /api/learning-paths/recommended/
WARNING 2025-07-29 16:13:10,398 basehttp 28852 24612 "GET /api/learning-paths/recommended/?user_level=beginner HTTP/1.1" 404 35
WARNING 2025-07-29 16:13:10,407 log 28852 5948 Not Found: /api/learning-paths/recommended/
WARNING 2025-07-29 16:13:10,510 log 28852 28440 Not Found: /api/learning-paths/recommended/
WARNING 2025-07-29 16:13:10,514 basehttp 28852 27316 "GET /api/learning-paths/recommended/?user_level=beginner HTTP/1.1" 404 35
WARNING 2025-07-29 16:13:10,522 basehttp 28852 23940 "GET /api/learning-paths/recommended/?user_level=beginner HTTP/1.1" 404 35
WARNING 2025-07-29 16:13:10,549 basehttp 28852 5948 "GET /api/learning-paths/recommended/?user_level=beginner HTTP/1.1" 404 35
WARNING 2025-07-29 16:13:10,582 basehttp 28852 28440 "GET /api/learning-paths/recommended/?user_level=beginner HTTP/1.1" 404 35
WARNING 2025-07-29 16:13:10,718 log 28852 32372 Not Found: /api/learning-paths/recommended/
WARNING 2025-07-29 16:13:10,726 basehttp 28852 32372 "GET /api/learning-paths/recommended/?user_level=beginner HTTP/1.1" 404 35
WARNING 2025-07-29 16:13:10,771 log 28852 23940 Not Found: /api/learning-paths/recommended/
WARNING 2025-07-29 16:13:10,848 log 28852 24612 Not Found: /api/learning-paths/recommended/
WARNING 2025-07-29 16:13:10,854 basehttp 28852 23940 "GET /api/learning-paths/recommended/?user_level=beginner HTTP/1.1" 404 35
WARNING 2025-07-29 16:13:10,916 log 28852 28440 Not Found: /api/learning-paths/recommended/
WARNING 2025-07-29 16:13:10,917 log 28852 27316 Not Found: /api/learning-paths/recommended/
WARNING 2025-07-29 16:13:10,919 basehttp 28852 24612 "GET /api/learning-paths/recommended/?user_level=beginner HTTP/1.1" 404 35
WARNING 2025-07-29 16:13:10,961 log 28852 5948 Not Found: /api/learning-paths/recommended/
WARNING 2025-07-29 16:13:10,975 basehttp 28852 28440 "GET /api/learning-paths/recommended/?user_level=beginner HTTP/1.1" 404 35
WARNING 2025-07-29 16:13:10,987 basehttp 28852 27316 "GET /api/learning-paths/recommended/?user_level=beginner HTTP/1.1" 404 35
WARNING 2025-07-29 16:13:11,032 log 28852 23940 Not Found: /api/learning-paths/recommended/
WARNING 2025-07-29 16:13:11,123 basehttp 28852 5948 "GET /api/learning-paths/recommended/?user_level=beginner HTTP/1.1" 404 35
WARNING 2025-07-29 16:13:11,129 log 28852 32372 Not Found: /api/learning-paths/recommended/
WARNING 2025-07-29 16:13:11,157 log 28852 24612 Not Found: /api/learning-paths/recommended/
WARNING 2025-07-29 16:13:11,260 log 28852 28440 Not Found: /api/learning-paths/recommended/
WARNING 2025-07-29 16:13:11,263 log 28852 27316 Not Found: /api/learning-paths/recommended/
WARNING 2025-07-29 16:13:11,265 basehttp 28852 23940 "GET /api/learning-paths/recommended/?user_level=beginner HTTP/1.1" 404 35
WARNING 2025-07-29 16:13:11,285 basehttp 28852 32372 "GET /api/learning-paths/recommended/?user_level=beginner HTTP/1.1" 404 35
WARNING 2025-07-29 16:13:11,293 basehttp 28852 24612 "GET /api/learning-paths/recommended/?user_level=beginner HTTP/1.1" 404 35
WARNING 2025-07-29 16:13:11,307 log 28852 5948 Not Found: /api/learning-paths/recommended/
WARNING 2025-07-29 16:13:11,328 basehttp 28852 28440 "GET /api/learning-paths/recommended/?user_level=beginner HTTP/1.1" 404 35
WARNING 2025-07-29 16:13:11,330 basehttp 28852 27316 "GET /api/learning-paths/recommended/?user_level=beginner HTTP/1.1" 404 35
WARNING 2025-07-29 16:13:11,370 log 28852 32372 Not Found: /api/learning-paths/recommended/
WARNING 2025-07-29 16:13:11,374 log 28852 27316 Not Found: /api/learning-paths/recommended/
WARNING 2025-07-29 16:13:11,404 basehttp 28852 5948 "GET /api/learning-paths/recommended/?user_level=beginner HTTP/1.1" 404 35
WARNING 2025-07-29 16:13:11,425 log 28852 24612 Not Found: /api/learning-paths/recommended/
WARNING 2025-07-29 16:13:11,476 log 28852 28440 Not Found: /api/learning-paths/recommended/
WARNING 2025-07-29 16:13:11,495 basehttp 28852 32372 "GET /api/learning-paths/recommended/?user_level=beginner HTTP/1.1" 404 35
WARNING 2025-07-29 16:13:11,517 basehttp 28852 27316 "GET /api/learning-paths/recommended/?user_level=beginner HTTP/1.1" 404 35
WARNING 2025-07-29 16:13:11,526 log 28852 23940 Not Found: /api/learning-paths/recommended/
WARNING 2025-07-29 16:13:11,548 basehttp 28852 24612 "GET /api/learning-paths/recommended/?user_level=beginner HTTP/1.1" 404 35
WARNING 2025-07-29 16:13:11,570 basehttp 28852 28440 "GET /api/learning-paths/recommended/?user_level=beginner HTTP/1.1" 404 35
WARNING 2025-07-29 16:13:11,602 basehttp 28852 23940 "GET /api/learning-paths/recommended/?user_level=beginner HTTP/1.1" 404 35
WARNING 2025-07-29 16:13:11,620 log 28852 5948 Not Found: /api/learning-paths/recommended/
WARNING 2025-07-29 16:13:11,652 log 28852 27316 Not Found: /api/learning-paths/recommended/
WARNING 2025-07-29 16:13:11,673 log 28852 32372 Not Found: /api/learning-paths/recommended/
WARNING 2025-07-29 16:13:11,681 log 28852 24612 Not Found: /api/learning-paths/recommended/
WARNING 2025-07-29 16:13:11,689 basehttp 28852 5948 "GET /api/learning-paths/recommended/?user_level=beginner HTTP/1.1" 404 35
WARNING 2025-07-29 16:13:11,697 log 28852 23940 Not Found: /api/learning-paths/recommended/
WARNING 2025-07-29 16:13:11,701 basehttp 28852 27316 "GET /api/learning-paths/recommended/?user_level=beginner HTTP/1.1" 404 35
WARNING 2025-07-29 16:13:11,713 basehttp 28852 32372 "GET /api/learning-paths/recommended/?user_level=beginner HTTP/1.1" 404 35
WARNING 2025-07-29 16:13:11,721 log 28852 28440 Not Found: /api/learning-paths/recommended/
WARNING 2025-07-29 16:13:11,728 basehttp 28852 28440 "GET /api/learning-paths/recommended/?user_level=beginner HTTP/1.1" 404 35
WARNING 2025-07-29 16:13:11,786 log 28852 28440 Not Found: /api/learning-paths/recommended/
WARNING 2025-07-29 16:13:11,800 basehttp 28852 24612 "GET /api/learning-paths/recommended/?user_level=beginner HTTP/1.1" 404 35
WARNING 2025-07-29 16:13:11,857 log 28852 27316 Not Found: /api/learning-paths/recommended/
WARNING 2025-07-29 16:13:11,885 basehttp 28852 23940 "GET /api/learning-paths/recommended/?user_level=beginner HTTP/1.1" 404 35
WARNING 2025-07-29 16:13:11,901 basehttp 28852 28440 "GET /api/learning-paths/recommended/?user_level=beginner HTTP/1.1" 404 35
WARNING 2025-07-29 16:13:12,001 basehttp 28852 27316 "GET /api/learning-paths/recommended/?user_level=beginner HTTP/1.1" 404 35
WARNING 2025-07-29 16:13:12,222 log 28852 23940 Not Found: /api/learning-paths/recommended/
WARNING 2025-07-29 16:13:12,257 basehttp 28852 23940 "GET /api/learning-paths/recommended/?user_level=beginner HTTP/1.1" 404 35
WARNING 2025-07-29 16:13:12,262 log 28852 27316 Not Found: /api/learning-paths/recommended/
WARNING 2025-07-29 16:13:12,273 log 28852 32372 Not Found: /api/learning-paths/recommended/
WARNING 2025-07-29 16:13:12,283 log 28852 5948 Not Found: /api/learning-paths/recommended/
WARNING 2025-07-29 16:13:12,312 basehttp 28852 27316 "GET /api/learning-paths/recommended/?user_level=beginner HTTP/1.1" 404 35
WARNING 2025-07-29 16:13:12,316 basehttp 28852 32372 "GET /api/learning-paths/recommended/?user_level=beginner HTTP/1.1" 404 35
WARNING 2025-07-29 16:13:12,361 basehttp 28852 5948 "GET /api/learning-paths/recommended/?user_level=beginner HTTP/1.1" 404 35
WARNING 2025-07-29 16:13:12,370 log 28852 23940 Not Found: /api/learning-paths/recommended/
WARNING 2025-07-29 16:13:12,393 log 28852 24612 Not Found: /api/learning-paths/recommended/
WARNING 2025-07-29 16:13:12,435 basehttp 28852 23940 "GET /api/learning-paths/recommended/?user_level=beginner HTTP/1.1" 404 35
WARNING 2025-07-29 16:13:12,481 log 28852 27316 Not Found: /api/learning-paths/recommended/
WARNING 2025-07-29 16:13:12,493 basehttp 28852 24612 "GET /api/learning-paths/recommended/?user_level=beginner HTTP/1.1" 404 35
WARNING 2025-07-29 16:13:12,566 log 28852 32372 Not Found: /api/learning-paths/recommended/
WARNING 2025-07-29 16:13:12,579 basehttp 28852 27316 "GET /api/learning-paths/recommended/?user_level=beginner HTTP/1.1" 404 35
WARNING 2025-07-29 16:13:12,606 log 28852 5948 Not Found: /api/learning-paths/recommended/
WARNING 2025-07-29 16:13:12,652 log 28852 23940 Not Found: /api/learning-paths/recommended/
WARNING 2025-07-29 16:13:12,658 log 28852 24612 Not Found: /api/learning-paths/recommended/
WARNING 2025-07-29 16:13:12,659 basehttp 28852 32372 "GET /api/learning-paths/recommended/?user_level=beginner HTTP/1.1" 404 35
WARNING 2025-07-29 16:13:12,664 log 28852 28440 Not Found: /api/learning-paths/recommended/
WARNING 2025-07-29 16:13:12,702 basehttp 28852 5948 "GET /api/learning-paths/recommended/?user_level=beginner HTTP/1.1" 404 35
WARNING 2025-07-29 16:13:12,720 basehttp 28852 23940 "GET /api/learning-paths/recommended/?user_level=beginner HTTP/1.1" 404 35
WARNING 2025-07-29 16:13:12,724 log 28852 27316 Not Found: /api/learning-paths/recommended/
WARNING 2025-07-29 16:13:12,732 basehttp 28852 24612 "GET /api/learning-paths/recommended/?user_level=beginner HTTP/1.1" 404 35
WARNING 2025-07-29 16:13:12,829 basehttp 28852 28440 "GET /api/learning-paths/recommended/?user_level=beginner HTTP/1.1" 404 35
WARNING 2025-07-29 16:13:12,921 basehttp 28852 27316 "GET /api/learning-paths/recommended/?user_level=beginner HTTP/1.1" 404 35
WARNING 2025-07-29 16:13:13,028 log 28852 32372 Not Found: /api/learning-paths/recommended/
WARNING 2025-07-29 16:13:13,066 basehttp 28852 32372 "GET /api/learning-paths/recommended/?user_level=beginner HTTP/1.1" 404 35
WARNING 2025-07-29 16:13:13,204 log 28852 5948 Not Found: /api/learning-paths/recommended/
WARNING 2025-07-29 16:13:13,264 basehttp 28852 5948 "GET /api/learning-paths/recommended/?user_level=beginner HTTP/1.1" 404 35
WARNING 2025-07-29 16:13:13,304 log 28852 23940 Not Found: /api/learning-paths/recommended/
WARNING 2025-07-29 16:13:13,499 basehttp 28852 23940 "GET /api/learning-paths/recommended/?user_level=beginner HTTP/1.1" 404 35
WARNING 2025-07-29 16:13:13,590 log 28852 24612 Not Found: /api/learning-paths/recommended/
WARNING 2025-07-29 16:13:13,618 basehttp 28852 24612 "GET /api/learning-paths/recommended/?user_level=beginner HTTP/1.1" 404 35
WARNING 2025-07-29 16:13:13,736 log 28852 5948 Not Found: /api/learning-paths/recommended/
WARNING 2025-07-29 16:13:13,762 basehttp 28852 5948 "GET /api/learning-paths/recommended/?user_level=beginner HTTP/1.1" 404 35
WARNING 2025-07-29 16:13:13,847 log 28852 27316 Not Found: /api/learning-paths/recommended/
WARNING 2025-07-29 16:13:13,910 log 28852 32372 Not Found: /api/learning-paths/recommended/
WARNING 2025-07-29 16:13:13,961 log 28852 28440 Not Found: /api/learning-paths/recommended/
WARNING 2025-07-29 16:13:14,031 basehttp 28852 27316 "GET /api/learning-paths/recommended/?user_level=beginner HTTP/1.1" 404 35
WARNING 2025-07-29 16:13:14,175 log 28852 23940 Not Found: /api/learning-paths/recommended/
WARNING 2025-07-29 16:13:14,237 log 28852 24612 Not Found: /api/learning-paths/recommended/
WARNING 2025-07-29 16:13:14,338 basehttp 28852 32372 "GET /api/learning-paths/recommended/?user_level=beginner HTTP/1.1" 404 35
WARNING 2025-07-29 16:13:14,339 basehttp 28852 28440 "GET /api/learning-paths/recommended/?user_level=beginner HTTP/1.1" 404 35
WARNING 2025-07-29 16:13:14,360 log 28852 5948 Not Found: /api/learning-paths/recommended/
WARNING 2025-07-29 16:13:14,579 log 28852 27316 Not Found: /api/learning-paths/recommended/
WARNING 2025-07-29 16:13:14,601 basehttp 28852 23940 "GET /api/learning-paths/recommended/?user_level=beginner HTTP/1.1" 404 35
WARNING 2025-07-29 16:13:14,607 basehttp 28852 24612 "GET /api/learning-paths/recommended/?user_level=beginner HTTP/1.1" 404 35
WARNING 2025-07-29 16:13:14,715 basehttp 28852 5948 "GET /api/learning-paths/recommended/?user_level=beginner HTTP/1.1" 404 35
WARNING 2025-07-29 16:13:14,773 basehttp 28852 27316 "GET /api/learning-paths/recommended/?user_level=beginner HTTP/1.1" 404 35
WARNING 2025-07-29 16:13:14,808 log 28852 32372 Not Found: /api/learning-paths/recommended/
WARNING 2025-07-29 16:13:14,879 log 28852 28440 Not Found: /api/learning-paths/recommended/
WARNING 2025-07-29 16:13:14,923 basehttp 28852 32372 "GET /api/learning-paths/recommended/?user_level=beginner HTTP/1.1" 404 35
WARNING 2025-07-29 16:13:14,938 basehttp 28852 28440 "GET /api/learning-paths/recommended/?user_level=beginner HTTP/1.1" 404 35
WARNING 2025-07-29 16:13:15,282 log 28852 28440 Not Found: /api/learning-paths/recommended/
WARNING 2025-07-29 16:13:15,302 log 28852 32372 Not Found: /api/learning-paths/recommended/
WARNING 2025-07-29 16:13:15,430 basehttp 28852 28440 "GET /api/learning-paths/recommended/?user_level=beginner HTTP/1.1" 404 35
WARNING 2025-07-29 16:13:15,699 log 28852 5948 Not Found: /api/learning-paths/recommended/
WARNING 2025-07-29 16:13:15,721 log 28852 27316 Not Found: /api/learning-paths/recommended/
WARNING 2025-07-29 16:13:15,722 log 28852 24612 Not Found: /api/learning-paths/recommended/
WARNING 2025-07-29 16:13:15,723 log 28852 23940 Not Found: /api/learning-paths/recommended/
WARNING 2025-07-29 16:13:15,744 basehttp 28852 32372 "GET /api/learning-paths/recommended/?user_level=beginner HTTP/1.1" 404 35
WARNING 2025-07-29 16:13:15,756 log 28852 28440 Not Found: /api/learning-paths/recommended/
WARNING 2025-07-29 16:13:15,779 basehttp 28852 27316 "GET /api/learning-paths/recommended/?user_level=beginner HTTP/1.1" 404 35
WARNING 2025-07-29 16:13:15,790 log 28852 27316 Not Found: /api/learning-paths/recommended/
WARNING 2025-07-29 16:13:15,793 basehttp 28852 24612 "GET /api/learning-paths/recommended/?user_level=beginner HTTP/1.1" 404 35
WARNING 2025-07-29 16:13:15,794 basehttp 28852 5948 "GET /api/learning-paths/recommended/?user_level=beginner HTTP/1.1" 404 35
WARNING 2025-07-29 16:13:16,149 basehttp 28852 28440 "GET /api/learning-paths/recommended/?user_level=beginner HTTP/1.1" 404 35
WARNING 2025-07-29 16:13:16,276 basehttp 28852 23940 "GET /api/learning-paths/recommended/?user_level=beginner HTTP/1.1" 404 35
WARNING 2025-07-29 16:13:16,324 log 28852 32372 Not Found: /api/learning-paths/recommended/
WARNING 2025-07-29 16:13:16,334 basehttp 28852 27316 "GET /api/learning-paths/recommended/?user_level=beginner HTTP/1.1" 404 35
WARNING 2025-07-29 16:13:16,627 basehttp 28852 32372 "GET /api/learning-paths/recommended/?user_level=beginner HTTP/1.1" 404 35
WARNING 2025-07-29 16:13:16,640 log 28852 24612 Not Found: /api/learning-paths/recommended/
WARNING 2025-07-29 16:13:16,878 log 28852 5948 Not Found: /api/learning-paths/recommended/
WARNING 2025-07-29 16:13:17,018 log 28852 23940 Not Found: /api/learning-paths/recommended/
WARNING 2025-07-29 16:13:17,141 log 28852 27316 Not Found: /api/learning-paths/recommended/
WARNING 2025-07-29 16:13:17,158 log 28852 28440 Not Found: /api/learning-paths/recommended/
WARNING 2025-07-29 16:13:17,172 basehttp 28852 24612 "GET /api/learning-paths/recommended/?user_level=beginner HTTP/1.1" 404 35
WARNING 2025-07-29 16:13:17,181 log 28852 32372 Not Found: /api/learning-paths/recommended/
WARNING 2025-07-29 16:13:17,215 basehttp 28852 5948 "GET /api/learning-paths/recommended/?user_level=beginner HTTP/1.1" 404 35
WARNING 2025-07-29 16:13:17,273 basehttp 28852 23940 "GET /api/learning-paths/recommended/?user_level=beginner HTTP/1.1" 404 35
WARNING 2025-07-29 16:13:17,339 basehttp 28852 27316 "GET /api/learning-paths/recommended/?user_level=beginner HTTP/1.1" 404 35
WARNING 2025-07-29 16:13:17,361 basehttp 28852 28440 "GET /api/learning-paths/recommended/?user_level=beginner HTTP/1.1" 404 35
WARNING 2025-07-29 16:13:17,486 basehttp 28852 32372 "GET /api/learning-paths/recommended/?user_level=beginner HTTP/1.1" 404 35
WARNING 2025-07-29 16:13:17,515 log 28852 24612 Not Found: /api/learning-paths/recommended/
WARNING 2025-07-29 16:13:17,665 log 28852 23940 Not Found: /api/learning-paths/recommended/
WARNING 2025-07-29 16:13:17,683 basehttp 28852 24612 "GET /api/learning-paths/recommended/?user_level=beginner HTTP/1.1" 404 35
WARNING 2025-07-29 16:13:17,730 basehttp 28852 23940 "GET /api/learning-paths/recommended/?user_level=beginner HTTP/1.1" 404 35
WARNING 2025-07-29 16:13:17,792 log 28852 32372 Not Found: /api/learning-paths/recommended/
WARNING 2025-07-29 16:13:17,806 log 28852 27316 Not Found: /api/learning-paths/recommended/
WARNING 2025-07-29 16:13:17,872 log 28852 28440 Not Found: /api/learning-paths/recommended/
WARNING 2025-07-29 16:13:17,878 log 28852 5948 Not Found: /api/learning-paths/recommended/
WARNING 2025-07-29 16:13:17,927 basehttp 28852 32372 "GET /api/learning-paths/recommended/?user_level=beginner HTTP/1.1" 404 35
WARNING 2025-07-29 16:13:17,961 basehttp 28852 27316 "GET /api/learning-paths/recommended/?user_level=beginner HTTP/1.1" 404 35
WARNING 2025-07-29 16:13:17,961 basehttp 28852 28440 "GET /api/learning-paths/recommended/?user_level=beginner HTTP/1.1" 404 35
WARNING 2025-07-29 16:13:18,011 basehttp 28852 5948 "GET /api/learning-paths/recommended/?user_level=beginner HTTP/1.1" 404 35
WARNING 2025-07-29 16:13:18,055 log 28852 23940 Not Found: /api/learning-paths/recommended/
WARNING 2025-07-29 16:13:18,057 log 28852 24612 Not Found: /api/learning-paths/recommended/
WARNING 2025-07-29 16:13:18,068 basehttp 28852 23940 "GET /api/learning-paths/recommended/?user_level=beginner HTTP/1.1" 404 35
WARNING 2025-07-29 16:13:18,073 log 28852 28440 Not Found: /api/learning-paths/recommended/
WARNING 2025-07-29 16:13:18,086 basehttp 28852 24612 "GET /api/learning-paths/recommended/?user_level=beginner HTTP/1.1" 404 35
WARNING 2025-07-29 16:13:18,109 log 28852 27316 Not Found: /api/learning-paths/recommended/
WARNING 2025-07-29 16:13:18,197 log 28852 32372 Not Found: /api/learning-paths/recommended/
WARNING 2025-07-29 16:13:18,212 basehttp 28852 28440 "GET /api/learning-paths/recommended/?user_level=beginner HTTP/1.1" 404 35
WARNING 2025-07-29 16:13:18,416 basehttp 28852 27316 "GET /api/learning-paths/recommended/?user_level=beginner HTTP/1.1" 404 35
WARNING 2025-07-29 16:13:18,418 basehttp 28852 32372 "GET /api/learning-paths/recommended/?user_level=beginner HTTP/1.1" 404 35
WARNING 2025-07-29 16:13:18,652 log 28852 24612 Not Found: /api/learning-paths/recommended/
WARNING 2025-07-29 16:13:18,702 basehttp 28852 24612 "GET /api/learning-paths/recommended/?user_level=beginner HTTP/1.1" 404 35
WARNING 2025-07-29 16:13:18,809 log 28852 28440 Not Found: /api/learning-paths/recommended/
WARNING 2025-07-29 16:13:18,823 log 28852 32372 Not Found: /api/learning-paths/recommended/
WARNING 2025-07-29 16:13:18,823 basehttp 28852 28440 "GET /api/learning-paths/recommended/?user_level=beginner HTTP/1.1" 404 35
WARNING 2025-07-29 16:13:18,827 basehttp 28852 32372 "GET /api/learning-paths/recommended/?user_level=beginner HTTP/1.1" 404 35
WARNING 2025-07-29 16:13:18,831 log 28852 5948 Not Found: /api/learning-paths/recommended/
WARNING 2025-07-29 16:13:18,985 log 28852 23940 Not Found: /api/learning-paths/recommended/
WARNING 2025-07-29 16:13:19,082 basehttp 28852 5948 "GET /api/learning-paths/recommended/?user_level=beginner HTTP/1.1" 404 35
WARNING 2025-07-29 16:13:19,114 log 28852 28440 Not Found: /api/learning-paths/recommended/
WARNING 2025-07-29 16:13:19,116 log 28852 27316 Not Found: /api/learning-paths/recommended/
WARNING 2025-07-29 16:13:19,118 log 28852 32372 Not Found: /api/learning-paths/recommended/
WARNING 2025-07-29 16:13:19,124 log 28852 24612 Not Found: /api/learning-paths/recommended/
WARNING 2025-07-29 16:13:19,188 basehttp 28852 23940 "GET /api/learning-paths/recommended/?user_level=beginner HTTP/1.1" 404 35
WARNING 2025-07-29 16:13:19,260 basehttp 28852 28440 "GET /api/learning-paths/recommended/?user_level=beginner HTTP/1.1" 404 35
WARNING 2025-07-29 16:13:19,275 basehttp 28852 27316 "GET /api/learning-paths/recommended/?user_level=beginner HTTP/1.1" 404 35
WARNING 2025-07-29 16:13:19,281 basehttp 28852 32372 "GET /api/learning-paths/recommended/?user_level=beginner HTTP/1.1" 404 35
WARNING 2025-07-29 16:13:19,284 log 28852 5948 Not Found: /api/learning-paths/recommended/
WARNING 2025-07-29 16:13:19,287 basehttp 28852 24612 "GET /api/learning-paths/recommended/?user_level=beginner HTTP/1.1" 404 35
WARNING 2025-07-29 16:13:19,310 basehttp 28852 5948 "GET /api/learning-paths/recommended/?user_level=beginner HTTP/1.1" 404 35
WARNING 2025-07-29 16:13:19,327 log 28852 28440 Not Found: /api/learning-paths/recommended/
WARNING 2025-07-29 16:13:19,392 log 28852 27316 Not Found: /api/learning-paths/recommended/
WARNING 2025-07-29 16:13:19,407 log 28852 32372 Not Found: /api/learning-paths/recommended/
WARNING 2025-07-29 16:13:19,431 basehttp 28852 28440 "GET /api/learning-paths/recommended/?user_level=beginner HTTP/1.1" 404 35
WARNING 2025-07-29 16:13:19,475 basehttp 28852 27316 "GET /api/learning-paths/recommended/?user_level=beginner HTTP/1.1" 404 35
WARNING 2025-07-29 16:13:19,478 basehttp 28852 32372 "GET /api/learning-paths/recommended/?user_level=beginner HTTP/1.1" 404 35
WARNING 2025-07-29 16:13:19,537 log 28852 24612 Not Found: /api/learning-paths/recommended/
WARNING 2025-07-29 16:13:19,561 log 28852 28440 Not Found: /api/learning-paths/recommended/
WARNING 2025-07-29 16:13:19,571 log 28852 27316 Not Found: /api/learning-paths/recommended/
WARNING 2025-07-29 16:13:19,577 log 28852 23940 Not Found: /api/learning-paths/recommended/
WARNING 2025-07-29 16:13:19,619 basehttp 28852 28440 "GET /api/learning-paths/recommended/?user_level=beginner HTTP/1.1" 404 35
WARNING 2025-07-29 16:13:19,623 basehttp 28852 24612 "GET /api/learning-paths/recommended/?user_level=beginner HTTP/1.1" 404 35
WARNING 2025-07-29 16:13:19,684 log 28852 32372 Not Found: /api/learning-paths/recommended/
WARNING 2025-07-29 16:13:19,689 basehttp 28852 27316 "GET /api/learning-paths/recommended/?user_level=beginner HTTP/1.1" 404 35
WARNING 2025-07-29 16:13:19,748 log 28852 5948 Not Found: /api/learning-paths/recommended/
WARNING 2025-07-29 16:13:19,754 basehttp 28852 23940 "GET /api/learning-paths/recommended/?user_level=beginner HTTP/1.1" 404 35
WARNING 2025-07-29 16:13:19,805 basehttp 28852 32372 "GET /api/learning-paths/recommended/?user_level=beginner HTTP/1.1" 404 35
WARNING 2025-07-29 16:13:19,822 log 28852 28440 Not Found: /api/learning-paths/recommended/
WARNING 2025-07-29 16:13:19,953 log 28852 24612 Not Found: /api/learning-paths/recommended/
WARNING 2025-07-29 16:13:19,962 basehttp 28852 5948 "GET /api/learning-paths/recommended/?user_level=beginner HTTP/1.1" 404 35
WARNING 2025-07-29 16:13:19,969 basehttp 28852 28440 "GET /api/learning-paths/recommended/?user_level=beginner HTTP/1.1" 404 35
WARNING 2025-07-29 16:13:19,989 log 28852 23940 Not Found: /api/learning-paths/recommended/
WARNING 2025-07-29 16:13:19,992 log 28852 32372 Not Found: /api/learning-paths/recommended/
WARNING 2025-07-29 16:13:20,003 basehttp 28852 24612 "GET /api/learning-paths/recommended/?user_level=beginner HTTP/1.1" 404 35
WARNING 2025-07-29 16:13:20,039 log 28852 27316 Not Found: /api/learning-paths/recommended/
WARNING 2025-07-29 16:13:20,151 log 28852 28440 Not Found: /api/learning-paths/recommended/
WARNING 2025-07-29 16:13:20,154 log 28852 5948 Not Found: /api/learning-paths/recommended/
WARNING 2025-07-29 16:13:20,192 basehttp 28852 32372 "GET /api/learning-paths/recommended/?user_level=beginner HTTP/1.1" 404 35
WARNING 2025-07-29 16:13:20,198 basehttp 28852 23940 "GET /api/learning-paths/recommended/?user_level=beginner HTTP/1.1" 404 35
WARNING 2025-07-29 16:13:20,218 basehttp 28852 28440 "GET /api/learning-paths/recommended/?user_level=beginner HTTP/1.1" 404 35
WARNING 2025-07-29 16:13:20,221 basehttp 28852 27316 "GET /api/learning-paths/recommended/?user_level=beginner HTTP/1.1" 404 35
WARNING 2025-07-29 16:13:20,421 log 28852 24612 Not Found: /api/learning-paths/recommended/
WARNING 2025-07-29 16:13:20,423 basehttp 28852 5948 "GET /api/learning-paths/recommended/?user_level=beginner HTTP/1.1" 404 35
WARNING 2025-07-29 16:13:20,447 basehttp 28852 24612 "GET /api/learning-paths/recommended/?user_level=beginner HTTP/1.1" 404 35
WARNING 2025-07-29 16:13:20,654 log 28852 27316 Not Found: /api/learning-paths/recommended/
WARNING 2025-07-29 16:13:20,682 basehttp 28852 27316 "GET /api/learning-paths/recommended/?user_level=beginner HTTP/1.1" 404 35
WARNING 2025-07-29 16:13:20,901 log 28852 28440 Not Found: /api/learning-paths/recommended/
WARNING 2025-07-29 16:13:20,906 log 28852 23940 Not Found: /api/learning-paths/recommended/
WARNING 2025-07-29 16:13:20,912 log 28852 24612 Not Found: /api/learning-paths/recommended/
WARNING 2025-07-29 16:13:20,949 log 28852 5948 Not Found: /api/learning-paths/recommended/
WARNING 2025-07-29 16:13:20,951 basehttp 28852 28440 "GET /api/learning-paths/recommended/?user_level=beginner HTTP/1.1" 404 35
WARNING 2025-07-29 16:13:20,967 basehttp 28852 23940 "GET /api/learning-paths/recommended/?user_level=beginner HTTP/1.1" 404 35
WARNING 2025-07-29 16:13:21,046 basehttp 28852 24612 "GET /api/learning-paths/recommended/?user_level=beginner HTTP/1.1" 404 35
WARNING 2025-07-29 16:13:21,091 basehttp 28852 5948 "GET /api/learning-paths/recommended/?user_level=beginner HTTP/1.1" 404 35
WARNING 2025-07-29 16:13:21,249 log 28852 27316 Not Found: /api/learning-paths/recommended/
WARNING 2025-07-29 16:13:21,296 log 28852 32372 Not Found: /api/learning-paths/recommended/
WARNING 2025-07-29 16:13:21,438 log 28852 28440 Not Found: /api/learning-paths/recommended/
WARNING 2025-07-29 16:13:21,573 log 28852 23940 Not Found: /api/learning-paths/recommended/
WARNING 2025-07-29 16:13:21,586 basehttp 28852 27316 "GET /api/learning-paths/recommended/?user_level=beginner HTTP/1.1" 404 35
WARNING 2025-07-29 16:13:21,597 log 28852 24612 Not Found: /api/learning-paths/recommended/
WARNING 2025-07-29 16:13:21,620 basehttp 28852 32372 "GET /api/learning-paths/recommended/?user_level=beginner HTTP/1.1" 404 35
WARNING 2025-07-29 16:13:21,623 log 28852 5948 Not Found: /api/learning-paths/recommended/
WARNING 2025-07-29 16:13:21,703 basehttp 28852 28440 "GET /api/learning-paths/recommended/?user_level=beginner HTTP/1.1" 404 35
WARNING 2025-07-29 16:13:21,723 basehttp 28852 23940 "GET /api/learning-paths/recommended/?user_level=beginner HTTP/1.1" 404 35
WARNING 2025-07-29 16:13:21,854 basehttp 28852 24612 "GET /api/learning-paths/recommended/?user_level=beginner HTTP/1.1" 404 35
WARNING 2025-07-29 16:13:21,904 log 28852 27316 Not Found: /api/learning-paths/recommended/
WARNING 2025-07-29 16:13:22,021 basehttp 28852 5948 "GET /api/learning-paths/recommended/?user_level=beginner HTTP/1.1" 404 35
WARNING 2025-07-29 16:13:22,153 log 28852 24612 Not Found: /api/learning-paths/recommended/
WARNING 2025-07-29 16:13:22,345 basehttp 28852 27316 "GET /api/learning-paths/recommended/?user_level=beginner HTTP/1.1" 404 35
WARNING 2025-07-29 16:13:22,402 log 28852 23940 Not Found: /api/learning-paths/recommended/
WARNING 2025-07-29 16:13:22,506 log 28852 28440 Not Found: /api/learning-paths/recommended/
WARNING 2025-07-29 16:13:22,560 basehttp 28852 24612 "GET /api/learning-paths/recommended/?user_level=beginner HTTP/1.1" 404 35
WARNING 2025-07-29 16:13:22,894 basehttp 28852 23940 "GET /api/learning-paths/recommended/?user_level=beginner HTTP/1.1" 404 35
WARNING 2025-07-29 16:13:23,028 basehttp 28852 28440 "GET /api/learning-paths/recommended/?user_level=beginner HTTP/1.1" 404 35
WARNING 2025-07-29 16:13:23,263 log 28852 32372 Not Found: /api/learning-paths/recommended/
WARNING 2025-07-29 16:13:23,416 basehttp 28852 32372 "GET /api/learning-paths/recommended/?user_level=beginner HTTP/1.1" 404 35
WARNING 2025-07-29 16:13:23,684 log 28852 5948 Not Found: /api/learning-paths/recommended/
WARNING 2025-07-29 16:13:23,746 log 28852 28440 Not Found: /api/learning-paths/recommended/
WARNING 2025-07-29 16:13:23,770 log 28852 24612 Not Found: /api/learning-paths/recommended/
WARNING 2025-07-29 16:13:23,772 basehttp 28852 5948 "GET /api/learning-paths/recommended/?user_level=beginner HTTP/1.1" 404 35
WARNING 2025-07-29 16:13:23,810 basehttp 28852 28440 "GET /api/learning-paths/recommended/?user_level=beginner HTTP/1.1" 404 35
WARNING 2025-07-29 16:13:23,840 log 28852 32372 Not Found: /api/learning-paths/recommended/
WARNING 2025-07-29 16:13:23,841 log 28852 27316 Not Found: /api/learning-paths/recommended/
WARNING 2025-07-29 16:13:23,849 log 28852 23940 Not Found: /api/learning-paths/recommended/
WARNING 2025-07-29 16:13:23,916 basehttp 28852 24612 "GET /api/learning-paths/recommended/?user_level=beginner HTTP/1.1" 404 35
WARNING 2025-07-29 16:13:23,957 basehttp 28852 32372 "GET /api/learning-paths/recommended/?user_level=beginner HTTP/1.1" 404 35
WARNING 2025-07-29 16:13:23,992 basehttp 28852 27316 "GET /api/learning-paths/recommended/?user_level=beginner HTTP/1.1" 404 35
WARNING 2025-07-29 16:13:24,158 log 28852 28440 Not Found: /api/learning-paths/recommended/
WARNING 2025-07-29 16:13:24,159 log 28852 5948 Not Found: /api/learning-paths/recommended/
WARNING 2025-07-29 16:13:24,255 basehttp 28852 23940 "GET /api/learning-paths/recommended/?user_level=beginner HTTP/1.1" 404 35
WARNING 2025-07-29 16:13:24,337 basehttp 28852 28440 "GET /api/learning-paths/recommended/?user_level=beginner HTTP/1.1" 404 35
WARNING 2025-07-29 16:13:24,417 basehttp 28852 5948 "GET /api/learning-paths/recommended/?user_level=beginner HTTP/1.1" 404 35
WARNING 2025-07-29 16:13:25,173 log 28852 28440 Not Found: /api/learning-paths/recommended/
WARNING 2025-07-29 16:13:25,207 log 28852 27316 Not Found: /api/learning-paths/recommended/
WARNING 2025-07-29 16:13:25,212 basehttp 28852 28440 "GET /api/learning-paths/recommended/?user_level=beginner HTTP/1.1" 404 35
WARNING 2025-07-29 16:13:25,213 log 28852 24612 Not Found: /api/learning-paths/recommended/
WARNING 2025-07-29 16:13:25,314 basehttp 28852 27316 "GET /api/learning-paths/recommended/?user_level=beginner HTTP/1.1" 404 35
WARNING 2025-07-29 16:13:25,333 log 28852 32372 Not Found: /api/learning-paths/recommended/
WARNING 2025-07-29 16:13:25,364 basehttp 28852 24612 "GET /api/learning-paths/recommended/?user_level=beginner HTTP/1.1" 404 35
WARNING 2025-07-29 16:13:25,379 basehttp 28852 32372 "GET /api/learning-paths/recommended/?user_level=beginner HTTP/1.1" 404 35
WARNING 2025-07-29 16:13:25,529 log 28852 23940 Not Found: /api/learning-paths/recommended/
WARNING 2025-07-29 16:13:25,569 log 28852 28440 Not Found: /api/learning-paths/recommended/
WARNING 2025-07-29 16:13:25,571 log 28852 32372 Not Found: /api/learning-paths/recommended/
WARNING 2025-07-29 16:13:25,574 log 28852 27316 Not Found: /api/learning-paths/recommended/
WARNING 2025-07-29 16:13:25,612 log 28852 5948 Not Found: /api/learning-paths/recommended/
WARNING 2025-07-29 16:13:25,610 log 28852 24612 Not Found: /api/learning-paths/recommended/
WARNING 2025-07-29 16:13:25,733 basehttp 28852 28440 "GET /api/learning-paths/recommended/?user_level=beginner HTTP/1.1" 404 35
WARNING 2025-07-29 16:13:25,739 basehttp 28852 23940 "GET /api/learning-paths/recommended/?user_level=beginner HTTP/1.1" 404 35
WARNING 2025-07-29 16:13:25,745 basehttp 28852 32372 "GET /api/learning-paths/recommended/?user_level=beginner HTTP/1.1" 404 35
WARNING 2025-07-29 16:13:25,748 basehttp 28852 27316 "GET /api/learning-paths/recommended/?user_level=beginner HTTP/1.1" 404 35
WARNING 2025-07-29 16:13:25,802 basehttp 28852 5948 "GET /api/learning-paths/recommended/?user_level=beginner HTTP/1.1" 404 35
WARNING 2025-07-29 16:13:26,317 log 28852 27316 Not Found: /api/learning-paths/recommended/
WARNING 2025-07-29 16:13:26,360 basehttp 28852 24612 "GET /api/learning-paths/recommended/?user_level=beginner HTTP/1.1" 404 35
WARNING 2025-07-29 16:13:26,433 basehttp 28852 27316 "GET /api/learning-paths/recommended/?user_level=beginner HTTP/1.1" 404 35
WARNING 2025-07-29 16:13:26,525 log 28852 23940 Not Found: /api/learning-paths/recommended/
WARNING 2025-07-29 16:13:26,535 log 28852 32372 Not Found: /api/learning-paths/recommended/
WARNING 2025-07-29 16:13:26,656 log 28852 27316 Not Found: /api/learning-paths/recommended/
WARNING 2025-07-29 16:13:26,666 log 28852 24612 Not Found: /api/learning-paths/recommended/
WARNING 2025-07-29 16:13:26,669 log 28852 28440 Not Found: /api/learning-paths/recommended/
WARNING 2025-07-29 16:13:26,672 log 28852 5948 Not Found: /api/learning-paths/recommended/
WARNING 2025-07-29 16:13:26,727 basehttp 28852 23940 "GET /api/learning-paths/recommended/?user_level=beginner HTTP/1.1" 404 35
WARNING 2025-07-29 16:13:26,767 basehttp 28852 32372 "GET /api/learning-paths/recommended/?user_level=beginner HTTP/1.1" 404 35
WARNING 2025-07-29 16:13:26,783 basehttp 28852 27316 "GET /api/learning-paths/recommended/?user_level=beginner HTTP/1.1" 404 35
WARNING 2025-07-29 16:13:26,816 basehttp 28852 28440 "GET /api/learning-paths/recommended/?user_level=beginner HTTP/1.1" 404 35
WARNING 2025-07-29 16:13:26,888 log 28852 27316 Not Found: /api/learning-paths/recommended/
WARNING 2025-07-29 16:13:26,890 basehttp 28852 5948 "GET /api/learning-paths/recommended/?user_level=beginner HTTP/1.1" 404 35
WARNING 2025-07-29 16:13:26,966 basehttp 28852 24612 "GET /api/learning-paths/recommended/?user_level=beginner HTTP/1.1" 404 35
WARNING 2025-07-29 16:13:26,978 basehttp 28852 27316 "GET /api/learning-paths/recommended/?user_level=beginner HTTP/1.1" 404 35
WARNING 2025-07-29 16:13:27,049 log 28852 23940 Not Found: /api/learning-paths/recommended/
WARNING 2025-07-29 16:13:27,141 log 28852 28440 Not Found: /api/learning-paths/recommended/
WARNING 2025-07-29 16:13:27,144 log 28852 32372 Not Found: /api/learning-paths/recommended/
WARNING 2025-07-29 16:13:27,159 log 28852 27316 Not Found: /api/learning-paths/recommended/
WARNING 2025-07-29 16:13:27,183 log 28852 24612 Not Found: /api/learning-paths/recommended/
WARNING 2025-07-29 16:13:27,360 log 28852 5948 Not Found: /api/learning-paths/recommended/
WARNING 2025-07-29 16:13:27,462 basehttp 28852 23940 "GET /api/learning-paths/recommended/?user_level=beginner HTTP/1.1" 404 35
WARNING 2025-07-29 16:13:27,470 basehttp 28852 28440 "GET /api/learning-paths/recommended/?user_level=beginner HTTP/1.1" 404 35
WARNING 2025-07-29 16:13:27,482 basehttp 28852 32372 "GET /api/learning-paths/recommended/?user_level=beginner HTTP/1.1" 404 35
WARNING 2025-07-29 16:13:27,494 basehttp 28852 27316 "GET /api/learning-paths/recommended/?user_level=beginner HTTP/1.1" 404 35
WARNING 2025-07-29 16:13:27,498 basehttp 28852 24612 "GET /api/learning-paths/recommended/?user_level=beginner HTTP/1.1" 404 35
WARNING 2025-07-29 16:13:27,506 basehttp 28852 5948 "GET /api/learning-paths/recommended/?user_level=beginner HTTP/1.1" 404 35
WARNING 2025-07-29 16:13:28,785 log 28852 27316 Not Found: /api/learning-paths/recommended/
WARNING 2025-07-29 16:13:28,789 log 28852 24612 Not Found: /api/learning-paths/recommended/
WARNING 2025-07-29 16:13:28,791 basehttp 28852 27316 "GET /api/learning-paths/recommended/?user_level=beginner HTTP/1.1" 404 35
WARNING 2025-07-29 16:13:28,792 log 28852 5948 Not Found: /api/learning-paths/recommended/
WARNING 2025-07-29 16:13:28,793 log 28852 28440 Not Found: /api/learning-paths/recommended/
WARNING 2025-07-29 16:13:28,795 log 28852 23940 Not Found: /api/learning-paths/recommended/
WARNING 2025-07-29 16:13:28,812 log 28852 32372 Not Found: /api/learning-paths/recommended/
WARNING 2025-07-29 16:13:28,836 basehttp 28852 24612 "GET /api/learning-paths/recommended/?user_level=beginner HTTP/1.1" 404 35
WARNING 2025-07-29 16:13:28,851 log 28852 27316 Not Found: /api/learning-paths/recommended/
WARNING 2025-07-29 16:13:28,863 basehttp 28852 5948 "GET /api/learning-paths/recommended/?user_level=beginner HTTP/1.1" 404 35
WARNING 2025-07-29 16:13:28,872 basehttp 28852 28440 "GET /api/learning-paths/recommended/?user_level=beginner HTTP/1.1" 404 35
WARNING 2025-07-29 16:13:28,950 basehttp 28852 32372 "GET /api/learning-paths/recommended/?user_level=beginner HTTP/1.1" 404 35
WARNING 2025-07-29 16:13:28,962 log 28852 28440 Not Found: /api/learning-paths/recommended/
WARNING 2025-07-29 16:13:29,046 basehttp 28852 27316 "GET /api/learning-paths/recommended/?user_level=beginner HTTP/1.1" 404 35
WARNING 2025-07-29 16:13:29,062 log 28852 24612 Not Found: /api/learning-paths/recommended/
WARNING 2025-07-29 16:13:29,136 basehttp 28852 23940 "GET /api/learning-paths/recommended/?user_level=beginner HTTP/1.1" 404 35
WARNING 2025-07-29 16:13:29,219 log 28852 5948 Not Found: /api/learning-paths/recommended/
WARNING 2025-07-29 16:13:29,244 basehttp 28852 28440 "GET /api/learning-paths/recommended/?user_level=beginner HTTP/1.1" 404 35
WARNING 2025-07-29 16:13:29,392 log 28852 32372 Not Found: /api/learning-paths/recommended/
WARNING 2025-07-29 16:13:29,396 log 28852 27316 Not Found: /api/learning-paths/recommended/
WARNING 2025-07-29 16:13:29,434 basehttp 28852 24612 "GET /api/learning-paths/recommended/?user_level=beginner HTTP/1.1" 404 35
WARNING 2025-07-29 16:13:29,544 basehttp 28852 5948 "GET /api/learning-paths/recommended/?user_level=beginner HTTP/1.1" 404 35
WARNING 2025-07-29 16:13:29,698 log 28852 23940 Not Found: /api/learning-paths/recommended/
WARNING 2025-07-29 16:13:29,775 basehttp 28852 32372 "GET /api/learning-paths/recommended/?user_level=beginner HTTP/1.1" 404 35
WARNING 2025-07-29 16:13:29,781 basehttp 28852 27316 "GET /api/learning-paths/recommended/?user_level=beginner HTTP/1.1" 404 35
INFO 2025-07-29 16:13:29,913 basehttp 28852 24612 "GET /api/learning-paths/ HTTP/1.1" 200 769
INFO 2025-07-29 16:13:29,918 basehttp 28852 5948 "GET /api/curated/videos/ HTTP/1.1" 200 23776
WARNING 2025-07-29 16:13:29,984 basehttp 28852 23940 "GET /api/learning-paths/recommended/?user_level=beginner HTTP/1.1" 404 35
WARNING 2025-07-29 16:13:30,102 log 28852 28440 Not Found: /api/learning-paths/recommended/
WARNING 2025-07-29 16:13:30,320 log 28852 32372 Not Found: /api/learning-paths/recommended/
INFO 2025-07-29 16:13:30,389 basehttp 28852 27316 "GET /api/learning-paths/ HTTP/1.1" 200 769
INFO 2025-07-29 16:13:30,437 basehttp 28852 5948 "GET /api/learning-paths/ HTTP/1.1" 200 769
WARNING 2025-07-29 16:13:30,454 basehttp 28852 28440 "GET /api/learning-paths/recommended/?user_level=beginner HTTP/1.1" 404 35
WARNING 2025-07-29 16:13:30,458 basehttp 28852 32372 "GET /api/learning-paths/recommended/?user_level=beginner HTTP/1.1" 404 35
INFO 2025-07-29 16:13:30,470 basehttp 28852 23940 "GET /api/learning-paths/ HTTP/1.1" 200 769
INFO 2025-07-29 16:13:30,491 basehttp 28852 24612 "GET /api/curated/videos/ HTTP/1.1" 200 23776
WARNING 2025-07-29 16:13:30,540 log 28852 27316 Not Found: /api/learning-paths/recommended/
INFO 2025-07-29 16:13:30,705 basehttp 28852 5948 "GET /api/curated/videos/ HTTP/1.1" 200 23776
INFO 2025-07-29 16:13:30,732 basehttp 28852 28440 "GET /api/learning-paths/ HTTP/1.1" 200 769
WARNING 2025-07-29 16:13:30,863 log 28852 32372 Not Found: /api/learning-paths/recommended/
WARNING 2025-07-29 16:13:30,866 basehttp 28852 27316 "GET /api/learning-paths/recommended/?user_level=beginner HTTP/1.1" 404 35
INFO 2025-07-29 16:13:30,918 basehttp 28852 23940 "GET /api/curated/videos/ HTTP/1.1" 200 23776
INFO 2025-07-29 16:13:30,934 basehttp 28852 24612 "GET /api/learning-paths/ HTTP/1.1" 200 769
INFO 2025-07-29 16:13:31,166 basehttp 28852 28440 "GET /api/curated/videos/ HTTP/1.1" 200 23776
WARNING 2025-07-29 16:13:31,170 log 28852 5948 Not Found: /api/learning-paths/recommended/
WARNING 2025-07-29 16:13:31,256 basehttp 28852 32372 "GET /api/learning-paths/recommended/?user_level=beginner HTTP/1.1" 404 35
INFO 2025-07-29 16:13:31,381 basehttp 28852 27316 "GET /api/learning-paths/ HTTP/1.1" 200 769
WARNING 2025-07-29 16:13:31,436 log 28852 23940 Not Found: /api/learning-paths/recommended/
INFO 2025-07-29 16:13:31,476 basehttp 28852 28440 "GET /api/learning-paths/ HTTP/1.1" 200 769
INFO 2025-07-29 16:13:31,490 basehttp 28852 24612 "GET /api/curated/videos/ HTTP/1.1" 200 23776
WARNING 2025-07-29 16:13:31,519 basehttp 28852 5948 "GET /api/learning-paths/recommended/?user_level=beginner HTTP/1.1" 404 35
WARNING 2025-07-29 16:13:31,550 log 28852 32372 Not Found: /api/learning-paths/recommended/
INFO 2025-07-29 16:13:31,584 basehttp 28852 27316 "GET /api/curated/videos/ HTTP/1.1" 200 23776
WARNING 2025-07-29 16:13:31,613 basehttp 28852 23940 "GET /api/learning-paths/recommended/?user_level=beginner HTTP/1.1" 404 35
INFO 2025-07-29 16:13:31,775 basehttp 28852 28440 "GET /api/learning-paths/ HTTP/1.1" 200 769
WARNING 2025-07-29 16:13:31,792 log 28852 24612 Not Found: /api/learning-paths/recommended/
WARNING 2025-07-29 16:13:31,844 basehttp 28852 32372 "GET /api/learning-paths/recommended/?user_level=beginner HTTP/1.1" 404 35
INFO 2025-07-29 16:13:31,934 basehttp 28852 5948 "GET /api/curated/videos/ HTTP/1.1" 200 23776
INFO 2025-07-29 16:13:31,972 basehttp 28852 27316 "GET /api/learning-paths/ HTTP/1.1" 200 769
WARNING 2025-07-29 16:13:31,980 basehttp 28852 24612 "GET /api/learning-paths/recommended/?user_level=beginner HTTP/1.1" 404 35
INFO 2025-07-29 16:13:32,060 basehttp 28852 28440 "GET /api/curated/videos/ HTTP/1.1" 200 23776
INFO 2025-07-29 16:13:32,068 basehttp 28852 32372 "GET /api/learning-paths/ HTTP/1.1" 200 769
INFO 2025-07-29 16:13:32,237 basehttp 28852 24612 "GET /api/learning-paths/ HTTP/1.1" 200 769
INFO 2025-07-29 16:13:32,237 basehttp 28852 32372 "GET /api/curated/videos/ HTTP/1.1" 200 23776
WARNING 2025-07-29 16:13:32,252 log 28852 23940 Not Found: /api/learning-paths/recommended/
INFO 2025-07-29 16:13:32,345 basehttp 28852 27316 "GET /api/curated/videos/ HTTP/1.1" 200 23776
WARNING 2025-07-29 16:13:32,385 basehttp 28852 23940 "GET /api/learning-paths/recommended/?user_level=beginner HTTP/1.1" 404 35
INFO 2025-07-29 16:13:32,403 basehttp 28852 24612 "GET /api/learning-paths/ HTTP/1.1" 200 769
WARNING 2025-07-29 16:13:32,500 log 28852 28440 Not Found: /api/learning-paths/recommended/
WARNING 2025-07-29 16:13:32,530 log 28852 32372 Not Found: /api/learning-paths/recommended/
WARNING 2025-07-29 16:13:32,534 log 28852 5948 Not Found: /api/learning-paths/recommended/
WARNING 2025-07-29 16:13:32,557 basehttp 28852 28440 "GET /api/learning-paths/recommended/?user_level=beginner HTTP/1.1" 404 35
WARNING 2025-07-29 16:13:32,596 log 28852 24612 Not Found: /api/learning-paths/recommended/
INFO 2025-07-29 16:13:32,601 basehttp 28852 23940 "GET /api/learning-paths/ HTTP/1.1" 200 769
WARNING 2025-07-29 16:13:32,627 basehttp 28852 32372 "GET /api/learning-paths/recommended/?user_level=beginner HTTP/1.1" 404 35
WARNING 2025-07-29 16:13:32,678 basehttp 28852 5948 "GET /api/learning-paths/recommended/?user_level=beginner HTTP/1.1" 404 35
INFO 2025-07-29 16:13:32,701 basehttp 28852 27316 "GET /api/curated/videos/ HTTP/1.1" 200 23776
WARNING 2025-07-29 16:13:32,738 basehttp 28852 24612 "GET /api/learning-paths/recommended/?user_level=beginner HTTP/1.1" 404 35
WARNING 2025-07-29 16:13:32,790 log 28852 32372 Not Found: /api/learning-paths/recommended/
INFO 2025-07-29 16:13:32,820 basehttp 28852 28440 "GET /api/curated/videos/ HTTP/1.1" 200 23776
INFO 2025-07-29 16:13:32,848 basehttp 28852 23940 "GET /api/learning-paths/ HTTP/1.1" 200 769
WARNING 2025-07-29 16:13:32,883 basehttp 28852 32372 "GET /api/learning-paths/recommended/?user_level=beginner HTTP/1.1" 404 35
INFO 2025-07-29 16:13:32,900 basehttp 28852 5948 "GET /api/curated/videos/ HTTP/1.1" 200 23776
INFO 2025-07-29 16:13:32,936 basehttp 28852 27316 "GET /api/learning-paths/ HTTP/1.1" 200 769
WARNING 2025-07-29 16:13:32,968 log 28852 24612 Not Found: /api/learning-paths/recommended/
INFO 2025-07-29 16:13:32,988 basehttp 28852 28440 "GET /api/curated/videos/ HTTP/1.1" 200 23776
INFO 2025-07-29 16:13:33,042 basehttp 28852 23940 "GET /api/learning-paths/ HTTP/1.1" 200 769
WARNING 2025-07-29 16:13:33,066 log 28852 32372 Not Found: /api/learning-paths/recommended/
WARNING 2025-07-29 16:13:33,095 basehttp 28852 24612 "GET /api/learning-paths/recommended/?user_level=beginner HTTP/1.1" 404 35
INFO 2025-07-29 16:13:33,180 basehttp 28852 5948 "GET /api/curated/videos/ HTTP/1.1" 200 23776
INFO 2025-07-29 16:13:33,186 basehttp 28852 27316 "GET /api/learning-paths/ HTTP/1.1" 200 769
INFO 2025-07-29 16:13:33,210 basehttp 28852 24612 "GET /api/learning-paths/ HTTP/1.1" 200 769
WARNING 2025-07-29 16:13:33,261 basehttp 28852 32372 "GET /api/learning-paths/recommended/?user_level=beginner HTTP/1.1" 404 35
INFO 2025-07-29 16:13:33,305 basehttp 28852 23940 "GET /api/curated/videos/ HTTP/1.1" 200 23776
WARNING 2025-07-29 16:13:33,361 log 28852 28440 Not Found: /api/learning-paths/recommended/
INFO 2025-07-29 16:13:33,455 basehttp 28852 27316 "GET /api/curated/videos/ HTTP/1.1" 200 23776
WARNING 2025-07-29 16:13:33,496 log 28852 5948 Not Found: /api/learning-paths/recommended/
WARNING 2025-07-29 16:13:33,518 log 28852 32372 Not Found: /api/learning-paths/recommended/
INFO 2025-07-29 16:13:33,519 basehttp 28852 24612 "GET /api/learning-paths/ HTTP/1.1" 200 769
WARNING 2025-07-29 16:13:33,520 basehttp 28852 28440 "GET /api/learning-paths/recommended/?user_level=beginner HTTP/1.1" 404 35
WARNING 2025-07-29 16:13:33,538 basehttp 28852 5948 "GET /api/learning-paths/recommended/?user_level=beginner HTTP/1.1" 404 35
WARNING 2025-07-29 16:13:33,544 basehttp 28852 32372 "GET /api/learning-paths/recommended/?user_level=beginner HTTP/1.1" 404 35
INFO 2025-07-29 16:13:33,581 basehttp 28852 23940 "GET /api/curated/videos/ HTTP/1.1" 200 23776
INFO 2025-07-29 16:13:33,603 basehttp 28852 27316 "GET /api/learning-paths/ HTTP/1.1" 200 769
INFO 2025-07-29 16:13:33,679 basehttp 28852 28440 "GET /api/curated/videos/ HTTP/1.1" 200 23776
INFO 2025-07-29 16:13:33,698 basehttp 28852 5948 "GET /api/learning-paths/ HTTP/1.1" 200 769
INFO 2025-07-29 16:13:33,732 basehttp 28852 23940 "GET /api/curated/videos/ HTTP/1.1" 200 23776
INFO 2025-07-29 16:13:33,936 basehttp 28852 27316 "GET /api/learning-paths/ HTTP/1.1" 200 769
WARNING 2025-07-29 16:13:34,104 log 28852 32372 Not Found: /api/learning-paths/recommended/
WARNING 2025-07-29 16:13:34,205 log 28852 24612 Not Found: /api/learning-paths/recommended/
WARNING 2025-07-29 16:13:34,608 log 28852 28440 Not Found: /api/learning-paths/recommended/
INFO 2025-07-29 16:13:34,770 basehttp 28852 5948 "GET /api/curated/videos/ HTTP/1.1" 200 23776
INFO 2025-07-29 16:13:34,824 basehttp 28852 23940 "GET /api/learning-paths/ HTTP/1.1" 200 769
WARNING 2025-07-29 16:13:34,919 basehttp 28852 32372 "GET /api/learning-paths/recommended/?user_level=beginner HTTP/1.1" 404 35
WARNING 2025-07-29 16:13:34,954 basehttp 28852 24612 "GET /api/learning-paths/recommended/?user_level=beginner HTTP/1.1" 404 35
WARNING 2025-07-29 16:13:35,037 basehttp 28852 28440 "GET /api/learning-paths/recommended/?user_level=beginner HTTP/1.1" 404 35
WARNING 2025-07-29 16:13:35,131 log 28852 27316 Not Found: /api/learning-paths/recommended/
WARNING 2025-07-29 16:13:35,179 log 28852 32372 Not Found: /api/learning-paths/recommended/
INFO 2025-07-29 16:13:35,184 basehttp 28852 23940 "GET /api/learning-paths/ HTTP/1.1" 200 769
INFO 2025-07-29 16:13:35,221 basehttp 28852 5948 "GET /api/curated/videos/ HTTP/1.1" 200 23776
INFO 2025-07-29 16:13:35,380 basehttp 28852 24612 "GET /api/curated/videos/ HTTP/1.1" 200 23776
WARNING 2025-07-29 16:13:35,386 basehttp 28852 27316 "GET /api/learning-paths/recommended/?user_level=beginner HTTP/1.1" 404 35
INFO 2025-07-29 16:13:35,399 basehttp 28852 28440 "GET /api/learning-paths/ HTTP/1.1" 200 769
WARNING 2025-07-29 16:13:35,412 basehttp 28852 32372 "GET /api/learning-paths/recommended/?user_level=beginner HTTP/1.1" 404 35
INFO 2025-07-29 16:13:35,589 basehttp 28852 32372 "GET /api/learning-paths/ HTTP/1.1" 200 769
INFO 2025-07-29 16:13:35,681 basehttp 28852 5948 "GET /api/curated/videos/ HTTP/1.1" 200 23776
INFO 2025-07-29 16:13:35,687 basehttp 28852 24612 "GET /api/learning-paths/ HTTP/1.1" 200 769
WARNING 2025-07-29 16:13:35,870 log 28852 27316 Not Found: /api/learning-paths/recommended/
INFO 2025-07-29 16:13:35,914 basehttp 28852 28440 "GET /api/curated/videos/ HTTP/1.1" 200 23776
INFO 2025-07-29 16:13:36,021 basehttp 28852 5948 "GET /api/curated/videos/ HTTP/1.1" 200 23776
WARNING 2025-07-29 16:13:36,032 log 28852 23940 Not Found: /api/learning-paths/recommended/
WARNING 2025-07-29 16:13:36,062 basehttp 28852 27316 "GET /api/learning-paths/recommended/?user_level=beginner HTTP/1.1" 404 35
WARNING 2025-07-29 16:13:36,064 log 28852 32372 Not Found: /api/learning-paths/recommended/
WARNING 2025-07-29 16:13:36,085 log 28852 28440 Not Found: /api/learning-paths/recommended/
INFO 2025-07-29 16:13:36,119 basehttp 28852 24612 "GET /api/learning-paths/ HTTP/1.1" 200 769
WARNING 2025-07-29 16:13:36,171 basehttp 28852 23940 "GET /api/learning-paths/recommended/?user_level=beginner HTTP/1.1" 404 35
WARNING 2025-07-29 16:13:36,213 basehttp 28852 32372 "GET /api/learning-paths/recommended/?user_level=beginner HTTP/1.1" 404 35
WARNING 2025-07-29 16:13:36,220 basehttp 28852 28440 "GET /api/learning-paths/recommended/?user_level=beginner HTTP/1.1" 404 35
INFO 2025-07-29 16:13:36,225 basehttp 28852 5948 "GET /api/curated/videos/ HTTP/1.1" 200 23776
INFO 2025-07-29 16:13:36,294 basehttp 28852 27316 "GET /api/learning-paths/ HTTP/1.1" 200 769
INFO 2025-07-29 16:13:36,363 basehttp 28852 32372 "GET /api/learning-paths/ HTTP/1.1" 200 769
WARNING 2025-07-29 16:13:36,414 log 28852 24612 Not Found: /api/learning-paths/recommended/
WARNING 2025-07-29 16:13:36,443 log 28852 28440 Not Found: /api/learning-paths/recommended/
INFO 2025-07-29 16:13:36,473 basehttp 28852 23940 "GET /api/curated/videos/ HTTP/1.1" 200 23776
INFO 2025-07-29 16:13:36,547 basehttp 28852 5948 "GET /api/curated/videos/ HTTP/1.1" 200 23776
WARNING 2025-07-29 16:13:36,609 basehttp 28852 24612 "GET /api/learning-paths/recommended/?user_level=beginner HTTP/1.1" 404 35
INFO 2025-07-29 16:13:36,625 basehttp 28852 27316 "GET /api/learning-paths/ HTTP/1.1" 200 769
WARNING 2025-07-29 16:13:36,651 basehttp 28852 28440 "GET /api/learning-paths/recommended/?user_level=beginner HTTP/1.1" 404 35
WARNING 2025-07-29 16:13:36,694 log 28852 32372 Not Found: /api/learning-paths/recommended/
INFO 2025-07-29 16:13:36,776 basehttp 28852 23940 "GET /api/curated/videos/ HTTP/1.1" 200 23776
INFO 2025-07-29 16:13:36,798 basehttp 28852 5948 "GET /api/learning-paths/ HTTP/1.1" 200 769
WARNING 2025-07-29 16:13:36,844 log 28852 24612 Not Found: /api/learning-paths/recommended/
WARNING 2025-07-29 16:13:37,031 basehttp 28852 32372 "GET /api/learning-paths/recommended/?user_level=beginner HTTP/1.1" 404 35
INFO 2025-07-29 16:13:37,086 basehttp 28852 28440 "GET /api/learning-paths/ HTTP/1.1" 200 769
INFO 2025-07-29 16:13:37,087 basehttp 28852 27316 "GET /api/curated/videos/ HTTP/1.1" 200 23776
WARNING 2025-07-29 16:13:37,252 log 28852 23940 Not Found: /api/learning-paths/recommended/
INFO 2025-07-29 16:13:37,257 basehttp 28852 5948 "GET /api/curated/videos/ HTTP/1.1" 200 23776
WARNING 2025-07-29 16:13:37,345 basehttp 28852 24612 "GET /api/learning-paths/recommended/?user_level=beginner HTTP/1.1" 404 35
WARNING 2025-07-29 16:13:37,465 basehttp 28852 23940 "GET /api/learning-paths/recommended/?user_level=beginner HTTP/1.1" 404 35
INFO 2025-07-29 16:13:37,466 basehttp 28852 32372 "GET /api/learning-paths/ HTTP/1.1" 200 769
INFO 2025-07-29 16:13:37,512 basehttp 28852 27316 "GET /api/curated/videos/ HTTP/1.1" 200 23776
WARNING 2025-07-29 16:13:37,550 log 28852 28440 Not Found: /api/learning-paths/recommended/
INFO 2025-07-29 16:13:37,589 basehttp 28852 5948 "GET /api/learning-paths/ HTTP/1.1" 200 769
WARNING 2025-07-29 16:13:37,623 log 28852 24612 Not Found: /api/learning-paths/recommended/
INFO 2025-07-29 16:13:37,666 basehttp 28852 23940 "GET /api/learning-paths/ HTTP/1.1" 200 769
WARNING 2025-07-29 16:13:37,700 basehttp 28852 28440 "GET /api/learning-paths/recommended/?user_level=beginner HTTP/1.1" 404 35
INFO 2025-07-29 16:13:37,742 basehttp 28852 32372 "GET /api/curated/videos/ HTTP/1.1" 200 23776
WARNING 2025-07-29 16:13:37,783 basehttp 28852 24612 "GET /api/learning-paths/recommended/?user_level=beginner HTTP/1.1" 404 35
WARNING 2025-07-29 16:13:37,786 log 28852 27316 Not Found: /api/learning-paths/recommended/
WARNING 2025-07-29 16:13:37,856 basehttp 28852 27316 "GET /api/learning-paths/recommended/?user_level=beginner HTTP/1.1" 404 35
INFO 2025-07-29 16:13:37,926 basehttp 28852 5948 "GET /api/curated/videos/ HTTP/1.1" 200 23776
WARNING 2025-07-29 16:13:38,003 log 28852 28440 Not Found: /api/learning-paths/recommended/
WARNING 2025-07-29 16:13:38,016 log 28852 27316 Not Found: /api/learning-paths/recommended/
WARNING 2025-07-29 16:13:38,027 basehttp 28852 28440 "GET /api/learning-paths/recommended/?user_level=beginner HTTP/1.1" 404 35
INFO 2025-07-29 16:13:38,028 basehttp 28852 23940 "GET /api/learning-paths/ HTTP/1.1" 200 769
WARNING 2025-07-29 16:13:38,030 basehttp 28852 27316 "GET /api/learning-paths/recommended/?user_level=beginner HTTP/1.1" 404 35
INFO 2025-07-29 16:13:38,057 basehttp 28852 24612 "GET /api/curated/videos/ HTTP/1.1" 200 23776
INFO 2025-07-29 16:13:38,074 basehttp 28852 32372 "GET /api/learning-paths/ HTTP/1.1" 200 769
INFO 2025-07-29 16:13:38,183 basehttp 28852 5948 "GET /api/curated/videos/ HTTP/1.1" 200 23776
INFO 2025-07-29 16:13:38,256 basehttp 28852 23940 "GET /api/learning-paths/ HTTP/1.1" 200 769
INFO 2025-07-29 16:13:38,327 basehttp 28852 27316 "GET /api/curated/videos/ HTTP/1.1" 200 23776
WARNING 2025-07-29 16:13:38,385 log 28852 28440 Not Found: /api/learning-paths/recommended/
INFO 2025-07-29 16:13:38,460 basehttp 28852 24612 "GET /api/learning-paths/ HTTP/1.1" 200 769
WARNING 2025-07-29 16:13:38,461 log 28852 32372 Not Found: /api/learning-paths/recommended/
INFO 2025-07-29 16:13:38,590 basehttp 28852 5948 "GET /api/curated/videos/ HTTP/1.1" 200 23776
INFO 2025-07-29 16:13:38,600 basehttp 28852 23940 "GET /api/learning-paths/ HTTP/1.1" 200 769
WARNING 2025-07-29 16:13:38,603 basehttp 28852 28440 "GET /api/learning-paths/recommended/?user_level=beginner HTTP/1.1" 404 35
WARNING 2025-07-29 16:13:38,612 log 28852 27316 Not Found: /api/learning-paths/recommended/
WARNING 2025-07-29 16:13:38,641 basehttp 28852 32372 "GET /api/learning-paths/recommended/?user_level=beginner HTTP/1.1" 404 35
INFO 2025-07-29 16:13:38,751 basehttp 28852 5948 "GET /api/learning-paths/ HTTP/1.1" 200 769
INFO 2025-07-29 16:13:38,789 basehttp 28852 24612 "GET /api/curated/videos/ HTTP/1.1" 200 23776
WARNING 2025-07-29 16:13:38,862 log 28852 23940 Not Found: /api/learning-paths/recommended/
WARNING 2025-07-29 16:13:38,876 basehttp 28852 27316 "GET /api/learning-paths/recommended/?user_level=beginner HTTP/1.1" 404 35
INFO 2025-07-29 16:13:38,906 basehttp 28852 28440 "GET /api/curated/videos/ HTTP/1.1" 200 23776
INFO 2025-07-29 16:13:38,983 basehttp 28852 32372 "GET /api/learning-paths/ HTTP/1.1" 200 769
WARNING 2025-07-29 16:13:39,033 basehttp 28852 23940 "GET /api/learning-paths/recommended/?user_level=beginner HTTP/1.1" 404 35
INFO 2025-07-29 16:13:39,062 basehttp 28852 24612 "GET /api/curated/videos/ HTTP/1.1" 200 23776
WARNING 2025-07-29 16:13:39,101 log 28852 5948 Not Found: /api/learning-paths/recommended/
WARNING 2025-07-29 16:13:39,184 log 28852 28440 Not Found: /api/learning-paths/recommended/
INFO 2025-07-29 16:13:39,245 basehttp 28852 27316 "GET /api/learning-paths/ HTTP/1.1" 200 769
INFO 2025-07-29 16:13:39,265 basehttp 28852 32372 "GET /api/curated/videos/ HTTP/1.1" 200 23776
WARNING 2025-07-29 16:13:39,266 basehttp 28852 5948 "GET /api/learning-paths/recommended/?user_level=beginner HTTP/1.1" 404 35
INFO 2025-07-29 16:13:39,273 basehttp 28852 23940 "GET /api/learning-paths/ HTTP/1.1" 200 769
WARNING 2025-07-29 16:13:39,295 log 28852 24612 Not Found: /api/learning-paths/recommended/
WARNING 2025-07-29 16:13:39,347 basehttp 28852 28440 "GET /api/learning-paths/recommended/?user_level=beginner HTTP/1.1" 404 35
WARNING 2025-07-29 16:13:39,515 log 28852 32372 Not Found: /api/learning-paths/recommended/
WARNING 2025-07-29 16:13:39,567 basehttp 28852 24612 "GET /api/learning-paths/recommended/?user_level=beginner HTTP/1.1" 404 35
INFO 2025-07-29 16:13:39,568 basehttp 28852 27316 "GET /api/curated/videos/ HTTP/1.1" 200 23776
INFO 2025-07-29 16:13:39,604 basehttp 28852 5948 "GET /api/learning-paths/ HTTP/1.1" 200 769
INFO 2025-07-29 16:13:39,647 basehttp 28852 23940 "GET /api/curated/videos/ HTTP/1.1" 200 23776
INFO 2025-07-29 16:13:39,680 basehttp 28852 28440 "GET /api/learning-paths/ HTTP/1.1" 200 769
WARNING 2025-07-29 16:13:39,718 basehttp 28852 32372 "GET /api/learning-paths/recommended/?user_level=beginner HTTP/1.1" 404 35
WARNING 2025-07-29 16:13:39,756 log 28852 24612 Not Found: /api/learning-paths/recommended/
WARNING 2025-07-29 16:13:39,798 log 28852 23940 Not Found: /api/learning-paths/recommended/
INFO 2025-07-29 16:13:39,831 basehttp 28852 27316 "GET /api/curated/videos/ HTTP/1.1" 200 23776
INFO 2025-07-29 16:13:39,843 basehttp 28852 5948 "GET /api/learning-paths/ HTTP/1.1" 200 769
WARNING 2025-07-29 16:13:39,845 basehttp 28852 24612 "GET /api/learning-paths/recommended/?user_level=beginner HTTP/1.1" 404 35
WARNING 2025-07-29 16:13:39,848 basehttp 28852 23940 "GET /api/learning-paths/recommended/?user_level=beginner HTTP/1.1" 404 35
WARNING 2025-07-29 16:13:39,883 log 28852 27316 Not Found: /api/learning-paths/recommended/
INFO 2025-07-29 16:13:39,917 basehttp 28852 28440 "GET /api/curated/videos/ HTTP/1.1" 200 23776
INFO 2025-07-29 16:13:39,918 basehttp 28852 32372 "GET /api/learning-paths/ HTTP/1.1" 200 769
INFO 2025-07-29 16:13:39,975 basehttp 28852 5948 "GET /api/curated/videos/ HTTP/1.1" 200 23776
INFO 2025-07-29 16:13:39,985 basehttp 28852 24612 "GET /api/learning-paths/ HTTP/1.1" 200 769
WARNING 2025-07-29 16:13:39,996 basehttp 28852 27316 "GET /api/learning-paths/recommended/?user_level=beginner HTTP/1.1" 404 35
WARNING 2025-07-29 16:13:40,080 log 28852 23940 Not Found: /api/learning-paths/recommended/
INFO 2025-07-29 16:13:40,297 basehttp 28852 28440 "GET /api/curated/videos/ HTTP/1.1" 200 23776
INFO 2025-07-29 16:13:40,317 basehttp 28852 32372 "GET /api/learning-paths/ HTTP/1.1" 200 769
WARNING 2025-07-29 16:13:40,359 log 28852 5948 Not Found: /api/learning-paths/recommended/
WARNING 2025-07-29 16:13:40,391 basehttp 28852 23940 "GET /api/learning-paths/recommended/?user_level=beginner HTTP/1.1" 404 35
INFO 2025-07-29 16:13:40,426 basehttp 28852 24612 "GET /api/curated/videos/ HTTP/1.1" 200 23776
INFO 2025-07-29 16:13:40,447 basehttp 28852 27316 "GET /api/learning-paths/ HTTP/1.1" 200 769
WARNING 2025-07-29 16:13:40,452 log 28852 28440 Not Found: /api/learning-paths/recommended/
WARNING 2025-07-29 16:13:40,471 basehttp 28852 5948 "GET /api/learning-paths/recommended/?user_level=beginner HTTP/1.1" 404 35
INFO 2025-07-29 16:13:40,527 basehttp 28852 32372 "GET /api/curated/videos/ HTTP/1.1" 200 23776
WARNING 2025-07-29 16:13:40,563 basehttp 28852 28440 "GET /api/learning-paths/recommended/?user_level=beginner HTTP/1.1" 404 35
INFO 2025-07-29 16:13:40,566 basehttp 28852 5948 "GET /api/learning-paths/ HTTP/1.1" 200 769
INFO 2025-07-29 16:13:40,627 basehttp 28852 27316 "GET /api/curated/videos/ HTTP/1.1" 200 23776
WARNING 2025-07-29 16:13:40,646 log 28852 32372 Not Found: /api/learning-paths/recommended/
WARNING 2025-07-29 16:13:40,653 log 28852 24612 Not Found: /api/learning-paths/recommended/
INFO 2025-07-29 16:13:40,709 basehttp 28852 23940 "GET /api/learning-paths/ HTTP/1.1" 200 769
WARNING 2025-07-29 16:13:40,720 basehttp 28852 32372 "GET /api/learning-paths/recommended/?user_level=beginner HTTP/1.1" 404 35
INFO 2025-07-29 16:13:40,732 basehttp 28852 28440 "GET /api/curated/videos/ HTTP/1.1" 200 23776
WARNING 2025-07-29 16:13:40,736 basehttp 28852 24612 "GET /api/learning-paths/recommended/?user_level=beginner HTTP/1.1" 404 35
WARNING 2025-07-29 16:13:40,752 log 28852 27316 Not Found: /api/learning-paths/recommended/
INFO 2025-07-29 16:13:40,774 basehttp 28852 5948 "GET /api/learning-paths/ HTTP/1.1" 200 769
WARNING 2025-07-29 16:13:40,793 log 28852 28440 Not Found: /api/learning-paths/recommended/
INFO 2025-07-29 16:13:40,846 basehttp 28852 32372 "GET /api/learning-paths/ HTTP/1.1" 200 769
INFO 2025-07-29 16:13:40,848 basehttp 28852 23940 "GET /api/curated/videos/ HTTP/1.1" 200 23776
WARNING 2025-07-29 16:13:40,851 basehttp 28852 27316 "GET /api/learning-paths/recommended/?user_level=beginner HTTP/1.1" 404 35
INFO 2025-07-29 16:13:40,918 basehttp 28852 24612 "GET /api/curated/videos/ HTTP/1.1" 200 23776
WARNING 2025-07-29 16:13:40,946 basehttp 28852 28440 "GET /api/learning-paths/recommended/?user_level=beginner HTTP/1.1" 404 35
INFO 2025-07-29 16:13:40,968 basehttp 28852 5948 "GET /api/learning-paths/ HTTP/1.1" 200 769
WARNING 2025-07-29 16:13:41,000 log 28852 32372 Not Found: /api/learning-paths/recommended/
WARNING 2025-07-29 16:13:41,122 log 28852 24612 Not Found: /api/learning-paths/recommended/
INFO 2025-07-29 16:13:41,130 basehttp 28852 27316 "GET /api/learning-paths/ HTTP/1.1" 200 769
INFO 2025-07-29 16:13:41,130 basehttp 28852 23940 "GET /api/curated/videos/ HTTP/1.1" 200 23776
WARNING 2025-07-29 16:13:41,133 basehttp 28852 32372 "GET /api/learning-paths/recommended/?user_level=beginner HTTP/1.1" 404 35
INFO 2025-07-29 16:13:41,187 basehttp 28852 5948 "GET /api/learning-paths/ HTTP/1.1" 200 769
INFO 2025-07-29 16:13:41,257 basehttp 28852 23940 "GET /api/curated/videos/ HTTP/1.1" 200 23776
INFO 2025-07-29 16:13:41,258 basehttp 28852 28440 "GET /api/curated/videos/ HTTP/1.1" 200 23776
WARNING 2025-07-29 16:13:41,261 log 28852 27316 Not Found: /api/learning-paths/recommended/
WARNING 2025-07-29 16:13:41,346 basehttp 28852 24612 "GET /api/learning-paths/recommended/?user_level=beginner HTTP/1.1" 404 35
INFO 2025-07-29 16:13:41,414 basehttp 28852 32372 "GET /api/learning-paths/ HTTP/1.1" 200 769
WARNING 2025-07-29 16:13:41,490 basehttp 28852 27316 "GET /api/learning-paths/recommended/?user_level=beginner HTTP/1.1" 404 35
INFO 2025-07-29 16:13:41,552 basehttp 28852 28440 "GET /api/learning-paths/ HTTP/1.1" 200 769
INFO 2025-07-29 16:13:41,601 basehttp 28852 23940 "GET /api/curated/videos/ HTTP/1.1" 200 23776
INFO 2025-07-29 16:13:41,602 basehttp 28852 27316 "GET /api/learning-paths/ HTTP/1.1" 200 769
WARNING 2025-07-29 16:13:41,610 log 28852 5948 Not Found: /api/learning-paths/recommended/
INFO 2025-07-29 16:13:41,663 basehttp 28852 32372 "GET /api/curated/videos/ HTTP/1.1" 200 23776
WARNING 2025-07-29 16:13:41,696 log 28852 28440 Not Found: /api/learning-paths/recommended/
INFO 2025-07-29 16:13:41,712 basehttp 28852 24612 "GET /api/learning-paths/ HTTP/1.1" 200 769
INFO 2025-07-29 16:13:41,731 basehttp 28852 23940 "GET /api/curated/videos/ HTTP/1.1" 200 23776
WARNING 2025-07-29 16:13:41,752 basehttp 28852 5948 "GET /api/learning-paths/recommended/?user_level=beginner HTTP/1.1" 404 35
INFO 2025-07-29 16:13:41,764 basehttp 28852 27316 "GET /api/learning-paths/ HTTP/1.1" 200 769
WARNING 2025-07-29 16:13:41,794 basehttp 28852 28440 "GET /api/learning-paths/recommended/?user_level=beginner HTTP/1.1" 404 35
INFO 2025-07-29 16:13:41,888 basehttp 28852 32372 "GET /api/curated/videos/ HTTP/1.1" 200 23776
INFO 2025-07-29 16:13:41,888 basehttp 28852 28440 "GET /api/learning-paths/ HTTP/1.1" 200 769
INFO 2025-07-29 16:13:41,936 basehttp 28852 23940 "GET /api/learning-paths/ HTTP/1.1" 200 769
INFO 2025-07-29 16:13:42,014 basehttp 28852 27316 "GET /api/curated/videos/ HTTP/1.1" 200 23776
INFO 2025-07-29 16:13:42,158 basehttp 28852 24612 "GET /api/curated/videos/ HTTP/1.1" 200 23776
INFO 2025-07-29 16:13:42,208 basehttp 28852 32372 "GET /api/curated/videos/ HTTP/1.1" 200 23776
INFO 2025-07-29 16:13:42,239 basehttp 28852 28440 "GET /api/curated/videos/ HTTP/1.1" 200 23776
INFO 2025-07-29 16:13:42,416 basehttp 28852 27316 "GET /api/learning-paths/ HTTP/1.1" 200 769
INFO 2025-07-29 16:13:42,418 basehttp 28852 23940 "GET /api/curated/videos/ HTTP/1.1" 200 23776
WARNING 2025-07-29 16:13:42,500 log 28852 5948 Not Found: /api/learning-paths/recommended/
INFO 2025-07-29 16:13:42,523 basehttp 28852 32372 "GET /api/learning-paths/ HTTP/1.1" 200 769
INFO 2025-07-29 16:13:42,558 basehttp 28852 28440 "GET /api/curated/videos/ HTTP/1.1" 200 23776
INFO 2025-07-29 16:13:42,596 basehttp 28852 27316 "GET /api/learning-paths/ HTTP/1.1" 200 769
INFO 2025-07-29 16:13:42,597 basehttp 28852 23940 "GET /api/learning-paths/ HTTP/1.1" 200 769
INFO 2025-07-29 16:13:42,642 basehttp 28852 32372 "GET /api/curated/videos/ HTTP/1.1" 200 23776
INFO 2025-07-29 16:13:42,646 basehttp 28852 24612 "GET /api/curated/videos/ HTTP/1.1" 200 23776
WARNING 2025-07-29 16:13:42,677 basehttp 28852 5948 "GET /api/learning-paths/recommended/?user_level=beginner HTTP/1.1" 404 35
INFO 2025-07-29 16:13:42,716 basehttp 28852 27316 "GET /api/curated/videos/ HTTP/1.1" 200 23776
WARNING 2025-07-29 16:13:42,731 log 28852 32372 Not Found: /api/learning-paths/recommended/
INFO 2025-07-29 16:13:42,736 basehttp 28852 28440 "GET /api/curated/videos/ HTTP/1.1" 200 23776
INFO 2025-07-29 16:13:42,749 basehttp 28852 23940 "GET /api/curated/videos/ HTTP/1.1" 200 23776
WARNING 2025-07-29 16:13:42,798 basehttp 28852 32372 "GET /api/learning-paths/recommended/?user_level=beginner HTTP/1.1" 404 35
INFO 2025-07-29 16:13:42,830 basehttp 28852 24612 "GET /api/learning-paths/ HTTP/1.1" 200 769
INFO 2025-07-29 16:13:42,868 basehttp 28852 27316 "GET /api/curated/videos/ HTTP/1.1" 200 23776
INFO 2025-07-29 16:13:42,902 basehttp 28852 5948 "GET /api/curated/videos/ HTTP/1.1" 200 23776
INFO 2025-07-29 16:13:42,925 basehttp 28852 23940 "GET /api/learning-paths/ HTTP/1.1" 200 769
INFO 2025-07-29 16:13:42,991 basehttp 28852 28440 "GET /api/curated/videos/ HTTP/1.1" 200 23776
WARNING 2025-07-29 16:13:42,993 log 28852 32372 Not Found: /api/learning-paths/recommended/
INFO 2025-07-29 16:13:43,040 basehttp 28852 24612 "GET /api/curated/videos/ HTTP/1.1" 200 23776
INFO 2025-07-29 16:13:43,111 basehttp 28852 27316 "GET /api/curated/videos/ HTTP/1.1" 200 23776
INFO 2025-07-29 16:13:43,128 basehttp 28852 5948 "GET /api/curated/videos/ HTTP/1.1" 200 23776
INFO 2025-07-29 16:13:43,152 basehttp 28852 23940 "GET /api/learning-paths/ HTTP/1.1" 200 769
WARNING 2025-07-29 16:13:43,204 log 28852 28440 Not Found: /api/learning-paths/recommended/
WARNING 2025-07-29 16:13:43,259 basehttp 28852 32372 "GET /api/learning-paths/recommended/?user_level=beginner HTTP/1.1" 404 35
INFO 2025-07-29 16:13:43,377 basehttp 28852 24612 "GET /api/curated/videos/ HTTP/1.1" 200 23776
INFO 2025-07-29 16:13:43,491 basehttp 28852 27316 "GET /api/learning-paths/ HTTP/1.1" 200 769
WARNING 2025-07-29 16:13:43,611 log 28852 5948 Not Found: /api/learning-paths/recommended/
WARNING 2025-07-29 16:13:43,614 basehttp 28852 28440 "GET /api/learning-paths/recommended/?user_level=beginner HTTP/1.1" 404 35
INFO 2025-07-29 16:13:43,673 basehttp 28852 23940 "GET /api/curated/videos/ HTTP/1.1" 200 23776
WARNING 2025-07-29 16:13:43,675 basehttp 28852 5948 "GET /api/learning-paths/recommended/?user_level=beginner HTTP/1.1" 404 35
INFO 2025-07-29 16:13:43,735 basehttp 28852 27316 "GET /api/learning-paths/ HTTP/1.1" 200 769
INFO 2025-07-29 16:13:43,768 basehttp 28852 23940 "GET /api/curated/videos/ HTTP/1.1" 200 23776
INFO 2025-07-29 16:13:43,818 basehttp 28852 24612 "GET /api/curated/videos/ HTTP/1.1" 200 23776
INFO 2025-07-29 16:13:43,818 basehttp 28852 28440 "GET /api/curated/videos/ HTTP/1.1" 200 23776
INFO 2025-07-29 16:13:43,819 basehttp 28852 32372 "GET /api/learning-paths/ HTTP/1.1" 200 769
WARNING 2025-07-29 16:13:43,839 log 28852 28440 Not Found: /api/learning-paths/recommended/
WARNING 2025-07-29 16:13:43,841 basehttp 28852 28440 "GET /api/learning-paths/recommended/?user_level=beginner HTTP/1.1" 404 35
INFO 2025-07-29 16:13:43,889 basehttp 28852 5948 "GET /api/curated/videos/ HTTP/1.1" 200 23776
INFO 2025-07-29 16:13:43,890 basehttp 28852 23940 "GET /api/learning-paths/ HTTP/1.1" 200 769
INFO 2025-07-29 16:13:43,903 basehttp 28852 27316 "GET /api/curated/videos/ HTTP/1.1" 200 23776
INFO 2025-07-29 16:13:43,941 basehttp 28852 32372 "GET /api/curated/videos/ HTTP/1.1" 200 23776
INFO 2025-07-29 16:13:43,942 basehttp 28852 28440 "GET /api/learning-paths/ HTTP/1.1" 200 769
WARNING 2025-07-29 16:13:43,964 log 28852 23940 Not Found: /api/learning-paths/recommended/
WARNING 2025-07-29 16:13:43,993 basehttp 28852 23940 "GET /api/learning-paths/recommended/?user_level=beginner HTTP/1.1" 404 35
INFO 2025-07-29 16:13:44,006 basehttp 28852 5948 "GET /api/curated/videos/ HTTP/1.1" 200 23776
WARNING 2025-07-29 16:13:44,008 log 28852 23940 Not Found: /api/learning-paths/recommended/
INFO 2025-07-29 16:13:44,022 basehttp 28852 27316 "GET /api/curated/videos/ HTTP/1.1" 200 23776
INFO 2025-07-29 16:13:44,038 basehttp 28852 24612 "GET /api/curated/videos/ HTTP/1.1" 200 23776
WARNING 2025-07-29 16:13:44,040 basehttp 28852 23940 "GET /api/learning-paths/recommended/?user_level=beginner HTTP/1.1" 404 35
INFO 2025-07-29 16:13:44,049 basehttp 28852 32372 "GET /api/learning-paths/ HTTP/1.1" 200 769
INFO 2025-07-29 16:13:44,067 basehttp 28852 28440 "GET /api/curated/videos/ HTTP/1.1" 200 23776
WARNING 2025-07-29 16:13:44,103 log 28852 23940 Not Found: /api/learning-paths/recommended/
INFO 2025-07-29 16:13:44,111 basehttp 28852 5948 "GET /api/learning-paths/ HTTP/1.1" 200 769
WARNING 2025-07-29 16:13:44,114 basehttp 28852 23940 "GET /api/learning-paths/recommended/?user_level=beginner HTTP/1.1" 404 35
INFO 2025-07-29 16:13:44,137 basehttp 28852 27316 "GET /api/curated/videos/ HTTP/1.1" 200 23776
INFO 2025-07-29 16:13:44,146 basehttp 28852 24612 "GET /api/learning-paths/ HTTP/1.1" 200 769
WARNING 2025-07-29 16:13:44,148 log 28852 5948 Not Found: /api/learning-paths/recommended/
INFO 2025-07-29 16:13:44,169 basehttp 28852 32372 "GET /api/curated/videos/ HTTP/1.1" 200 23776
INFO 2025-07-29 16:13:44,190 basehttp 28852 28440 "GET /api/learning-paths/ HTTP/1.1" 200 769
INFO 2025-07-29 16:13:44,222 basehttp 28852 23940 "GET /api/curated/videos/ HTTP/1.1" 200 23776
INFO 2025-07-29 16:13:44,303 basehttp 28852 27316 "GET /api/curated/videos/ HTTP/1.1" 200 23776
WARNING 2025-07-29 16:13:44,309 basehttp 28852 5948 "GET /api/learning-paths/recommended/?user_level=beginner HTTP/1.1" 404 35
INFO 2025-07-29 16:13:44,337 basehttp 28852 24612 "GET /api/learning-paths/ HTTP/1.1" 200 769
INFO 2025-07-29 16:13:44,403 basehttp 28852 32372 "GET /api/learning-paths/ HTTP/1.1" 200 769
WARNING 2025-07-29 16:13:44,506 log 28852 28440 Not Found: /api/learning-paths/recommended/
INFO 2025-07-29 16:13:44,566 basehttp 28852 23940 "GET /api/curated/videos/ HTTP/1.1" 200 23776
INFO 2025-07-29 16:13:44,613 basehttp 28852 27316 "GET /api/learning-paths/ HTTP/1.1" 200 769
INFO 2025-07-29 16:13:44,656 basehttp 28852 5948 "GET /api/curated/videos/ HTTP/1.1" 200 23776
INFO 2025-07-29 16:13:44,695 basehttp 28852 24612 "GET /api/learning-paths/ HTTP/1.1" 200 769
WARNING 2025-07-29 16:13:44,699 basehttp 28852 28440 "GET /api/learning-paths/recommended/?user_level=beginner HTTP/1.1" 404 35
INFO 2025-07-29 16:13:44,812 basehttp 28852 23940 "GET /api/curated/videos/ HTTP/1.1" 200 23776
WARNING 2025-07-29 16:13:44,817 log 28852 32372 Not Found: /api/learning-paths/recommended/
INFO 2025-07-29 16:13:44,909 basehttp 28852 27316 "GET /api/learning-paths/ HTTP/1.1" 200 769
WARNING 2025-07-29 16:13:44,964 log 28852 5948 Not Found: /api/learning-paths/recommended/
INFO 2025-07-29 16:13:45,025 basehttp 28852 24612 "GET /api/curated/videos/ HTTP/1.1" 200 23776
INFO 2025-07-29 16:13:45,113 basehttp 28852 28440 "GET /api/learning-paths/ HTTP/1.1" 200 769
WARNING 2025-07-29 16:13:45,173 basehttp 28852 32372 "GET /api/learning-paths/recommended/?user_level=beginner HTTP/1.1" 404 35
WARNING 2025-07-29 16:13:45,283 log 28852 23940 Not Found: /api/learning-paths/recommended/
WARNING 2025-07-29 16:13:45,285 basehttp 28852 5948 "GET /api/learning-paths/recommended/?user_level=beginner HTTP/1.1" 404 35
INFO 2025-07-29 16:13:45,336 basehttp 28852 27316 "GET /api/curated/videos/ HTTP/1.1" 200 23776
INFO 2025-07-29 16:13:45,456 basehttp 28852 24612 "GET /api/learning-paths/ HTTP/1.1" 200 769
WARNING 2025-07-29 16:13:45,501 log 28852 28440 Not Found: /api/learning-paths/recommended/
INFO 2025-07-29 16:13:45,560 basehttp 28852 32372 "GET /api/curated/videos/ HTTP/1.1" 200 23776
WARNING 2025-07-29 16:13:45,637 basehttp 28852 23940 "GET /api/learning-paths/recommended/?user_level=beginner HTTP/1.1" 404 35
WARNING 2025-07-29 16:13:45,668 log 28852 27316 Not Found: /api/learning-paths/recommended/
WARNING 2025-07-29 16:13:45,690 basehttp 28852 28440 "GET /api/learning-paths/recommended/?user_level=beginner HTTP/1.1" 404 35
INFO 2025-07-29 16:13:45,745 basehttp 28852 5948 "GET /api/learning-paths/ HTTP/1.1" 200 769
WARNING 2025-07-29 16:13:45,747 log 28852 32372 Not Found: /api/learning-paths/recommended/
WARNING 2025-07-29 16:13:45,761 basehttp 28852 27316 "GET /api/learning-paths/recommended/?user_level=beginner HTTP/1.1" 404 35
WARNING 2025-07-29 16:13:45,783 basehttp 28852 32372 "GET /api/learning-paths/recommended/?user_level=beginner HTTP/1.1" 404 35
INFO 2025-07-29 16:13:45,844 basehttp 28852 24612 "GET /api/curated/videos/ HTTP/1.1" 200 23776
INFO 2025-07-29 16:13:46,046 basehttp 28852 28440 "GET /api/curated/videos/ HTTP/1.1" 200 23776
INFO 2025-07-29 16:13:46,049 basehttp 28852 23940 "GET /api/curated/videos/ HTTP/1.1" 200 23776
INFO 2025-07-29 16:13:46,128 basehttp 28852 5948 "GET /api/curated/videos/ HTTP/1.1" 200 23776
INFO 2025-07-29 16:13:46,176 basehttp 28852 27316 "GET /api/learning-paths/ HTTP/1.1" 200 769
WARNING 2025-07-29 16:13:46,289 log 28852 27316 Not Found: /api/learning-paths/recommended/
INFO 2025-07-29 16:13:46,292 basehttp 28852 32372 "GET /api/curated/videos/ HTTP/1.1" 200 23776
INFO 2025-07-29 16:13:46,299 basehttp 28852 24612 "GET /api/curated/videos/ HTTP/1.1" 200 23776
WARNING 2025-07-29 16:13:46,306 basehttp 28852 27316 "GET /api/learning-paths/recommended/?user_level=beginner HTTP/1.1" 404 35
INFO 2025-07-29 16:13:46,319 basehttp 28852 23940 "GET /api/learning-paths/ HTTP/1.1" 200 769
INFO 2025-07-29 16:13:46,407 basehttp 28852 5948 "GET /api/curated/videos/ HTTP/1.1" 200 23776
INFO 2025-07-29 16:13:46,426 basehttp 28852 28440 "GET /api/curated/videos/ HTTP/1.1" 200 23776
INFO 2025-07-29 16:13:46,441 basehttp 28852 32372 "GET /api/learning-paths/ HTTP/1.1" 200 769
INFO 2025-07-29 16:13:46,473 basehttp 28852 24612 "GET /api/curated/videos/ HTTP/1.1" 200 23776
INFO 2025-07-29 16:13:46,503 basehttp 28852 23940 "GET /api/curated/videos/ HTTP/1.1" 200 23776
WARNING 2025-07-29 16:13:46,543 log 28852 27316 Not Found: /api/learning-paths/recommended/
INFO 2025-07-29 16:13:46,572 basehttp 28852 5948 "GET /api/curated/videos/ HTTP/1.1" 200 23776
WARNING 2025-07-29 16:13:46,615 log 28852 28440 Not Found: /api/learning-paths/recommended/
INFO 2025-07-29 16:13:46,682 basehttp 28852 32372 "GET /api/curated/videos/ HTTP/1.1" 200 23776
WARNING 2025-07-29 16:13:46,688 basehttp 28852 27316 "GET /api/learning-paths/recommended/?user_level=beginner HTTP/1.1" 404 35
INFO 2025-07-29 16:13:46,720 basehttp 28852 24612 "GET /api/learning-paths/ HTTP/1.1" 200 769
WARNING 2025-07-29 16:13:46,768 log 28852 23940 Not Found: /api/learning-paths/recommended/
WARNING 2025-07-29 16:13:46,771 basehttp 28852 28440 "GET /api/learning-paths/recommended/?user_level=beginner HTTP/1.1" 404 35
WARNING 2025-07-29 16:13:46,824 log 28852 32372 Not Found: /api/learning-paths/recommended/
INFO 2025-07-29 16:13:46,858 basehttp 28852 5948 "GET /api/curated/videos/ HTTP/1.1" 200 23776
INFO 2025-07-29 16:13:46,878 basehttp 28852 27316 "GET /api/learning-paths/ HTTP/1.1" 200 769
WARNING 2025-07-29 16:13:46,883 basehttp 28852 23940 "GET /api/learning-paths/recommended/?user_level=beginner HTTP/1.1" 404 35
INFO 2025-07-29 16:13:46,945 basehttp 28852 24612 "GET /api/curated/videos/ HTTP/1.1" 200 23776
WARNING 2025-07-29 16:13:46,945 basehttp 28852 32372 "GET /api/learning-paths/recommended/?user_level=beginner HTTP/1.1" 404 35
WARNING 2025-07-29 16:13:46,979 log 28852 27316 Not Found: /api/learning-paths/recommended/
WARNING 2025-07-29 16:13:46,985 log 28852 23940 Not Found: /api/learning-paths/recommended/
INFO 2025-07-29 16:13:47,009 basehttp 28852 28440 "GET /api/curated/videos/ HTTP/1.1" 200 23776
INFO 2025-07-29 16:13:47,027 basehttp 28852 5948 "GET /api/learning-paths/ HTTP/1.1" 200 769
WARNING 2025-07-29 16:13:47,163 basehttp 28852 27316 "GET /api/learning-paths/recommended/?user_level=beginner HTTP/1.1" 404 35
WARNING 2025-07-29 16:13:47,191 basehttp 28852 23940 "GET /api/learning-paths/recommended/?user_level=beginner HTTP/1.1" 404 35
INFO 2025-07-29 16:13:47,239 basehttp 28852 32372 "GET /api/curated/videos/ HTTP/1.1" 200 23776
INFO 2025-07-29 16:13:47,240 basehttp 28852 24612 "GET /api/curated/videos/ HTTP/1.1" 200 23776
INFO 2025-07-29 16:13:47,355 basehttp 28852 28440 "GET /api/curated/videos/ HTTP/1.1" 200 23776
INFO 2025-07-29 16:13:47,357 basehttp 28852 32372 "GET /api/learning-paths/ HTTP/1.1" 200 769
INFO 2025-07-29 16:13:47,360 basehttp 28852 5948 "GET /api/curated/videos/ HTTP/1.1" 200 23776
INFO 2025-07-29 16:13:47,409 basehttp 28852 24612 "GET /api/learning-paths/ HTTP/1.1" 200 769
INFO 2025-07-29 16:13:47,501 basehttp 28852 32372 "GET /api/curated/videos/ HTTP/1.1" 200 23776
INFO 2025-07-29 16:13:47,502 basehttp 28852 28440 "GET /api/learning-paths/ HTTP/1.1" 200 769
INFO 2025-07-29 16:13:47,535 basehttp 28852 5948 "GET /api/curated/videos/ HTTP/1.1" 200 23776
INFO 2025-07-29 16:13:47,572 basehttp 28852 24612 "GET /api/learning-paths/ HTTP/1.1" 200 769
WARNING 2025-07-29 16:13:47,678 log 28852 28440 Not Found: /api/learning-paths/recommended/
WARNING 2025-07-29 16:13:47,689 basehttp 28852 28440 "GET /api/learning-paths/recommended/?user_level=beginner HTTP/1.1" 404 35
INFO 2025-07-29 16:13:47,779 basehttp 28852 24612 "GET /api/curated/videos/ HTTP/1.1" 200 23776
INFO 2025-07-29 16:13:47,779 basehttp 28852 32372 "GET /api/curated/videos/ HTTP/1.1" 200 23776
INFO 2025-07-29 16:13:47,780 basehttp 28852 5948 "GET /api/learning-paths/ HTTP/1.1" 200 769
WARNING 2025-07-29 16:13:47,896 log 28852 24612 Not Found: /api/learning-paths/recommended/
WARNING 2025-07-29 16:13:47,898 log 28852 28440 Not Found: /api/learning-paths/recommended/
WARNING 2025-07-29 16:13:47,901 basehttp 28852 24612 "GET /api/learning-paths/recommended/?user_level=beginner HTTP/1.1" 404 35
WARNING 2025-07-29 16:13:47,903 basehttp 28852 28440 "GET /api/learning-paths/recommended/?user_level=beginner HTTP/1.1" 404 35
INFO 2025-07-29 16:13:47,963 basehttp 28852 5948 "GET /api/learning-paths/ HTTP/1.1" 200 769
INFO 2025-07-29 16:13:47,965 basehttp 28852 32372 "GET /api/curated/videos/ HTTP/1.1" 200 23776
INFO 2025-07-29 16:13:47,995 basehttp 28852 24612 "GET /api/curated/videos/ HTTP/1.1" 200 23776
INFO 2025-07-29 16:13:48,046 basehttp 28852 5948 "GET /api/curated/videos/ HTTP/1.1" 200 23776
INFO 2025-07-29 16:13:48,074 basehttp 28852 28440 "GET /api/curated/videos/ HTTP/1.1" 200 23776
INFO 2025-07-29 16:13:48,084 basehttp 28852 23940 "GET /api/curated/videos/ HTTP/1.1" 200 23776
INFO 2025-07-29 16:13:48,088 basehttp 28852 24612 "GET /api/learning-paths/ HTTP/1.1" 200 769
INFO 2025-07-29 16:13:48,088 basehttp 28852 27316 "GET /api/curated/videos/ HTTP/1.1" 200 23776
INFO 2025-07-29 16:13:48,090 basehttp 28852 32372 "GET /api/curated/videos/ HTTP/1.1" 200 23776
INFO 2025-07-29 16:13:48,235 basehttp 28852 28440 "GET /api/curated/videos/ HTTP/1.1" 200 23776
INFO 2025-07-29 16:13:48,320 basehttp 28852 23940 "GET /api/curated/videos/ HTTP/1.1" 200 23776
INFO 2025-07-29 16:13:48,436 basehttp 28852 24612 "GET /api/learning-paths/ HTTP/1.1" 200 769
INFO 2025-07-29 16:13:48,541 basehttp 28852 23940 "GET /api/learning-paths/ HTTP/1.1" 200 769
INFO 2025-07-29 16:13:48,562 basehttp 28852 28440 "GET /api/curated/videos/ HTTP/1.1" 200 23776
INFO 2025-07-29 16:13:48,813 basehttp 28852 24612 "GET /api/curated/videos/ HTTP/1.1" 200 23776
INFO 2025-07-29 16:13:49,033 basehttp 28852 23940 "GET /api/curated/videos/ HTTP/1.1" 200 23776
INFO 2025-07-29 16:13:49,299 basehttp 28852 28440 "GET /api/learning-paths/ HTTP/1.1" 200 769
WARNING 2025-07-29 16:13:49,426 log 28852 27316 Not Found: /api/learning-paths/recommended/
WARNING 2025-07-29 16:13:49,428 log 28852 32372 Not Found: /api/learning-paths/recommended/
WARNING 2025-07-29 16:13:49,431 log 28852 5948 Not Found: /api/learning-paths/recommended/
INFO 2025-07-29 16:13:49,484 basehttp 28852 24612 "GET /api/curated/videos/ HTTP/1.1" 200 23776
INFO 2025-07-29 16:13:49,616 basehttp 28852 23940 "GET /api/learning-paths/ HTTP/1.1" 200 769
WARNING 2025-07-29 16:13:49,683 basehttp 28852 27316 "GET /api/learning-paths/recommended/?user_level=beginner HTTP/1.1" 404 35
WARNING 2025-07-29 16:13:49,801 basehttp 28852 32372 "GET /api/learning-paths/recommended/?user_level=beginner HTTP/1.1" 404 35
WARNING 2025-07-29 16:13:49,824 log 28852 28440 Not Found: /api/learning-paths/recommended/
WARNING 2025-07-29 16:13:49,829 basehttp 28852 5948 "GET /api/learning-paths/recommended/?user_level=beginner HTTP/1.1" 404 35
WARNING 2025-07-29 16:13:49,881 log 28852 24612 Not Found: /api/learning-paths/recommended/
WARNING 2025-07-29 16:13:49,919 log 28852 32372 Not Found: /api/learning-paths/recommended/
WARNING 2025-07-29 16:13:49,922 basehttp 28852 32372 "GET /api/learning-paths/recommended/?user_level=beginner HTTP/1.1" 404 35
WARNING 2025-07-29 16:13:49,924 basehttp 28852 28440 "GET /api/learning-paths/recommended/?user_level=beginner HTTP/1.1" 404 35
INFO 2025-07-29 16:13:49,949 basehttp 28852 23940 "GET /api/curated/videos/ HTTP/1.1" 200 23776
INFO 2025-07-29 16:13:49,952 basehttp 28852 27316 "GET /api/learning-paths/ HTTP/1.1" 200 769
WARNING 2025-07-29 16:13:49,984 basehttp 28852 24612 "GET /api/learning-paths/recommended/?user_level=beginner HTTP/1.1" 404 35
WARNING 2025-07-29 16:13:49,985 log 28852 23940 Not Found: /api/learning-paths/recommended/
WARNING 2025-07-29 16:13:49,994 basehttp 28852 23940 "GET /api/learning-paths/recommended/?user_level=beginner HTTP/1.1" 404 35
WARNING 2025-07-29 16:13:50,004 log 28852 23940 Not Found: /api/learning-paths/recommended/
WARNING 2025-07-29 16:13:50,005 basehttp 28852 23940 "GET /api/learning-paths/recommended/?user_level=beginner HTTP/1.1" 404 35
INFO 2025-07-29 16:13:50,022 basehttp 28852 32372 "GET /api/learning-paths/ HTTP/1.1" 200 769
INFO 2025-07-29 16:13:50,060 basehttp 28852 28440 "GET /api/curated/videos/ HTTP/1.1" 200 23776
INFO 2025-07-29 16:13:50,061 basehttp 28852 24612 "GET /api/learning-paths/ HTTP/1.1" 200 769
INFO 2025-07-29 16:13:50,094 basehttp 28852 23940 "GET /api/learning-paths/ HTTP/1.1" 200 769
INFO 2025-07-29 16:13:50,095 basehttp 28852 32372 "GET /api/learning-paths/ HTTP/1.1" 200 769
INFO 2025-07-29 16:13:50,117 basehttp 28852 27316 "GET /api/curated/videos/ HTTP/1.1" 200 23776
INFO 2025-07-29 16:13:50,175 basehttp 28852 28440 "GET /api/learning-paths/ HTTP/1.1" 200 769
INFO 2025-07-29 16:13:50,200 basehttp 28852 24612 "GET /api/curated/videos/ HTTP/1.1" 200 23776
INFO 2025-07-29 16:13:50,234 basehttp 28852 5948 "GET /api/curated/videos/ HTTP/1.1" 200 23776
INFO 2025-07-29 16:13:50,237 basehttp 28852 32372 "GET /api/learning-paths/ HTTP/1.1" 200 769
WARNING 2025-07-29 16:13:50,252 log 28852 24612 Not Found: /api/learning-paths/recommended/
INFO 2025-07-29 16:13:50,280 basehttp 28852 28440 "GET /api/learning-paths/ HTTP/1.1" 200 769
INFO 2025-07-29 16:13:50,281 basehttp 28852 23940 "GET /api/curated/videos/ HTTP/1.1" 200 23776
WARNING 2025-07-29 16:13:50,286 basehttp 28852 24612 "GET /api/learning-paths/recommended/?user_level=beginner HTTP/1.1" 404 35
INFO 2025-07-29 16:13:50,314 basehttp 28852 27316 "GET /api/curated/videos/ HTTP/1.1" 200 23776
INFO 2025-07-29 16:13:50,392 basehttp 28852 5948 "GET /api/curated/videos/ HTTP/1.1" 200 23776
WARNING 2025-07-29 16:13:50,411 log 28852 32372 Not Found: /api/learning-paths/recommended/
WARNING 2025-07-29 16:13:50,416 basehttp 28852 32372 "GET /api/learning-paths/recommended/?user_level=beginner HTTP/1.1" 404 35
INFO 2025-07-29 16:13:50,528 basehttp 28852 28440 "GET /api/curated/videos/ HTTP/1.1" 200 23776
WARNING 2025-07-29 16:13:50,551 log 28852 27316 Not Found: /api/learning-paths/recommended/
WARNING 2025-07-29 16:13:50,558 basehttp 28852 27316 "GET /api/learning-paths/recommended/?user_level=beginner HTTP/1.1" 404 35
INFO 2025-07-29 16:13:50,574 basehttp 28852 24612 "GET /api/learning-paths/ HTTP/1.1" 200 769
INFO 2025-07-29 16:13:50,591 basehttp 28852 23940 "GET /api/curated/videos/ HTTP/1.1" 200 23776
INFO 2025-07-29 16:13:50,631 basehttp 28852 27316 "GET /api/curated/videos/ HTTP/1.1" 200 23776
INFO 2025-07-29 16:13:50,632 basehttp 28852 28440 "GET /api/learning-paths/ HTTP/1.1" 200 769
INFO 2025-07-29 16:13:50,666 basehttp 28852 23940 "GET /api/learning-paths/ HTTP/1.1" 200 769
INFO 2025-07-29 16:13:50,679 basehttp 28852 32372 "GET /api/curated/videos/ HTTP/1.1" 200 23776
INFO 2025-07-29 16:13:50,680 basehttp 28852 5948 "GET /api/curated/videos/ HTTP/1.1" 200 23776
INFO 2025-07-29 16:13:50,719 basehttp 28852 24612 "GET /api/curated/videos/ HTTP/1.1" 200 23776
INFO 2025-07-29 16:13:50,728 basehttp 28852 28440 "GET /api/learning-paths/ HTTP/1.1" 200 769
INFO 2025-07-29 16:13:50,764 basehttp 28852 32372 "GET /api/learning-paths/ HTTP/1.1" 200 769
INFO 2025-07-29 16:13:50,769 basehttp 28852 5948 "GET /api/curated/videos/ HTTP/1.1" 200 23776
WARNING 2025-07-29 16:13:50,772 log 28852 23940 Not Found: /api/learning-paths/recommended/
WARNING 2025-07-29 16:13:50,832 log 28852 24612 Not Found: /api/learning-paths/recommended/
WARNING 2025-07-29 16:13:50,837 basehttp 28852 23940 "GET /api/learning-paths/recommended/?user_level=beginner HTTP/1.1" 404 35
WARNING 2025-07-29 16:13:50,841 basehttp 28852 24612 "GET /api/learning-paths/recommended/?user_level=beginner HTTP/1.1" 404 35
INFO 2025-07-29 16:13:50,855 basehttp 28852 28440 "GET /api/learning-paths/ HTTP/1.1" 200 769
INFO 2025-07-29 16:13:50,856 basehttp 28852 27316 "GET /api/curated/videos/ HTTP/1.1" 200 23776
WARNING 2025-07-29 16:13:50,889 log 28852 28440 Not Found: /api/learning-paths/recommended/
INFO 2025-07-29 16:13:50,890 basehttp 28852 5948 "GET /api/learning-paths/ HTTP/1.1" 200 769
WARNING 2025-07-29 16:13:50,893 basehttp 28852 28440 "GET /api/learning-paths/recommended/?user_level=beginner HTTP/1.1" 404 35
INFO 2025-07-29 16:13:50,933 basehttp 28852 32372 "GET /api/curated/videos/ HTTP/1.1" 200 23776
INFO 2025-07-29 16:13:50,935 basehttp 28852 23940 "GET /api/curated/videos/ HTTP/1.1" 200 23776
WARNING 2025-07-29 16:13:50,943 log 28852 28440 Not Found: /api/learning-paths/recommended/
INFO 2025-07-29 16:13:50,961 basehttp 28852 24612 "GET /api/learning-paths/ HTTP/1.1" 200 769
INFO 2025-07-29 16:13:50,965 basehttp 28852 5948 "GET /api/learning-paths/ HTTP/1.1" 200 769
INFO 2025-07-29 16:13:50,966 basehttp 28852 27316 "GET /api/curated/videos/ HTTP/1.1" 200 23776
WARNING 2025-07-29 16:13:50,967 basehttp 28852 28440 "GET /api/learning-paths/recommended/?user_level=beginner HTTP/1.1" 404 35
WARNING 2025-07-29 16:13:50,999 log 28852 28440 Not Found: /api/learning-paths/recommended/
WARNING 2025-07-29 16:13:51,001 basehttp 28852 28440 "GET /api/learning-paths/recommended/?user_level=beginner HTTP/1.1" 404 35
INFO 2025-07-29 16:13:51,014 basehttp 28852 23940 "GET /api/learning-paths/ HTTP/1.1" 200 769
INFO 2025-07-29 16:13:51,035 basehttp 28852 24612 "GET /api/curated/videos/ HTTP/1.1" 200 23776
WARNING 2025-07-29 16:13:51,054 log 28852 24612 Not Found: /api/learning-paths/recommended/
INFO 2025-07-29 16:13:51,055 basehttp 28852 27316 "GET /api/learning-paths/ HTTP/1.1" 200 769
INFO 2025-07-29 16:13:51,055 basehttp 28852 5948 "GET /api/curated/videos/ HTTP/1.1" 200 23776
WARNING 2025-07-29 16:13:51,058 basehttp 28852 24612 "GET /api/learning-paths/recommended/?user_level=beginner HTTP/1.1" 404 35
INFO 2025-07-29 16:13:51,093 basehttp 28852 23940 "GET /api/learning-paths/ HTTP/1.1" 200 769
INFO 2025-07-29 16:13:51,125 basehttp 28852 28440 "GET /api/curated/videos/ HTTP/1.1" 200 23776
INFO 2025-07-29 16:13:51,133 basehttp 28852 5948 "GET /api/learning-paths/ HTTP/1.1" 200 769
INFO 2025-07-29 16:13:51,150 basehttp 28852 32372 "GET /api/curated/videos/ HTTP/1.1" 200 23776
INFO 2025-07-29 16:13:51,150 basehttp 28852 27316 "GET /api/curated/videos/ HTTP/1.1" 200 23776
WARNING 2025-07-29 16:13:51,169 log 28852 24612 Not Found: /api/learning-paths/recommended/
WARNING 2025-07-29 16:13:51,207 basehttp 28852 24612 "GET /api/learning-paths/recommended/?user_level=beginner HTTP/1.1" 404 35
WARNING 2025-07-29 16:13:51,216 log 28852 24612 Not Found: /api/learning-paths/recommended/
WARNING 2025-07-29 16:13:51,218 basehttp 28852 24612 "GET /api/learning-paths/recommended/?user_level=beginner HTTP/1.1" 404 35
INFO 2025-07-29 16:13:51,229 basehttp 28852 28440 "GET /api/learning-paths/ HTTP/1.1" 200 769
INFO 2025-07-29 16:13:51,278 basehttp 28852 27316 "GET /api/curated/videos/ HTTP/1.1" 200 23776
INFO 2025-07-29 16:13:51,280 basehttp 28852 32372 "GET /api/learning-paths/ HTTP/1.1" 200 769
INFO 2025-07-29 16:13:51,281 basehttp 28852 23940 "GET /api/curated/videos/ HTTP/1.1" 200 23776
INFO 2025-07-29 16:13:51,321 basehttp 28852 5948 "GET /api/curated/videos/ HTTP/1.1" 200 23776
INFO 2025-07-29 16:13:51,341 basehttp 28852 28440 "GET /api/curated/videos/ HTTP/1.1" 200 23776
INFO 2025-07-29 16:13:51,359 basehttp 28852 27316 "GET /api/learning-paths/ HTTP/1.1" 200 769
INFO 2025-07-29 16:13:51,375 basehttp 28852 32372 "GET /api/curated/videos/ HTTP/1.1" 200 23776
INFO 2025-07-29 16:13:51,375 basehttp 28852 23940 "GET /api/learning-paths/ HTTP/1.1" 200 769
INFO 2025-07-29 16:13:51,409 basehttp 28852 24612 "GET /api/curated/videos/ HTTP/1.1" 200 23776
WARNING 2025-07-29 16:13:51,418 log 28852 5948 Not Found: /api/learning-paths/recommended/
WARNING 2025-07-29 16:13:51,462 log 28852 24612 Not Found: /api/learning-paths/recommended/
WARNING 2025-07-29 16:13:51,464 basehttp 28852 24612 "GET /api/learning-paths/recommended/?user_level=beginner HTTP/1.1" 404 35
WARNING 2025-07-29 16:13:51,464 basehttp 28852 5948 "GET /api/learning-paths/recommended/?user_level=beginner HTTP/1.1" 404 35
INFO 2025-07-29 16:13:51,484 basehttp 28852 27316 "GET /api/learning-paths/ HTTP/1.1" 200 769
INFO 2025-07-29 16:13:51,494 basehttp 28852 32372 "GET /api/curated/videos/ HTTP/1.1" 200 23776
INFO 2025-07-29 16:13:51,501 basehttp 28852 23940 "GET /api/learning-paths/ HTTP/1.1" 200 769
WARNING 2025-07-29 16:13:51,503 log 28852 27316 Not Found: /api/learning-paths/recommended/
WARNING 2025-07-29 16:13:51,521 basehttp 28852 27316 "GET /api/learning-paths/recommended/?user_level=beginner HTTP/1.1" 404 35
INFO 2025-07-29 16:13:51,526 basehttp 28852 24612 "GET /api/learning-paths/ HTTP/1.1" 200 769
INFO 2025-07-29 16:13:51,546 basehttp 28852 28440 "GET /api/curated/videos/ HTTP/1.1" 200 23776
INFO 2025-07-29 16:13:51,585 basehttp 28852 32372 "GET /api/curated/videos/ HTTP/1.1" 200 23776
INFO 2025-07-29 16:13:51,585 basehttp 28852 23940 "GET /api/curated/videos/ HTTP/1.1" 200 23776
WARNING 2025-07-29 16:13:51,602 log 28852 23940 Not Found: /api/learning-paths/recommended/
WARNING 2025-07-29 16:13:51,615 basehttp 28852 23940 "GET /api/learning-paths/recommended/?user_level=beginner HTTP/1.1" 404 35
INFO 2025-07-29 16:13:51,622 basehttp 28852 28440 "GET /api/curated/videos/ HTTP/1.1" 200 23776
INFO 2025-07-29 16:13:51,623 basehttp 28852 5948 "GET /api/curated/videos/ HTTP/1.1" 200 23776
INFO 2025-07-29 16:13:51,627 basehttp 28852 24612 "GET /api/curated/videos/ HTTP/1.1" 200 23776
INFO 2025-07-29 16:13:51,675 basehttp 28852 32372 "GET /api/learning-paths/ HTTP/1.1" 200 769
INFO 2025-07-29 16:13:51,676 basehttp 28852 27316 "GET /api/curated/videos/ HTTP/1.1" 200 23776
WARNING 2025-07-29 16:13:51,745 log 28852 5948 Not Found: /api/learning-paths/recommended/
INFO 2025-07-29 16:13:51,751 basehttp 28852 23940 "GET /api/curated/videos/ HTTP/1.1" 200 23776
INFO 2025-07-29 16:13:51,763 basehttp 28852 28440 "GET /api/learning-paths/ HTTP/1.1" 200 769
WARNING 2025-07-29 16:13:51,780 basehttp 28852 5948 "GET /api/learning-paths/recommended/?user_level=beginner HTTP/1.1" 404 35
INFO 2025-07-29 16:13:51,820 basehttp 28852 32372 "GET /api/learning-paths/ HTTP/1.1" 200 769
INFO 2025-07-29 16:13:51,830 basehttp 28852 27316 "GET /api/curated/videos/ HTTP/1.1" 200 23776
WARNING 2025-07-29 16:13:51,848 log 28852 28440 Not Found: /api/learning-paths/recommended/
INFO 2025-07-29 16:13:51,875 basehttp 28852 24612 "GET /api/curated/videos/ HTTP/1.1" 200 23776
WARNING 2025-07-29 16:13:51,876 basehttp 28852 28440 "GET /api/learning-paths/recommended/?user_level=beginner HTTP/1.1" 404 35
INFO 2025-07-29 16:13:51,895 basehttp 28852 23940 "GET /api/learning-paths/ HTTP/1.1" 200 769
WARNING 2025-07-29 16:13:51,903 log 28852 23940 Not Found: /api/learning-paths/recommended/
INFO 2025-07-29 16:13:51,912 basehttp 28852 5948 "GET /api/curated/videos/ HTTP/1.1" 200 23776
WARNING 2025-07-29 16:13:51,914 basehttp 28852 23940 "GET /api/learning-paths/recommended/?user_level=beginner HTTP/1.1" 404 35
INFO 2025-07-29 16:13:51,937 basehttp 28852 27316 "GET /api/curated/videos/ HTTP/1.1" 200 23776
WARNING 2025-07-29 16:13:51,945 log 28852 27316 Not Found: /api/learning-paths/recommended/
WARNING 2025-07-29 16:13:51,947 basehttp 28852 27316 "GET /api/learning-paths/recommended/?user_level=beginner HTTP/1.1" 404 35
INFO 2025-07-29 16:13:51,959 basehttp 28852 28440 "GET /api/learning-paths/ HTTP/1.1" 200 769
INFO 2025-07-29 16:13:52,000 basehttp 28852 32372 "GET /api/curated/videos/ HTTP/1.1" 200 23776
INFO 2025-07-29 16:13:52,001 basehttp 28852 5948 "GET /api/curated/videos/ HTTP/1.1" 200 23776
INFO 2025-07-29 16:13:52,008 basehttp 28852 23940 "GET /api/learning-paths/ HTTP/1.1" 200 769
INFO 2025-07-29 16:13:52,020 basehttp 28852 24612 "GET /api/curated/videos/ HTTP/1.1" 200 23776
INFO 2025-07-29 16:13:52,028 basehttp 28852 27316 "GET /api/curated/videos/ HTTP/1.1" 200 23776
INFO 2025-07-29 16:13:52,059 basehttp 28852 28440 "GET /api/curated/videos/ HTTP/1.1" 200 23776
WARNING 2025-07-29 16:13:52,063 log 28852 23940 Not Found: /api/learning-paths/recommended/
INFO 2025-07-29 16:13:52,083 basehttp 28852 32372 "GET /api/learning-paths/ HTTP/1.1" 200 769
WARNING 2025-07-29 16:13:52,086 basehttp 28852 23940 "GET /api/learning-paths/recommended/?user_level=beginner HTTP/1.1" 404 35
WARNING 2025-07-29 16:13:52,099 log 28852 28440 Not Found: /api/learning-paths/recommended/
INFO 2025-07-29 16:13:52,107 basehttp 28852 5948 "GET /api/curated/videos/ HTTP/1.1" 200 23776
WARNING 2025-07-29 16:13:52,118 basehttp 28852 28440 "GET /api/learning-paths/recommended/?user_level=beginner HTTP/1.1" 404 35
INFO 2025-07-29 16:13:52,134 basehttp 28852 24612 "GET /api/curated/videos/ HTTP/1.1" 200 23776
INFO 2025-07-29 16:13:52,135 basehttp 28852 27316 "GET /api/learning-paths/ HTTP/1.1" 200 769
WARNING 2025-07-29 16:13:52,151 log 28852 24612 Not Found: /api/learning-paths/recommended/
WARNING 2025-07-29 16:13:52,153 basehttp 28852 24612 "GET /api/learning-paths/recommended/?user_level=beginner HTTP/1.1" 404 35
INFO 2025-07-29 16:13:52,168 basehttp 28852 32372 "GET /api/curated/videos/ HTTP/1.1" 200 23776
INFO 2025-07-29 16:13:52,184 basehttp 28852 28440 "GET /api/learning-paths/ HTTP/1.1" 200 769
INFO 2025-07-29 16:13:52,213 basehttp 28852 27316 "GET /api/curated/videos/ HTTP/1.1" 200 23776
INFO 2025-07-29 16:13:52,236 basehttp 28852 23940 "GET /api/curated/videos/ HTTP/1.1" 200 23776
INFO 2025-07-29 16:13:52,237 basehttp 28852 24612 "GET /api/curated/videos/ HTTP/1.1" 200 23776
INFO 2025-07-29 16:13:52,248 basehttp 28852 32372 "GET /api/learning-paths/ HTTP/1.1" 200 769
INFO 2025-07-29 16:13:52,250 basehttp 28852 5948 "GET /api/curated/videos/ HTTP/1.1" 200 23776
INFO 2025-07-29 16:13:52,262 basehttp 28852 28440 "GET /api/curated/videos/ HTTP/1.1" 200 23776
INFO 2025-07-29 16:13:52,280 basehttp 28852 27316 "GET /api/learning-paths/ HTTP/1.1" 200 769
WARNING 2025-07-29 16:13:52,327 log 28852 23940 Not Found: /api/learning-paths/recommended/
WARNING 2025-07-29 16:13:52,329 basehttp 28852 23940 "GET /api/learning-paths/recommended/?user_level=beginner HTTP/1.1" 404 35
WARNING 2025-07-29 16:13:52,346 log 28852 32372 Not Found: /api/learning-paths/recommended/
WARNING 2025-07-29 16:13:52,349 basehttp 28852 32372 "GET /api/learning-paths/recommended/?user_level=beginner HTTP/1.1" 404 35
INFO 2025-07-29 16:13:52,388 basehttp 28852 24612 "GET /api/curated/videos/ HTTP/1.1" 200 23776
INFO 2025-07-29 16:13:52,392 basehttp 28852 5948 "GET /api/learning-paths/ HTTP/1.1" 200 769
INFO 2025-07-29 16:13:52,408 basehttp 28852 27316 "GET /api/learning-paths/ HTTP/1.1" 200 769
INFO 2025-07-29 16:13:52,432 basehttp 28852 28440 "GET /api/curated/videos/ HTTP/1.1" 200 23776
WARNING 2025-07-29 16:13:52,433 log 28852 24612 Not Found: /api/learning-paths/recommended/
WARNING 2025-07-29 16:13:52,436 basehttp 28852 24612 "GET /api/learning-paths/recommended/?user_level=beginner HTTP/1.1" 404 35
INFO 2025-07-29 16:13:52,482 basehttp 28852 32372 "GET /api/curated/videos/ HTTP/1.1" 200 23776
INFO 2025-07-29 16:13:52,488 basehttp 28852 5948 "GET /api/learning-paths/ HTTP/1.1" 200 769
WARNING 2025-07-29 16:13:52,529 log 28852 24612 Not Found: /api/learning-paths/recommended/
WARNING 2025-07-29 16:13:52,531 basehttp 28852 24612 "GET /api/learning-paths/recommended/?user_level=beginner HTTP/1.1" 404 35
INFO 2025-07-29 16:13:52,544 basehttp 28852 23940 "GET /api/curated/videos/ HTTP/1.1" 200 23776
INFO 2025-07-29 16:13:52,561 basehttp 28852 27316 "GET /api/curated/videos/ HTTP/1.1" 200 23776
INFO 2025-07-29 16:13:52,573 basehttp 28852 28440 "GET /api/learning-paths/ HTTP/1.1" 200 769
INFO 2025-07-29 16:13:52,581 basehttp 28852 5948 "GET /api/curated/videos/ HTTP/1.1" 200 23776
INFO 2025-07-29 16:13:52,587 basehttp 28852 32372 "GET /api/learning-paths/ HTTP/1.1" 200 769
INFO 2025-07-29 16:13:52,601 basehttp 28852 24612 "GET /api/learning-paths/ HTTP/1.1" 200 769
WARNING 2025-07-29 16:13:52,609 log 28852 23940 Not Found: /api/learning-paths/recommended/
WARNING 2025-07-29 16:13:52,628 basehttp 28852 23940 "GET /api/learning-paths/recommended/?user_level=beginner HTTP/1.1" 404 35
INFO 2025-07-29 16:13:52,635 basehttp 28852 27316 "GET /api/curated/videos/ HTTP/1.1" 200 23776
WARNING 2025-07-29 16:13:52,653 log 28852 5948 Not Found: /api/learning-paths/recommended/
WARNING 2025-07-29 16:13:52,663 log 28852 24612 Not Found: /api/learning-paths/recommended/
INFO 2025-07-29 16:13:52,666 basehttp 28852 28440 "GET /api/learning-paths/ HTTP/1.1" 200 769
WARNING 2025-07-29 16:13:52,667 basehttp 28852 5948 "GET /api/learning-paths/recommended/?user_level=beginner HTTP/1.1" 404 35
WARNING 2025-07-29 16:13:52,679 basehttp 28852 24612 "GET /api/learning-paths/recommended/?user_level=beginner HTTP/1.1" 404 35
WARNING 2025-07-29 16:13:52,710 log 28852 5948 Not Found: /api/learning-paths/recommended/
INFO 2025-07-29 16:13:52,733 basehttp 28852 27316 "GET /api/curated/videos/ HTTP/1.1" 200 23776
INFO 2025-07-29 16:13:52,734 basehttp 28852 32372 "GET /api/curated/videos/ HTTP/1.1" 200 23776
INFO 2025-07-29 16:13:52,757 basehttp 28852 28440 "GET /api/learning-paths/ HTTP/1.1" 200 769
WARNING 2025-07-29 16:13:52,757 basehttp 28852 5948 "GET /api/learning-paths/recommended/?user_level=beginner HTTP/1.1" 404 35
INFO 2025-07-29 16:13:54,286 basehttp 28852 32372 "GET /api/learning-paths/ HTTP/1.1" 200 769
INFO 2025-07-29 16:13:54,297 basehttp 28852 27316 "GET /api/curated/videos/ HTTP/1.1" 200 23776
INFO 2025-07-29 16:13:54,297 basehttp 28852 24612 "GET /api/curated/videos/ HTTP/1.1" 200 23776
INFO 2025-07-29 16:13:54,298 basehttp 28852 23940 "GET /api/curated/videos/ HTTP/1.1" 200 23776
WARNING 2025-07-29 16:13:54,310 log 28852 24612 Not Found: /api/learning-paths/recommended/
WARNING 2025-07-29 16:13:54,318 basehttp 28852 24612 "GET /api/learning-paths/recommended/?user_level=beginner HTTP/1.1" 404 35
INFO 2025-07-29 16:13:54,331 basehttp 28852 28440 "GET /api/learning-paths/ HTTP/1.1" 200 769
INFO 2025-07-29 16:13:54,375 basehttp 28852 23940 "GET /api/learning-paths/ HTTP/1.1" 200 769
INFO 2025-07-29 16:13:54,402 basehttp 28852 28440 "GET /api/learning-paths/ HTTP/1.1" 200 769
INFO 2025-07-29 16:13:54,404 basehttp 28852 5948 "GET /api/curated/videos/ HTTP/1.1" 200 23776
INFO 2025-07-29 16:13:54,430 basehttp 28852 32372 "GET /api/curated/videos/ HTTP/1.1" 200 23776
INFO 2025-07-29 16:13:54,430 basehttp 28852 27316 "GET /api/curated/videos/ HTTP/1.1" 200 23776
WARNING 2025-07-29 16:13:54,447 log 28852 5948 Not Found: /api/learning-paths/recommended/
WARNING 2025-07-29 16:13:54,449 basehttp 28852 5948 "GET /api/learning-paths/recommended/?user_level=beginner HTTP/1.1" 404 35
WARNING 2025-07-29 16:13:54,463 log 28852 5948 Not Found: /api/learning-paths/recommended/
INFO 2025-07-29 16:13:54,463 basehttp 28852 24612 "GET /api/curated/videos/ HTTP/1.1" 200 23776
INFO 2025-07-29 16:13:54,466 basehttp 28852 28440 "GET /api/learning-paths/ HTTP/1.1" 200 769
WARNING 2025-07-29 16:13:54,467 basehttp 28852 5948 "GET /api/learning-paths/recommended/?user_level=beginner HTTP/1.1" 404 35
WARNING 2025-07-29 16:13:54,481 log 28852 5948 Not Found: /api/learning-paths/recommended/
WARNING 2025-07-29 16:13:54,482 basehttp 28852 5948 "GET /api/learning-paths/recommended/?user_level=beginner HTTP/1.1" 404 35
INFO 2025-07-29 16:13:54,499 basehttp 28852 23940 "GET /api/curated/videos/ HTTP/1.1" 200 23776
INFO 2025-07-29 16:13:54,503 basehttp 28852 32372 "GET /api/learning-paths/ HTTP/1.1" 200 769
WARNING 2025-07-29 16:13:54,521 log 28852 32372 Not Found: /api/learning-paths/recommended/
WARNING 2025-07-29 16:13:54,524 basehttp 28852 32372 "GET /api/learning-paths/recommended/?user_level=beginner HTTP/1.1" 404 35
INFO 2025-07-29 16:13:54,545 basehttp 28852 28440 "GET /api/learning-paths/ HTTP/1.1" 200 769
INFO 2025-07-29 16:13:54,558 basehttp 28852 27316 "GET /api/curated/videos/ HTTP/1.1" 200 23776
INFO 2025-07-29 16:13:54,559 basehttp 28852 5948 "GET /api/curated/videos/ HTTP/1.1" 200 23776
INFO 2025-07-29 16:13:54,602 basehttp 28852 23940 "GET /api/learning-paths/ HTTP/1.1" 200 769
INFO 2025-07-29 16:13:54,609 basehttp 28852 24612 "GET /api/curated/videos/ HTTP/1.1" 200 23776
INFO 2025-07-29 16:13:54,610 basehttp 28852 32372 "GET /api/curated/videos/ HTTP/1.1" 200 23776
INFO 2025-07-29 16:13:54,632 basehttp 28852 5948 "GET /api/learning-paths/ HTTP/1.1" 200 769
INFO 2025-07-29 16:13:54,633 basehttp 28852 28440 "GET /api/learning-paths/ HTTP/1.1" 200 769
WARNING 2025-07-29 16:13:54,652 log 28852 28440 Not Found: /api/learning-paths/recommended/
WARNING 2025-07-29 16:13:54,654 basehttp 28852 28440 "GET /api/learning-paths/recommended/?user_level=beginner HTTP/1.1" 404 35
INFO 2025-07-29 16:13:54,699 basehttp 28852 27316 "GET /api/curated/videos/ HTTP/1.1" 200 23776
INFO 2025-07-29 16:13:54,700 basehttp 28852 24612 "GET /api/learning-paths/ HTTP/1.1" 200 769
INFO 2025-07-29 16:13:54,706 basehttp 28852 23940 "GET /api/curated/videos/ HTTP/1.1" 200 23776
INFO 2025-07-29 16:13:54,707 basehttp 28852 32372 "GET /api/curated/videos/ HTTP/1.1" 200 23776
WARNING 2025-07-29 16:13:54,718 log 28852 27316 Not Found: /api/learning-paths/recommended/
INFO 2025-07-29 16:13:54,726 basehttp 28852 5948 "GET /api/curated/videos/ HTTP/1.1" 200 23776
INFO 2025-07-29 16:13:54,727 basehttp 28852 28440 "GET /api/learning-paths/ HTTP/1.1" 200 769
WARNING 2025-07-29 16:13:54,739 log 28852 32372 Not Found: /api/learning-paths/recommended/
WARNING 2025-07-29 16:13:54,756 basehttp 28852 27316 "GET /api/learning-paths/recommended/?user_level=beginner HTTP/1.1" 404 35
WARNING 2025-07-29 16:13:54,758 basehttp 28852 32372 "GET /api/learning-paths/recommended/?user_level=beginner HTTP/1.1" 404 35
WARNING 2025-07-29 16:13:54,774 log 28852 32372 Not Found: /api/learning-paths/recommended/
WARNING 2025-07-29 16:13:54,777 basehttp 28852 32372 "GET /api/learning-paths/recommended/?user_level=beginner HTTP/1.1" 404 35
INFO 2025-07-29 16:13:54,778 basehttp 28852 24612 "GET /api/curated/videos/ HTTP/1.1" 200 23776
INFO 2025-07-29 16:13:54,794 basehttp 28852 23940 "GET /api/learning-paths/ HTTP/1.1" 200 769
INFO 2025-07-29 16:13:54,811 basehttp 28852 5948 "GET /api/curated/videos/ HTTP/1.1" 200 23776
WARNING 2025-07-29 16:13:54,821 log 28852 5948 Not Found: /api/learning-paths/recommended/
WARNING 2025-07-29 16:13:54,825 basehttp 28852 5948 "GET /api/learning-paths/recommended/?user_level=beginner HTTP/1.1" 404 35
INFO 2025-07-29 16:13:54,826 basehttp 28852 28440 "GET /api/curated/videos/ HTTP/1.1" 200 23776
INFO 2025-07-29 16:13:54,844 basehttp 28852 27316 "GET /api/learning-paths/ HTTP/1.1" 200 769
INFO 2025-07-29 16:13:54,860 basehttp 28852 32372 "GET /api/curated/videos/ HTTP/1.1" 200 23776
WARNING 2025-07-29 16:13:54,864 log 28852 27316 Not Found: /api/learning-paths/recommended/
INFO 2025-07-29 16:13:54,878 basehttp 28852 23940 "GET /api/learning-paths/ HTTP/1.1" 200 769
INFO 2025-07-29 16:13:54,879 basehttp 28852 24612 "GET /api/curated/videos/ HTTP/1.1" 200 23776
WARNING 2025-07-29 16:13:54,880 basehttp 28852 27316 "GET /api/learning-paths/recommended/?user_level=beginner HTTP/1.1" 404 35
WARNING 2025-07-29 16:13:54,895 log 28852 23940 Not Found: /api/learning-paths/recommended/
INFO 2025-07-29 16:13:54,906 basehttp 28852 28440 "GET /api/learning-paths/ HTTP/1.1" 200 769
INFO 2025-07-29 16:13:54,907 basehttp 28852 5948 "GET /api/curated/videos/ HTTP/1.1" 200 23776
WARNING 2025-07-29 16:13:54,930 basehttp 28852 23940 "GET /api/learning-paths/recommended/?user_level=beginner HTTP/1.1" 404 35
WARNING 2025-07-29 16:13:54,940 log 28852 28440 Not Found: /api/learning-paths/recommended/
INFO 2025-07-29 16:13:54,946 basehttp 28852 32372 "GET /api/curated/videos/ HTTP/1.1" 200 23776
WARNING 2025-07-29 16:13:54,947 basehttp 28852 28440 "GET /api/learning-paths/recommended/?user_level=beginner HTTP/1.1" 404 35
INFO 2025-07-29 16:13:54,968 basehttp 28852 27316 "GET /api/learning-paths/ HTTP/1.1" 200 769
INFO 2025-07-29 16:13:55,000 basehttp 28852 23940 "GET /api/learning-paths/ HTTP/1.1" 200 769
INFO 2025-07-29 16:13:55,033 basehttp 28852 24612 "GET /api/curated/videos/ HTTP/1.1" 200 23776
INFO 2025-07-29 16:13:55,035 basehttp 28852 28440 "GET /api/curated/videos/ HTTP/1.1" 200 23776
INFO 2025-07-29 16:13:55,036 basehttp 28852 32372 "GET /api/curated/videos/ HTTP/1.1" 200 23776
INFO 2025-07-29 16:13:55,052 basehttp 28852 27316 "GET /api/learning-paths/ HTTP/1.1" 200 769
INFO 2025-07-29 16:13:55,052 basehttp 28852 5948 "GET /api/curated/videos/ HTTP/1.1" 200 23776
WARNING 2025-07-29 16:13:55,057 log 28852 23940 Not Found: /api/learning-paths/recommended/
WARNING 2025-07-29 16:13:55,096 log 28852 32372 Not Found: /api/learning-paths/recommended/
WARNING 2025-07-29 16:13:55,108 basehttp 28852 23940 "GET /api/learning-paths/recommended/?user_level=beginner HTTP/1.1" 404 35
WARNING 2025-07-29 16:13:55,118 basehttp 28852 32372 "GET /api/learning-paths/recommended/?user_level=beginner HTTP/1.1" 404 35
INFO 2025-07-29 16:13:55,144 basehttp 28852 28440 "GET /api/learning-paths/ HTTP/1.1" 200 769
INFO 2025-07-29 16:13:55,156 basehttp 28852 27316 "GET /api/learning-paths/ HTTP/1.1" 200 769
INFO 2025-07-29 16:13:55,169 basehttp 28852 5948 "GET /api/curated/videos/ HTTP/1.1" 200 23776
WARNING 2025-07-29 16:13:55,174 log 28852 27316 Not Found: /api/learning-paths/recommended/
WARNING 2025-07-29 16:13:55,189 basehttp 28852 27316 "GET /api/learning-paths/recommended/?user_level=beginner HTTP/1.1" 404 35
INFO 2025-07-29 16:13:55,190 basehttp 28852 24612 "GET /api/curated/videos/ HTTP/1.1" 200 23776
INFO 2025-07-29 16:13:55,210 basehttp 28852 32372 "GET /api/curated/videos/ HTTP/1.1" 200 23776
INFO 2025-07-29 16:13:55,211 basehttp 28852 23940 "GET /api/learning-paths/ HTTP/1.1" 200 769
INFO 2025-07-29 16:13:55,226 basehttp 28852 28440 "GET /api/learning-paths/ HTTP/1.1" 200 769
WARNING 2025-07-29 16:13:55,245 log 28852 23940 Not Found: /api/learning-paths/recommended/
INFO 2025-07-29 16:13:55,252 basehttp 28852 5948 "GET /api/curated/videos/ HTTP/1.1" 200 23776
INFO 2025-07-29 16:13:55,257 basehttp 28852 27316 "GET /api/learning-paths/ HTTP/1.1" 200 769
WARNING 2025-07-29 16:13:55,257 basehttp 28852 23940 "GET /api/learning-paths/recommended/?user_level=beginner HTTP/1.1" 404 35
INFO 2025-07-29 16:13:55,279 basehttp 28852 24612 "GET /api/curated/videos/ HTTP/1.1" 200 23776
INFO 2025-07-29 16:13:55,293 basehttp 28852 32372 "GET /api/learning-paths/ HTTP/1.1" 200 769
INFO 2025-07-29 16:13:55,317 basehttp 28852 28440 "GET /api/curated/videos/ HTTP/1.1" 200 23776
INFO 2025-07-29 16:13:55,331 basehttp 28852 5948 "GET /api/curated/videos/ HTTP/1.1" 200 23776
INFO 2025-07-29 16:13:55,345 basehttp 28852 23940 "GET /api/learning-paths/ HTTP/1.1" 200 769
INFO 2025-07-29 16:13:55,345 basehttp 28852 27316 "GET /api/curated/videos/ HTTP/1.1" 200 23776
WARNING 2025-07-29 16:13:55,360 log 28852 27316 Not Found: /api/learning-paths/recommended/
WARNING 2025-07-29 16:13:55,362 basehttp 28852 27316 "GET /api/learning-paths/recommended/?user_level=beginner HTTP/1.1" 404 35
INFO 2025-07-29 16:13:55,363 basehttp 28852 32372 "GET /api/learning-paths/ HTTP/1.1" 200 769
INFO 2025-07-29 16:13:55,383 basehttp 28852 28440 "GET /api/curated/videos/ HTTP/1.1" 200 23776
INFO 2025-07-29 16:13:55,401 basehttp 28852 5948 "GET /api/curated/videos/ HTTP/1.1" 200 23776
INFO 2025-07-29 16:13:55,428 basehttp 28852 23940 "GET /api/learning-paths/ HTTP/1.1" 200 769
INFO 2025-07-29 16:13:55,432 basehttp 28852 24612 "GET /api/curated/videos/ HTTP/1.1" 200 23776
INFO 2025-07-29 16:13:55,457 basehttp 28852 32372 "GET /api/curated/videos/ HTTP/1.1" 200 23776
INFO 2025-07-29 16:13:55,457 basehttp 28852 27316 "GET /api/learning-paths/ HTTP/1.1" 200 769
INFO 2025-07-29 16:13:55,473 basehttp 28852 28440 "GET /api/curated/videos/ HTTP/1.1" 200 23776
INFO 2025-07-29 16:13:55,488 basehttp 28852 5948 "GET /api/curated/videos/ HTTP/1.1" 200 23776
INFO 2025-07-29 16:13:55,514 basehttp 28852 24612 "GET /api/learning-paths/ HTTP/1.1" 200 769
INFO 2025-07-29 16:13:55,516 basehttp 28852 23940 "GET /api/learning-paths/ HTTP/1.1" 200 769
WARNING 2025-07-29 16:13:55,552 log 28852 23940 Not Found: /api/learning-paths/recommended/
INFO 2025-07-29 16:13:55,553 basehttp 28852 32372 "GET /api/curated/videos/ HTTP/1.1" 200 23776
INFO 2025-07-29 16:13:55,554 basehttp 28852 27316 "GET /api/learning-paths/ HTTP/1.1" 200 769
WARNING 2025-07-29 16:13:55,557 basehttp 28852 23940 "GET /api/learning-paths/recommended/?user_level=beginner HTTP/1.1" 404 35
INFO 2025-07-29 16:13:55,579 basehttp 28852 5948 "GET /api/curated/videos/ HTTP/1.1" 200 23776
WARNING 2025-07-29 16:13:55,581 log 28852 23940 Not Found: /api/learning-paths/recommended/
WARNING 2025-07-29 16:13:55,589 basehttp 28852 23940 "GET /api/learning-paths/recommended/?user_level=beginner HTTP/1.1" 404 35
INFO 2025-07-29 16:13:55,594 basehttp 28852 24612 "GET /api/learning-paths/ HTTP/1.1" 200 769
WARNING 2025-07-29 16:13:55,619 log 28852 24612 Not Found: /api/learning-paths/recommended/
WARNING 2025-07-29 16:13:55,649 basehttp 28852 24612 "GET /api/learning-paths/recommended/?user_level=beginner HTTP/1.1" 404 35
INFO 2025-07-29 16:13:55,650 basehttp 28852 28440 "GET /api/curated/videos/ HTTP/1.1" 200 23776
INFO 2025-07-29 16:13:55,652 basehttp 28852 27316 "GET /api/learning-paths/ HTTP/1.1" 200 769
INFO 2025-07-29 16:13:55,653 basehttp 28852 32372 "GET /api/curated/videos/ HTTP/1.1" 200 23776
INFO 2025-07-29 16:13:55,672 basehttp 28852 5948 "GET /api/curated/videos/ HTTP/1.1" 200 23776
INFO 2025-07-29 16:13:55,674 basehttp 28852 23940 "GET /api/learning-paths/ HTTP/1.1" 200 769
WARNING 2025-07-29 16:13:55,774 log 28852 28440 Not Found: /api/learning-paths/recommended/
INFO 2025-07-29 16:13:55,796 basehttp 28852 24612 "GET /api/curated/videos/ HTTP/1.1" 200 23776
WARNING 2025-07-29 16:13:55,808 log 28852 5948 Not Found: /api/learning-paths/recommended/
WARNING 2025-07-29 16:13:55,811 basehttp 28852 28440 "GET /api/learning-paths/recommended/?user_level=beginner HTTP/1.1" 404 35
WARNING 2025-07-29 16:13:55,820 basehttp 28852 5948 "GET /api/learning-paths/recommended/?user_level=beginner HTTP/1.1" 404 35
INFO 2025-07-29 16:13:55,836 basehttp 28852 32372 "GET /api/learning-paths/ HTTP/1.1" 200 769
INFO 2025-07-29 16:13:55,843 basehttp 28852 27316 "GET /api/curated/videos/ HTTP/1.1" 200 23776
INFO 2025-07-29 16:13:55,894 basehttp 28852 28440 "GET /api/curated/videos/ HTTP/1.1" 200 23776
INFO 2025-07-29 16:13:55,894 basehttp 28852 24612 "GET /api/learning-paths/ HTTP/1.1" 200 769
INFO 2025-07-29 16:13:55,920 basehttp 28852 32372 "GET /api/learning-paths/ HTTP/1.1" 200 769
INFO 2025-07-29 16:13:55,921 basehttp 28852 23940 "GET /api/curated/videos/ HTTP/1.1" 200 23776
INFO 2025-07-29 16:13:55,921 basehttp 28852 5948 "GET /api/curated/videos/ HTTP/1.1" 200 23776
WARNING 2025-07-29 16:13:55,947 log 28852 23940 Not Found: /api/learning-paths/recommended/
WARNING 2025-07-29 16:13:55,950 basehttp 28852 23940 "GET /api/learning-paths/recommended/?user_level=beginner HTTP/1.1" 404 35
WARNING 2025-07-29 16:13:55,961 log 28852 23940 Not Found: /api/learning-paths/recommended/
WARNING 2025-07-29 16:13:55,964 basehttp 28852 23940 "GET /api/learning-paths/recommended/?user_level=beginner HTTP/1.1" 404 35
INFO 2025-07-29 16:13:55,978 basehttp 28852 24612 "GET /api/learning-paths/ HTTP/1.1" 200 769
INFO 2025-07-29 16:13:55,980 basehttp 28852 27316 "GET /api/curated/videos/ HTTP/1.1" 200 23776
INFO 2025-07-29 16:13:55,980 basehttp 28852 28440 "GET /api/curated/videos/ HTTP/1.1" 200 23776
INFO 2025-07-29 16:13:56,007 basehttp 28852 32372 "GET /api/curated/videos/ HTTP/1.1" 200 23776
INFO 2025-07-29 16:13:56,031 basehttp 28852 5948 "GET /api/learning-paths/ HTTP/1.1" 200 769
WARNING 2025-07-29 16:13:56,044 log 28852 24612 Not Found: /api/learning-paths/recommended/
WARNING 2025-07-29 16:13:56,048 basehttp 28852 24612 "GET /api/learning-paths/recommended/?user_level=beginner HTTP/1.1" 404 35
WARNING 2025-07-29 16:13:56,071 log 28852 5948 Not Found: /api/learning-paths/recommended/
WARNING 2025-07-29 16:13:56,075 basehttp 28852 5948 "GET /api/learning-paths/recommended/?user_level=beginner HTTP/1.1" 404 35
INFO 2025-07-29 16:13:56,098 basehttp 28852 27316 "GET /api/curated/videos/ HTTP/1.1" 200 23776
INFO 2025-07-29 16:13:56,102 basehttp 28852 28440 "GET /api/learning-paths/ HTTP/1.1" 200 769
INFO 2025-07-29 16:13:56,124 basehttp 28852 32372 "GET /api/learning-paths/ HTTP/1.1" 200 769
INFO 2025-07-29 16:13:56,164 basehttp 28852 24612 "GET /api/curated/videos/ HTTP/1.1" 200 23776
INFO 2025-07-29 16:13:56,168 basehttp 28852 23940 "GET /api/curated/videos/ HTTP/1.1" 200 23776
WARNING 2025-07-29 16:13:56,180 log 28852 28440 Not Found: /api/learning-paths/recommended/
WARNING 2025-07-29 16:13:56,204 basehttp 28852 28440 "GET /api/learning-paths/recommended/?user_level=beginner HTTP/1.1" 404 35
INFO 2025-07-29 16:13:56,240 basehttp 28852 5948 "GET /api/curated/videos/ HTTP/1.1" 200 23776
INFO 2025-07-29 16:13:56,240 basehttp 28852 27316 "GET /api/learning-paths/ HTTP/1.1" 200 769
INFO 2025-07-29 16:13:56,241 basehttp 28852 32372 "GET /api/curated/videos/ HTTP/1.1" 200 23776
WARNING 2025-07-29 16:13:56,270 log 28852 23940 Not Found: /api/learning-paths/recommended/
INFO 2025-07-29 16:13:56,285 basehttp 28852 24612 "GET /api/learning-paths/ HTTP/1.1" 200 769
INFO 2025-07-29 16:13:56,297 basehttp 28852 28440 "GET /api/curated/videos/ HTTP/1.1" 200 23776
WARNING 2025-07-29 16:13:56,298 basehttp 28852 23940 "GET /api/learning-paths/recommended/?user_level=beginner HTTP/1.1" 404 35
WARNING 2025-07-29 16:13:56,326 log 28852 24612 Not Found: /api/learning-paths/recommended/
INFO 2025-07-29 16:13:56,339 basehttp 28852 5948 "GET /api/curated/videos/ HTTP/1.1" 200 23776
INFO 2025-07-29 16:13:56,343 basehttp 28852 27316 "GET /api/learning-paths/ HTTP/1.1" 200 769
WARNING 2025-07-29 16:13:56,351 basehttp 28852 24612 "GET /api/learning-paths/recommended/?user_level=beginner HTTP/1.1" 404 35
INFO 2025-07-29 16:13:56,364 basehttp 28852 32372 "GET /api/learning-paths/ HTTP/1.1" 200 769
WARNING 2025-07-29 16:13:56,374 log 28852 5948 Not Found: /api/learning-paths/recommended/
INFO 2025-07-29 16:13:56,398 basehttp 28852 28440 "GET /api/curated/videos/ HTTP/1.1" 200 23776
INFO 2025-07-29 16:13:56,406 basehttp 28852 23940 "GET /api/curated/videos/ HTTP/1.1" 200 23776
WARNING 2025-07-29 16:13:56,407 basehttp 28852 5948 "GET /api/learning-paths/recommended/?user_level=beginner HTTP/1.1" 404 35
WARNING 2025-07-29 16:13:56,420 log 28852 32372 Not Found: /api/learning-paths/recommended/
INFO 2025-07-29 16:13:56,430 basehttp 28852 27316 "GET /api/curated/videos/ HTTP/1.1" 200 23776
INFO 2025-07-29 16:13:56,457 basehttp 28852 24612 "GET /api/learning-paths/ HTTP/1.1" 200 769
WARNING 2025-07-29 16:13:56,468 log 28852 5948 Not Found: /api/learning-paths/recommended/
WARNING 2025-07-29 16:13:56,470 basehttp 28852 32372 "GET /api/learning-paths/recommended/?user_level=beginner HTTP/1.1" 404 35
WARNING 2025-07-29 16:13:56,497 basehttp 28852 5948 "GET /api/learning-paths/recommended/?user_level=beginner HTTP/1.1" 404 35
INFO 2025-07-29 16:13:56,505 basehttp 28852 28440 "GET /api/curated/videos/ HTTP/1.1" 200 23776
WARNING 2025-07-29 16:13:56,508 log 28852 32372 Not Found: /api/learning-paths/recommended/
INFO 2025-07-29 16:13:56,512 basehttp 28852 23940 "GET /api/learning-paths/ HTTP/1.1" 200 769
INFO 2025-07-29 16:13:56,554 basehttp 28852 24612 "GET /api/learning-paths/ HTTP/1.1" 200 769
WARNING 2025-07-29 16:13:56,564 basehttp 28852 32372 "GET /api/learning-paths/recommended/?user_level=beginner HTTP/1.1" 404 35
WARNING 2025-07-29 16:13:56,603 log 28852 32372 Not Found: /api/learning-paths/recommended/
WARNING 2025-07-29 16:13:56,606 basehttp 28852 32372 "GET /api/learning-paths/recommended/?user_level=beginner HTTP/1.1" 404 35
INFO 2025-07-29 16:13:56,615 basehttp 28852 28440 "GET /api/curated/videos/ HTTP/1.1" 200 23776
INFO 2025-07-29 16:13:56,642 basehttp 28852 27316 "GET /api/curated/videos/ HTTP/1.1" 200 23776
INFO 2025-07-29 16:13:56,653 basehttp 28852 5948 "GET /api/curated/videos/ HTTP/1.1" 200 23776
WARNING 2025-07-29 16:13:56,657 log 28852 27316 Not Found: /api/learning-paths/recommended/
INFO 2025-07-29 16:13:56,657 basehttp 28852 23940 "GET /api/curated/videos/ HTTP/1.1" 200 23776
INFO 2025-07-29 16:13:56,658 basehttp 28852 24612 "GET /api/learning-paths/ HTTP/1.1" 200 769
WARNING 2025-07-29 16:13:56,675 basehttp 28852 27316 "GET /api/learning-paths/recommended/?user_level=beginner HTTP/1.1" 404 35
INFO 2025-07-29 16:13:56,694 basehttp 28852 32372 "GET /api/curated/videos/ HTTP/1.1" 200 23776
INFO 2025-07-29 16:13:56,712 basehttp 28852 28440 "GET /api/learning-paths/ HTTP/1.1" 200 769
INFO 2025-07-29 16:13:56,742 basehttp 28852 5948 "GET /api/curated/videos/ HTTP/1.1" 200 23776
INFO 2025-07-29 16:13:56,744 basehttp 28852 23940 "GET /api/learning-paths/ HTTP/1.1" 200 769
INFO 2025-07-29 16:13:56,758 basehttp 28852 24612 "GET /api/curated/videos/ HTTP/1.1" 200 23776
INFO 2025-07-29 16:13:56,764 basehttp 28852 27316 "GET /api/learning-paths/ HTTP/1.1" 200 769
WARNING 2025-07-29 16:13:56,783 log 28852 5948 Not Found: /api/learning-paths/recommended/
WARNING 2025-07-29 16:13:56,809 basehttp 28852 5948 "GET /api/learning-paths/recommended/?user_level=beginner HTTP/1.1" 404 35
INFO 2025-07-29 16:13:56,810 basehttp 28852 32372 "GET /api/curated/videos/ HTTP/1.1" 200 23776
INFO 2025-07-29 16:13:56,811 basehttp 28852 28440 "GET /api/learning-paths/ HTTP/1.1" 200 769
INFO 2025-07-29 16:13:56,857 basehttp 28852 23940 "GET /api/curated/videos/ HTTP/1.1" 200 23776
INFO 2025-07-29 16:13:56,858 basehttp 28852 24612 "GET /api/learning-paths/ HTTP/1.1" 200 769
INFO 2025-07-29 16:13:56,872 basehttp 28852 27316 "GET /api/learning-paths/ HTTP/1.1" 200 769
INFO 2025-07-29 16:13:56,904 basehttp 28852 28440 "GET /api/learning-paths/ HTTP/1.1" 200 769
INFO 2025-07-29 16:13:56,922 basehttp 28852 5948 "GET /api/curated/videos/ HTTP/1.1" 200 23776
INFO 2025-07-29 16:13:56,926 basehttp 28852 32372 "GET /api/curated/videos/ HTTP/1.1" 200 23776
INFO 2025-07-29 16:13:56,927 basehttp 28852 23940 "GET /api/learning-paths/ HTTP/1.1" 200 769
WARNING 2025-07-29 16:13:56,936 log 28852 28440 Not Found: /api/learning-paths/recommended/
INFO 2025-07-29 16:13:56,960 basehttp 28852 27316 "GET /api/learning-paths/ HTTP/1.1" 200 769
WARNING 2025-07-29 16:13:56,977 basehttp 28852 28440 "GET /api/learning-paths/recommended/?user_level=beginner HTTP/1.1" 404 35
INFO 2025-07-29 16:13:56,999 basehttp 28852 24612 "GET /api/curated/videos/ HTTP/1.1" 200 23776
INFO 2025-07-29 16:13:57,009 basehttp 28852 5948 "GET /api/curated/videos/ HTTP/1.1" 200 23776
WARNING 2025-07-29 16:13:57,026 log 28852 28440 Not Found: /api/learning-paths/recommended/
INFO 2025-07-29 16:13:57,056 basehttp 28852 32372 "GET /api/learning-paths/ HTTP/1.1" 200 769
INFO 2025-07-29 16:13:57,059 basehttp 28852 27316 "GET /api/learning-paths/ HTTP/1.1" 200 769
INFO 2025-07-29 16:13:57,060 basehttp 28852 23940 "GET /api/curated/videos/ HTTP/1.1" 200 23776
WARNING 2025-07-29 16:13:57,061 basehttp 28852 28440 "GET /api/learning-paths/recommended/?user_level=beginner HTTP/1.1" 404 35
INFO 2025-07-29 16:13:57,100 basehttp 28852 24612 "GET /api/curated/videos/ HTTP/1.1" 200 23776
INFO 2025-07-29 16:13:57,125 basehttp 28852 5948 "GET /api/curated/videos/ HTTP/1.1" 200 23776
INFO 2025-07-29 16:13:57,148 basehttp 28852 27316 "GET /api/learning-paths/ HTTP/1.1" 200 769
INFO 2025-07-29 16:13:57,160 basehttp 28852 32372 "GET /api/learning-paths/ HTTP/1.1" 200 769
INFO 2025-07-29 16:13:57,172 basehttp 28852 24612 "GET /api/curated/videos/ HTTP/1.1" 200 23776
INFO 2025-07-29 16:13:57,184 basehttp 28852 28440 "GET /api/curated/videos/ HTTP/1.1" 200 23776
WARNING 2025-07-29 16:13:57,198 log 28852 27316 Not Found: /api/learning-paths/recommended/
INFO 2025-07-29 16:13:57,224 basehttp 28852 5948 "GET /api/learning-paths/ HTTP/1.1" 200 769
INFO 2025-07-29 16:13:57,225 basehttp 28852 23940 "GET /api/curated/videos/ HTTP/1.1" 200 23776
WARNING 2025-07-29 16:13:57,234 basehttp 28852 27316 "GET /api/learning-paths/recommended/?user_level=beginner HTTP/1.1" 404 35
WARNING 2025-07-29 16:13:57,243 log 28852 28440 Not Found: /api/learning-paths/recommended/
INFO 2025-07-29 16:13:57,269 basehttp 28852 32372 "GET /api/curated/videos/ HTTP/1.1" 200 23776
WARNING 2025-07-29 16:13:57,272 basehttp 28852 28440 "GET /api/learning-paths/recommended/?user_level=beginner HTTP/1.1" 404 35
INFO 2025-07-29 16:13:57,285 basehttp 28852 24612 "GET /api/learning-paths/ HTTP/1.1" 200 769
WARNING 2025-07-29 16:13:57,289 log 28852 27316 Not Found: /api/learning-paths/recommended/
WARNING 2025-07-29 16:13:57,301 basehttp 28852 27316 "GET /api/learning-paths/recommended/?user_level=beginner HTTP/1.1" 404 35
INFO 2025-07-29 16:13:57,316 basehttp 28852 5948 "GET /api/curated/videos/ HTTP/1.1" 200 23776
INFO 2025-07-29 16:13:57,331 basehttp 28852 23940 "GET /api/learning-paths/ HTTP/1.1" 200 769
WARNING 2025-07-29 16:13:57,351 log 28852 27316 Not Found: /api/learning-paths/recommended/
INFO 2025-07-29 16:13:57,372 basehttp 28852 28440 "GET /api/curated/videos/ HTTP/1.1" 200 23776
INFO 2025-07-29 16:13:57,372 basehttp 28852 32372 "GET /api/curated/videos/ HTTP/1.1" 200 23776
WARNING 2025-07-29 16:13:57,374 basehttp 28852 27316 "GET /api/learning-paths/recommended/?user_level=beginner HTTP/1.1" 404 35
INFO 2025-07-29 16:13:57,400 basehttp 28852 24612 "GET /api/learning-paths/ HTTP/1.1" 200 769
WARNING 2025-07-29 16:13:57,412 log 28852 24612 Not Found: /api/learning-paths/recommended/
WARNING 2025-07-29 16:13:57,422 basehttp 28852 24612 "GET /api/learning-paths/recommended/?user_level=beginner HTTP/1.1" 404 35
INFO 2025-07-29 16:13:57,422 basehttp 28852 23940 "GET /api/learning-paths/ HTTP/1.1" 200 769
INFO 2025-07-29 16:13:57,423 basehttp 28852 5948 "GET /api/curated/videos/ HTTP/1.1" 200 23776
WARNING 2025-07-29 16:13:57,443 log 28852 23940 Not Found: /api/learning-paths/recommended/
WARNING 2025-07-29 16:13:57,445 basehttp 28852 23940 "GET /api/learning-paths/recommended/?user_level=beginner HTTP/1.1" 404 35
INFO 2025-07-29 16:13:57,461 basehttp 28852 28440 "GET /api/curated/videos/ HTTP/1.1" 200 23776
INFO 2025-07-29 16:13:57,473 basehttp 28852 27316 "GET /api/learning-paths/ HTTP/1.1" 200 769
INFO 2025-07-29 16:13:57,475 basehttp 28852 32372 "GET /api/curated/videos/ HTTP/1.1" 200 23776
INFO 2025-07-29 16:13:57,511 basehttp 28852 5948 "GET /api/learning-paths/ HTTP/1.1" 200 769
INFO 2025-07-29 16:13:57,512 basehttp 28852 24612 "GET /api/curated/videos/ HTTP/1.1" 200 23776
INFO 2025-07-29 16:13:57,523 basehttp 28852 23940 "GET /api/curated/videos/ HTTP/1.1" 200 23776
WARNING 2025-07-29 16:13:57,622 log 28852 5948 Not Found: /api/learning-paths/recommended/
WARNING 2025-07-29 16:13:57,630 basehttp 28852 5948 "GET /api/learning-paths/recommended/?user_level=beginner HTTP/1.1" 404 35
INFO 2025-07-29 16:13:57,643 basehttp 28852 28440 "GET /api/learning-paths/ HTTP/1.1" 200 769
INFO 2025-07-29 16:13:57,665 basehttp 28852 27316 "GET /api/curated/videos/ HTTP/1.1" 200 23776
INFO 2025-07-29 16:13:57,670 basehttp 28852 32372 "GET /api/learning-paths/ HTTP/1.1" 200 769
INFO 2025-07-29 16:13:57,690 basehttp 28852 24612 "GET /api/curated/videos/ HTTP/1.1" 200 23776
INFO 2025-07-29 16:13:57,715 basehttp 28852 23940 "GET /api/curated/videos/ HTTP/1.1" 200 23776
WARNING 2025-07-29 16:13:57,741 log 28852 28440 Not Found: /api/learning-paths/recommended/
INFO 2025-07-29 16:13:57,753 basehttp 28852 5948 "GET /api/curated/videos/ HTTP/1.1" 200 23776
INFO 2025-07-29 16:13:57,762 basehttp 28852 32372 "GET /api/curated/videos/ HTTP/1.1" 200 23776
INFO 2025-07-29 16:13:57,778 basehttp 28852 27316 "GET /api/learning-paths/ HTTP/1.1" 200 769
WARNING 2025-07-29 16:13:57,782 log 28852 24612 Not Found: /api/learning-paths/recommended/
WARNING 2025-07-29 16:13:57,797 basehttp 28852 28440 "GET /api/learning-paths/recommended/?user_level=beginner HTTP/1.1" 404 35
INFO 2025-07-29 16:13:57,804 basehttp 28852 23940 "GET /api/curated/videos/ HTTP/1.1" 200 23776
WARNING 2025-07-29 16:13:57,806 basehttp 28852 24612 "GET /api/learning-paths/recommended/?user_level=beginner HTTP/1.1" 404 35
WARNING 2025-07-29 16:13:57,982 log 28852 28440 Not Found: /api/learning-paths/recommended/
INFO 2025-07-29 16:13:57,995 basehttp 28852 5948 "GET /api/learning-paths/ HTTP/1.1" 200 769
INFO 2025-07-29 16:13:57,996 basehttp 28852 23940 "GET /api/learning-paths/ HTTP/1.1" 200 769
INFO 2025-07-29 16:13:58,009 basehttp 28852 27316 "GET /api/learning-paths/ HTTP/1.1" 200 769
INFO 2025-07-29 16:13:58,010 basehttp 28852 32372 "GET /api/curated/videos/ HTTP/1.1" 200 23776
INFO 2025-07-29 16:13:58,017 basehttp 28852 24612 "GET /api/curated/videos/ HTTP/1.1" 200 23776
WARNING 2025-07-29 16:13:58,020 basehttp 28852 28440 "GET /api/learning-paths/recommended/?user_level=beginner HTTP/1.1" 404 35
WARNING 2025-07-29 16:13:58,132 log 28852 5948 Not Found: /api/learning-paths/recommended/
WARNING 2025-07-29 16:13:58,213 basehttp 28852 5948 "GET /api/learning-paths/recommended/?user_level=beginner HTTP/1.1" 404 35
INFO 2025-07-29 16:13:58,235 basehttp 28852 23940 "GET /api/curated/videos/ HTTP/1.1" 200 23776
INFO 2025-07-29 16:13:58,237 basehttp 28852 27316 "GET /api/curated/videos/ HTTP/1.1" 200 23776
INFO 2025-07-29 16:13:58,265 basehttp 28852 32372 "GET /api/curated/videos/ HTTP/1.1" 200 23776
INFO 2025-07-29 16:13:58,266 basehttp 28852 24612 "GET /api/learning-paths/ HTTP/1.1" 200 769
INFO 2025-07-29 16:13:58,280 basehttp 28852 28440 "GET /api/curated/videos/ HTTP/1.1" 200 23776
INFO 2025-07-29 16:13:58,293 basehttp 28852 5948 "GET /api/learning-paths/ HTTP/1.1" 200 769
INFO 2025-07-29 16:13:58,391 basehttp 28852 23940 "GET /api/curated/videos/ HTTP/1.1" 200 23776
INFO 2025-07-29 16:13:58,451 basehttp 28852 27316 "GET /api/curated/videos/ HTTP/1.1" 200 23776
INFO 2025-07-29 16:13:58,463 basehttp 28852 32372 "GET /api/curated/videos/ HTTP/1.1" 200 23776
INFO 2025-07-29 16:13:58,464 basehttp 28852 24612 "GET /api/learning-paths/ HTTP/1.1" 200 769
INFO 2025-07-29 16:13:58,471 basehttp 28852 5948 "GET /api/learning-paths/ HTTP/1.1" 200 769
INFO 2025-07-29 16:13:58,483 basehttp 28852 28440 "GET /api/curated/videos/ HTTP/1.1" 200 23776
INFO 2025-07-29 16:13:58,515 basehttp 28852 23940 "GET /api/curated/videos/ HTTP/1.1" 200 23776
INFO 2025-07-29 16:13:58,571 basehttp 28852 27316 "GET /api/curated/videos/ HTTP/1.1" 200 23776
INFO 2025-07-29 16:13:58,572 basehttp 28852 32372 "GET /api/learning-paths/ HTTP/1.1" 200 769
WARNING 2025-07-29 16:13:58,662 log 28852 24612 Not Found: /api/learning-paths/recommended/
INFO 2025-07-29 16:13:58,679 basehttp 28852 5948 "GET /api/curated/videos/ HTTP/1.1" 200 23776
INFO 2025-07-29 16:13:58,700 basehttp 28852 28440 "GET /api/curated/videos/ HTTP/1.1" 200 23776
INFO 2025-07-29 16:13:58,724 basehttp 28852 23940 "GET /api/learning-paths/ HTTP/1.1" 200 769
WARNING 2025-07-29 16:13:58,837 basehttp 28852 24612 "GET /api/learning-paths/recommended/?user_level=beginner HTTP/1.1" 404 35
INFO 2025-07-29 16:13:58,838 basehttp 28852 27316 "GET /api/learning-paths/ HTTP/1.1" 200 769
INFO 2025-07-29 16:13:58,854 basehttp 28852 32372 "GET /api/learning-paths/ HTTP/1.1" 200 769
INFO 2025-07-29 16:13:59,028 basehttp 28852 28440 "GET /api/curated/videos/ HTTP/1.1" 200 23776
INFO 2025-07-29 16:13:59,068 basehttp 28852 23940 "GET /api/curated/videos/ HTTP/1.1" 200 23776
WARNING 2025-07-29 16:13:59,083 log 28852 5948 Not Found: /api/learning-paths/recommended/
INFO 2025-07-29 16:13:59,138 basehttp 28852 24612 "GET /api/curated/videos/ HTTP/1.1" 200 23776
WARNING 2025-07-29 16:13:59,160 basehttp 28852 5948 "GET /api/learning-paths/recommended/?user_level=beginner HTTP/1.1" 404 35
INFO 2025-07-29 16:13:59,232 basehttp 28852 32372 "GET /api/learning-paths/ HTTP/1.1" 200 769
INFO 2025-07-29 16:13:59,233 basehttp 28852 27316 "GET /api/curated/videos/ HTTP/1.1" 200 23776
WARNING 2025-07-29 16:13:59,236 log 28852 24612 Not Found: /api/learning-paths/recommended/
INFO 2025-07-29 16:13:59,238 basehttp 28852 28440 "GET /api/curated/videos/ HTTP/1.1" 200 23776
WARNING 2025-07-29 16:13:59,263 basehttp 28852 24612 "GET /api/learning-paths/recommended/?user_level=beginner HTTP/1.1" 404 35
INFO 2025-07-29 16:13:59,281 basehttp 28852 23940 "GET /api/learning-paths/ HTTP/1.1" 200 769
INFO 2025-07-29 16:13:59,302 basehttp 28852 5948 "GET /api/curated/videos/ HTTP/1.1" 200 23776
INFO 2025-07-29 16:13:59,320 basehttp 28852 32372 "GET /api/curated/videos/ HTTP/1.1" 200 23776
WARNING 2025-07-29 16:13:59,324 log 28852 5948 Not Found: /api/learning-paths/recommended/
INFO 2025-07-29 16:13:59,325 basehttp 28852 27316 "GET /api/curated/videos/ HTTP/1.1" 200 23776
INFO 2025-07-29 16:13:59,332 basehttp 28852 28440 "GET /api/learning-paths/ HTTP/1.1" 200 769
WARNING 2025-07-29 16:13:59,333 basehttp 28852 5948 "GET /api/learning-paths/recommended/?user_level=beginner HTTP/1.1" 404 35
INFO 2025-07-29 16:13:59,359 basehttp 28852 23940 "GET /api/learning-paths/ HTTP/1.1" 200 769
INFO 2025-07-29 16:13:59,394 basehttp 28852 24612 "GET /api/curated/videos/ HTTP/1.1" 200 23776
INFO 2025-07-29 16:13:59,418 basehttp 28852 28440 "GET /api/curated/videos/ HTTP/1.1" 200 23776
INFO 2025-07-29 16:13:59,420 basehttp 28852 27316 "GET /api/learning-paths/ HTTP/1.1" 200 769
INFO 2025-07-29 16:13:59,461 basehttp 28852 23940 "GET /api/curated/videos/ HTTP/1.1" 200 23776
INFO 2025-07-29 16:13:59,467 basehttp 28852 32372 "GET /api/curated/videos/ HTTP/1.1" 200 23776
INFO 2025-07-29 16:13:59,480 basehttp 28852 5948 "GET /api/curated/videos/ HTTP/1.1" 200 23776
INFO 2025-07-29 16:13:59,481 basehttp 28852 24612 "GET /api/learning-paths/ HTTP/1.1" 200 769
WARNING 2025-07-29 16:13:59,484 log 28852 28440 Not Found: /api/learning-paths/recommended/
INFO 2025-07-29 16:13:59,528 basehttp 28852 27316 "GET /api/curated/videos/ HTTP/1.1" 200 23776
WARNING 2025-07-29 16:13:59,557 log 28852 24612 Not Found: /api/learning-paths/recommended/
WARNING 2025-07-29 16:13:59,560 basehttp 28852 28440 "GET /api/learning-paths/recommended/?user_level=beginner HTTP/1.1" 404 35
INFO 2025-07-29 16:13:59,561 basehttp 28852 23940 "GET /api/learning-paths/ HTTP/1.1" 200 769
WARNING 2025-07-29 16:13:59,565 basehttp 28852 24612 "GET /api/learning-paths/recommended/?user_level=beginner HTTP/1.1" 404 35
INFO 2025-07-29 16:13:59,578 basehttp 28852 32372 "GET /api/learning-paths/ HTTP/1.1" 200 769
WARNING 2025-07-29 16:13:59,608 log 28852 32372 Not Found: /api/learning-paths/recommended/
INFO 2025-07-29 16:13:59,608 basehttp 28852 5948 "GET /api/learning-paths/ HTTP/1.1" 200 769
WARNING 2025-07-29 16:13:59,610 basehttp 28852 32372 "GET /api/learning-paths/recommended/?user_level=beginner HTTP/1.1" 404 35
INFO 2025-07-29 16:13:59,661 basehttp 28852 27316 "GET /api/curated/videos/ HTTP/1.1" 200 23776
INFO 2025-07-29 16:13:59,662 basehttp 28852 24612 "GET /api/learning-paths/ HTTP/1.1" 200 769
INFO 2025-07-29 16:13:59,662 basehttp 28852 28440 "GET /api/learning-paths/ HTTP/1.1" 200 769
INFO 2025-07-29 16:13:59,716 basehttp 28852 23940 "GET /api/curated/videos/ HTTP/1.1" 200 23776
INFO 2025-07-29 16:13:59,737 basehttp 28852 24612 "GET /api/learning-paths/ HTTP/1.1" 200 769
INFO 2025-07-29 16:13:59,737 basehttp 28852 32372 "GET /api/curated/videos/ HTTP/1.1" 200 23776
INFO 2025-07-29 16:13:59,761 basehttp 28852 27316 "GET /api/curated/videos/ HTTP/1.1" 200 23776
INFO 2025-07-29 16:13:59,776 basehttp 28852 28440 "GET /api/curated/videos/ HTTP/1.1" 200 23776
INFO 2025-07-29 16:13:59,777 basehttp 28852 5948 "GET /api/curated/videos/ HTTP/1.1" 200 23776
WARNING 2025-07-29 16:13:59,793 log 28852 32372 Not Found: /api/learning-paths/recommended/
INFO 2025-07-29 16:13:59,795 basehttp 28852 23940 "GET /api/learning-paths/ HTTP/1.1" 200 769
WARNING 2025-07-29 16:13:59,811 basehttp 28852 32372 "GET /api/learning-paths/recommended/?user_level=beginner HTTP/1.1" 404 35
INFO 2025-07-29 16:13:59,818 basehttp 28852 24612 "GET /api/curated/videos/ HTTP/1.1" 200 23776
WARNING 2025-07-29 16:13:59,826 log 28852 5948 Not Found: /api/learning-paths/recommended/
WARNING 2025-07-29 16:13:59,841 basehttp 28852 5948 "GET /api/learning-paths/recommended/?user_level=beginner HTTP/1.1" 404 35
INFO 2025-07-29 16:13:59,859 basehttp 28852 27316 "GET /api/learning-paths/ HTTP/1.1" 200 769
WARNING 2025-07-29 16:13:59,870 log 28852 32372 Not Found: /api/learning-paths/recommended/
WARNING 2025-07-29 16:13:59,876 log 28852 23940 Not Found: /api/learning-paths/recommended/
INFO 2025-07-29 16:13:59,877 basehttp 28852 28440 "GET /api/curated/videos/ HTTP/1.1" 200 23776
WARNING 2025-07-29 16:13:59,894 basehttp 28852 32372 "GET /api/learning-paths/recommended/?user_level=beginner HTTP/1.1" 404 35
INFO 2025-07-29 16:13:59,904 basehttp 28852 24612 "GET /api/curated/videos/ HTTP/1.1" 200 23776
WARNING 2025-07-29 16:13:59,925 basehttp 28852 23940 "GET /api/learning-paths/recommended/?user_level=beginner HTTP/1.1" 404 35
INFO 2025-07-29 16:13:59,938 basehttp 28852 5948 "GET /api/curated/videos/ HTTP/1.1" 200 23776
WARNING 2025-07-29 16:13:59,944 log 28852 32372 Not Found: /api/learning-paths/recommended/
INFO 2025-07-29 16:13:59,957 basehttp 28852 27316 "GET /api/curated/videos/ HTTP/1.1" 200 23776
INFO 2025-07-29 16:13:59,988 basehttp 28852 28440 "GET /api/learning-paths/ HTTP/1.1" 200 769
WARNING 2025-07-29 16:13:59,998 basehttp 28852 32372 "GET /api/learning-paths/recommended/?user_level=beginner HTTP/1.1" 404 35
INFO 2025-07-29 16:14:00,022 basehttp 28852 23940 "GET /api/learning-paths/ HTTP/1.1" 200 769
WARNING 2025-07-29 16:14:00,024 log 28852 28440 Not Found: /api/learning-paths/recommended/
INFO 2025-07-29 16:14:00,039 basehttp 28852 24612 "GET /api/curated/videos/ HTTP/1.1" 200 23776
INFO 2025-07-29 16:14:00,040 basehttp 28852 5948 "GET /api/learning-paths/ HTTP/1.1" 200 769
WARNING 2025-07-29 16:14:00,041 basehttp 28852 28440 "GET /api/learning-paths/recommended/?user_level=beginner HTTP/1.1" 404 35
INFO 2025-07-29 16:14:00,083 basehttp 28852 27316 "GET /api/curated/videos/ HTTP/1.1" 200 23776
INFO 2025-07-29 16:14:00,084 basehttp 28852 32372 "GET /api/learning-paths/ HTTP/1.1" 200 769
INFO 2025-07-29 16:14:00,120 basehttp 28852 23940 "GET /api/curated/videos/ HTTP/1.1" 200 23776
WARNING 2025-07-29 16:14:00,133 log 28852 27316 Not Found: /api/learning-paths/recommended/
INFO 2025-07-29 16:14:00,134 basehttp 28852 5948 "GET /api/learning-paths/ HTTP/1.1" 200 769
INFO 2025-07-29 16:14:00,145 basehttp 28852 24612 "GET /api/curated/videos/ HTTP/1.1" 200 23776
WARNING 2025-07-29 16:14:00,151 basehttp 28852 27316 "GET /api/learning-paths/recommended/?user_level=beginner HTTP/1.1" 404 35
INFO 2025-07-29 16:14:00,212 basehttp 28852 32372 "GET /api/curated/videos/ HTTP/1.1" 200 23776
INFO 2025-07-29 16:14:00,217 basehttp 28852 23940 "GET /api/learning-paths/ HTTP/1.1" 200 769
INFO 2025-07-29 16:14:00,250 basehttp 28852 28440 "GET /api/curated/videos/ HTTP/1.1" 200 23776
INFO 2025-07-29 16:14:00,250 basehttp 28852 24612 "GET /api/curated/videos/ HTTP/1.1" 200 23776
INFO 2025-07-29 16:14:00,276 basehttp 28852 5948 "GET /api/curated/videos/ HTTP/1.1" 200 23776
INFO 2025-07-29 16:14:00,301 basehttp 28852 27316 "GET /api/curated/videos/ HTTP/1.1" 200 23776
INFO 2025-07-29 16:14:00,306 basehttp 28852 32372 "GET /api/learning-paths/ HTTP/1.1" 200 769
INFO 2025-07-29 16:14:00,314 basehttp 28852 23940 "GET /api/curated/videos/ HTTP/1.1" 200 23776
INFO 2025-07-29 16:14:00,339 basehttp 28852 28440 "GET /api/learning-paths/ HTTP/1.1" 200 769
WARNING 2025-07-29 16:14:00,342 log 28852 32372 Not Found: /api/learning-paths/recommended/
WARNING 2025-07-29 16:14:00,356 basehttp 28852 32372 "GET /api/learning-paths/recommended/?user_level=beginner HTTP/1.1" 404 35
INFO 2025-07-29 16:14:00,378 basehttp 28852 5948 "GET /api/curated/videos/ HTTP/1.1" 200 23776
INFO 2025-07-29 16:14:00,379 basehttp 28852 27316 "GET /api/learning-paths/ HTTP/1.1" 200 769
INFO 2025-07-29 16:14:00,411 basehttp 28852 24612 "GET /api/curated/videos/ HTTP/1.1" 200 23776
INFO 2025-07-29 16:14:00,413 basehttp 28852 23940 "GET /api/curated/videos/ HTTP/1.1" 200 23776
WARNING 2025-07-29 16:14:00,428 log 28852 5948 Not Found: /api/learning-paths/recommended/
INFO 2025-07-29 16:14:00,448 basehttp 28852 32372 "GET /api/learning-paths/ HTTP/1.1" 200 769
WARNING 2025-07-29 16:14:00,451 basehttp 28852 5948 "GET /api/learning-paths/recommended/?user_level=beginner HTTP/1.1" 404 35
INFO 2025-07-29 16:14:00,498 basehttp 28852 28440 "GET /api/curated/videos/ HTTP/1.1" 200 23776
INFO 2025-07-29 16:14:00,498 basehttp 28852 27316 "GET /api/curated/videos/ HTTP/1.1" 200 23776
INFO 2025-07-29 16:14:00,500 basehttp 28852 24612 "GET /api/learning-paths/ HTTP/1.1" 200 769
INFO 2025-07-29 16:14:00,531 basehttp 28852 23940 "GET /api/curated/videos/ HTTP/1.1" 200 23776
INFO 2025-07-29 16:14:00,545 basehttp 28852 5948 "GET /api/learning-paths/ HTTP/1.1" 200 769
INFO 2025-07-29 16:14:00,546 basehttp 28852 32372 "GET /api/curated/videos/ HTTP/1.1" 200 23776
WARNING 2025-07-29 16:14:00,568 log 28852 5948 Not Found: /api/learning-paths/recommended/
WARNING 2025-07-29 16:14:00,570 basehttp 28852 5948 "GET /api/learning-paths/recommended/?user_level=beginner HTTP/1.1" 404 35
INFO 2025-07-29 16:14:00,579 basehttp 28852 28440 "GET /api/curated/videos/ HTTP/1.1" 200 23776
INFO 2025-07-29 16:14:00,586 basehttp 28852 27316 "GET /api/learning-paths/ HTTP/1.1" 200 769
INFO 2025-07-29 16:14:00,608 basehttp 28852 24612 "GET /api/curated/videos/ HTTP/1.1" 200 23776
INFO 2025-07-29 16:14:00,612 basehttp 28852 23940 "GET /api/learning-paths/ HTTP/1.1" 200 769
INFO 2025-07-29 16:14:00,628 basehttp 28852 32372 "GET /api/curated/videos/ HTTP/1.1" 200 23776
WARNING 2025-07-29 16:14:00,687 log 28852 28440 Not Found: /api/learning-paths/recommended/
WARNING 2025-07-29 16:14:00,707 log 28852 23940 Not Found: /api/learning-paths/recommended/
WARNING 2025-07-29 16:14:00,707 basehttp 28852 28440 "GET /api/learning-paths/recommended/?user_level=beginner HTTP/1.1" 404 35
WARNING 2025-07-29 16:14:00,711 basehttp 28852 23940 "GET /api/learning-paths/recommended/?user_level=beginner HTTP/1.1" 404 35
INFO 2025-07-29 16:14:00,731 basehttp 28852 5948 "GET /api/learning-paths/ HTTP/1.1" 200 769
INFO 2025-07-29 16:14:00,759 basehttp 28852 27316 "GET /api/curated/videos/ HTTP/1.1" 200 23776
INFO 2025-07-29 16:14:00,773 basehttp 28852 24612 "GET /api/learning-paths/ HTTP/1.1" 200 769
INFO 2025-07-29 16:14:00,786 basehttp 28852 32372 "GET /api/curated/videos/ HTTP/1.1" 200 23776
INFO 2025-07-29 16:14:00,839 basehttp 28852 28440 "GET /api/curated/videos/ HTTP/1.1" 200 23776
INFO 2025-07-29 16:14:00,865 basehttp 28852 23940 "GET /api/learning-paths/ HTTP/1.1" 200 769
INFO 2025-07-29 16:14:00,885 basehttp 28852 5948 "GET /api/learning-paths/ HTTP/1.1" 200 769
INFO 2025-07-29 16:14:00,905 basehttp 28852 27316 "GET /api/curated/videos/ HTTP/1.1" 200 23776
INFO 2025-07-29 16:14:01,011 basehttp 28852 24612 "GET /api/learning-paths/ HTTP/1.1" 200 769
WARNING 2025-07-29 16:14:01,012 log 28852 32372 Not Found: /api/learning-paths/recommended/
WARNING 2025-07-29 16:14:01,052 basehttp 28852 32372 "GET /api/learning-paths/recommended/?user_level=beginner HTTP/1.1" 404 35
WARNING 2025-07-29 16:14:01,069 log 28852 32372 Not Found: /api/learning-paths/recommended/
INFO 2025-07-29 16:14:01,080 basehttp 28852 28440 "GET /api/curated/videos/ HTTP/1.1" 200 23776
WARNING 2025-07-29 16:14:01,090 basehttp 28852 32372 "GET /api/learning-paths/recommended/?user_level=beginner HTTP/1.1" 404 35
INFO 2025-07-29 16:14:01,091 basehttp 28852 23940 "GET /api/learning-paths/ HTTP/1.1" 200 769
INFO 2025-07-29 16:14:01,126 basehttp 28852 27316 "GET /api/curated/videos/ HTTP/1.1" 200 23776
INFO 2025-07-29 16:14:01,129 basehttp 28852 5948 "GET /api/curated/videos/ HTTP/1.1" 200 23776
INFO 2025-07-29 16:14:01,130 basehttp 28852 24612 "GET /api/learning-paths/ HTTP/1.1" 200 769
WARNING 2025-07-29 16:14:01,159 log 28852 27316 Not Found: /api/learning-paths/recommended/
WARNING 2025-07-29 16:14:01,161 basehttp 28852 27316 "GET /api/learning-paths/recommended/?user_level=beginner HTTP/1.1" 404 35
INFO 2025-07-29 16:14:01,186 basehttp 28852 28440 "GET /api/curated/videos/ HTTP/1.1" 200 23776
INFO 2025-07-29 16:14:01,210 basehttp 28852 23940 "GET /api/learning-paths/ HTTP/1.1" 200 769
INFO 2025-07-29 16:14:01,250 basehttp 28852 5948 "GET /api/curated/videos/ HTTP/1.1" 200 23776
INFO 2025-07-29 16:14:01,267 basehttp 28852 32372 "GET /api/curated/videos/ HTTP/1.1" 200 23776
INFO 2025-07-29 16:14:01,272 basehttp 28852 27316 "GET /api/curated/videos/ HTTP/1.1" 200 23776
INFO 2025-07-29 16:14:01,286 basehttp 28852 24612 "GET /api/learning-paths/ HTTP/1.1" 200 769
INFO 2025-07-29 16:14:01,302 basehttp 28852 28440 "GET /api/learning-paths/ HTTP/1.1" 200 769
INFO 2025-07-29 16:14:01,345 basehttp 28852 23940 "GET /api/curated/videos/ HTTP/1.1" 200 23776
WARNING 2025-07-29 16:14:01,355 log 28852 28440 Not Found: /api/learning-paths/recommended/
WARNING 2025-07-29 16:14:01,381 basehttp 28852 28440 "GET /api/learning-paths/recommended/?user_level=beginner HTTP/1.1" 404 35
INFO 2025-07-29 16:14:01,402 basehttp 28852 5948 "GET /api/curated/videos/ HTTP/1.1" 200 23776
INFO 2025-07-29 16:14:01,414 basehttp 28852 32372 "GET /api/learning-paths/ HTTP/1.1" 200 769
INFO 2025-07-29 16:14:01,415 basehttp 28852 27316 "GET /api/curated/videos/ HTTP/1.1" 200 23776
INFO 2025-07-29 16:14:01,420 basehttp 28852 24612 "GET /api/learning-paths/ HTTP/1.1" 200 769
INFO 2025-07-29 16:14:01,451 basehttp 28852 23940 "GET /api/curated/videos/ HTTP/1.1" 200 23776
WARNING 2025-07-29 16:14:01,474 log 28852 24612 Not Found: /api/learning-paths/recommended/
INFO 2025-07-29 16:14:01,480 basehttp 28852 28440 "GET /api/learning-paths/ HTTP/1.1" 200 769
INFO 2025-07-29 16:14:01,494 basehttp 28852 32372 "GET /api/curated/videos/ HTTP/1.1" 200 23776
WARNING 2025-07-29 16:14:01,514 basehttp 28852 24612 "GET /api/learning-paths/recommended/?user_level=beginner HTTP/1.1" 404 35
INFO 2025-07-29 16:14:01,517 basehttp 28852 5948 "GET /api/learning-paths/ HTTP/1.1" 200 769
INFO 2025-07-29 16:14:01,527 basehttp 28852 27316 "GET /api/learning-paths/ HTTP/1.1" 200 769
INFO 2025-07-29 16:14:01,554 basehttp 28852 23940 "GET /api/learning-paths/ HTTP/1.1" 200 769
INFO 2025-07-29 16:14:01,584 basehttp 28852 28440 "GET /api/curated/videos/ HTTP/1.1" 200 23776
INFO 2025-07-29 16:14:01,592 basehttp 28852 32372 "GET /api/learning-paths/ HTTP/1.1" 200 769
INFO 2025-07-29 16:14:01,661 basehttp 28852 27316 "GET /api/curated/videos/ HTTP/1.1" 200 23776
INFO 2025-07-29 16:14:01,663 basehttp 28852 24612 "GET /api/curated/videos/ HTTP/1.1" 200 23776
INFO 2025-07-29 16:14:01,663 basehttp 28852 5948 "GET /api/curated/videos/ HTTP/1.1" 200 23776
INFO 2025-07-29 16:14:01,709 basehttp 28852 28440 "GET /api/learning-paths/ HTTP/1.1" 200 769
INFO 2025-07-29 16:14:01,709 basehttp 28852 23940 "GET /api/curated/videos/ HTTP/1.1" 200 23776
INFO 2025-07-29 16:14:01,723 basehttp 28852 32372 "GET /api/curated/videos/ HTTP/1.1" 200 23776
INFO 2025-07-29 16:14:01,729 basehttp 28852 27316 "GET /api/learning-paths/ HTTP/1.1" 200 769
WARNING 2025-07-29 16:14:01,780 log 28852 32372 Not Found: /api/learning-paths/recommended/
INFO 2025-07-29 16:14:01,789 basehttp 28852 5948 "GET /api/curated/videos/ HTTP/1.1" 200 23776
INFO 2025-07-29 16:14:01,791 basehttp 28852 24612 "GET /api/curated/videos/ HTTP/1.1" 200 23776
WARNING 2025-07-29 16:14:01,792 basehttp 28852 32372 "GET /api/learning-paths/recommended/?user_level=beginner HTTP/1.1" 404 35
INFO 2025-07-29 16:14:01,811 basehttp 28852 23940 "GET /api/curated/videos/ HTTP/1.1" 200 23776
INFO 2025-07-29 16:14:01,826 basehttp 28852 28440 "GET /api/learning-paths/ HTTP/1.1" 200 769
INFO 2025-07-29 16:14:01,840 basehttp 28852 27316 "GET /api/curated/videos/ HTTP/1.1" 200 23776
INFO 2025-07-29 16:14:01,880 basehttp 28852 5948 "GET /api/learning-paths/ HTTP/1.1" 200 769
WARNING 2025-07-29 16:14:01,886 log 28852 28440 Not Found: /api/learning-paths/recommended/
INFO 2025-07-29 16:14:01,910 basehttp 28852 24612 "GET /api/curated/videos/ HTTP/1.1" 200 23776
INFO 2025-07-29 16:14:01,921 basehttp 28852 32372 "GET /api/curated/videos/ HTTP/1.1" 200 23776
WARNING 2025-07-29 16:14:01,930 basehttp 28852 28440 "GET /api/learning-paths/recommended/?user_level=beginner HTTP/1.1" 404 35
INFO 2025-07-29 16:14:01,946 basehttp 28852 27316 "GET /api/curated/videos/ HTTP/1.1" 200 23776
INFO 2025-07-29 16:14:01,947 basehttp 28852 23940 "GET /api/learning-paths/ HTTP/1.1" 200 769
INFO 2025-07-29 16:14:01,986 basehttp 28852 5948 "GET /api/curated/videos/ HTTP/1.1" 200 23776
INFO 2025-07-29 16:14:02,013 basehttp 28852 24612 "GET /api/learning-paths/ HTTP/1.1" 200 769
INFO 2025-07-29 16:14:02,023 basehttp 28852 32372 "GET /api/curated/videos/ HTTP/1.1" 200 23776
INFO 2025-07-29 16:14:02,050 basehttp 28852 23940 "GET /api/learning-paths/ HTTP/1.1" 200 769
WARNING 2025-07-29 16:14:02,107 log 28852 28440 Not Found: /api/learning-paths/recommended/
INFO 2025-07-29 16:14:02,113 basehttp 28852 27316 "GET /api/curated/videos/ HTTP/1.1" 200 23776
INFO 2025-07-29 16:14:02,154 basehttp 28852 5948 "GET /api/curated/videos/ HTTP/1.1" 200 23776
WARNING 2025-07-29 16:14:02,172 basehttp 28852 28440 "GET /api/learning-paths/recommended/?user_level=beginner HTTP/1.1" 404 35
INFO 2025-07-29 16:14:02,197 basehttp 28852 24612 "GET /api/curated/videos/ HTTP/1.1" 200 23776
INFO 2025-07-29 16:14:02,215 basehttp 28852 32372 "GET /api/curated/videos/ HTTP/1.1" 200 23776
INFO 2025-07-29 16:14:02,233 basehttp 28852 23940 "GET /api/curated/videos/ HTTP/1.1" 200 23776
INFO 2025-07-29 16:14:02,257 basehttp 28852 27316 "GET /api/learning-paths/ HTTP/1.1" 200 769
INFO 2025-07-29 16:14:02,325 basehttp 28852 5948 "GET /api/curated/videos/ HTTP/1.1" 200 23776
INFO 2025-07-29 16:14:02,333 basehttp 28852 28440 "GET /api/learning-paths/ HTTP/1.1" 200 769
INFO 2025-07-29 16:14:02,358 basehttp 28852 32372 "GET /api/curated/videos/ HTTP/1.1" 200 23776
INFO 2025-07-29 16:14:02,359 basehttp 28852 24612 "GET /api/curated/videos/ HTTP/1.1" 200 23776
INFO 2025-07-29 16:14:02,383 basehttp 28852 27316 "GET /api/learning-paths/ HTTP/1.1" 200 769
INFO 2025-07-29 16:14:02,433 basehttp 28852 5948 "GET /api/curated/videos/ HTTP/1.1" 200 23776
INFO 2025-07-29 16:14:02,436 basehttp 28852 23940 "GET /api/curated/videos/ HTTP/1.1" 200 23776
INFO 2025-07-29 16:14:02,437 basehttp 28852 28440 "GET /api/learning-paths/ HTTP/1.1" 200 769
WARNING 2025-07-29 16:14:02,454 log 28852 27316 Not Found: /api/learning-paths/recommended/
INFO 2025-07-29 16:14:02,480 basehttp 28852 32372 "GET /api/learning-paths/ HTTP/1.1" 200 769
INFO 2025-07-29 16:14:02,492 basehttp 28852 24612 "GET /api/curated/videos/ HTTP/1.1" 200 23776
WARNING 2025-07-29 16:14:02,494 basehttp 28852 27316 "GET /api/learning-paths/recommended/?user_level=beginner HTTP/1.1" 404 35
WARNING 2025-07-29 16:14:02,549 log 28852 28440 Not Found: /api/learning-paths/recommended/
INFO 2025-07-29 16:14:02,550 basehttp 28852 5948 "GET /api/curated/videos/ HTTP/1.1" 200 23776
WARNING 2025-07-29 16:14:02,560 log 28852 24612 Not Found: /api/learning-paths/recommended/
WARNING 2025-07-29 16:14:02,576 log 28852 27316 Not Found: /api/learning-paths/recommended/
WARNING 2025-07-29 16:14:02,578 basehttp 28852 28440 "GET /api/learning-paths/recommended/?user_level=beginner HTTP/1.1" 404 35
INFO 2025-07-29 16:14:02,579 basehttp 28852 23940 "GET /api/learning-paths/ HTTP/1.1" 200 769
WARNING 2025-07-29 16:14:02,580 basehttp 28852 27316 "GET /api/learning-paths/recommended/?user_level=beginner HTTP/1.1" 404 35
INFO 2025-07-29 16:14:02,607 basehttp 28852 32372 "GET /api/curated/videos/ HTTP/1.1" 200 23776
WARNING 2025-07-29 16:14:02,646 basehttp 28852 24612 "GET /api/learning-paths/recommended/?user_level=beginner HTTP/1.1" 404 35
INFO 2025-07-29 16:14:02,655 basehttp 28852 5948 "GET /api/learning-paths/ HTTP/1.1" 200 769
WARNING 2025-07-29 16:14:02,662 log 28852 27316 Not Found: /api/learning-paths/recommended/
INFO 2025-07-29 16:14:02,680 basehttp 28852 23940 "GET /api/curated/videos/ HTTP/1.1" 200 23776
INFO 2025-07-29 16:14:02,681 basehttp 28852 28440 "GET /api/learning-paths/ HTTP/1.1" 200 769
WARNING 2025-07-29 16:14:02,692 basehttp 28852 27316 "GET /api/learning-paths/recommended/?user_level=beginner HTTP/1.1" 404 35
INFO 2025-07-29 16:14:02,712 basehttp 28852 32372 "GET /api/learning-paths/ HTTP/1.1" 200 769
INFO 2025-07-29 16:14:02,741 basehttp 28852 24612 "GET /api/curated/videos/ HTTP/1.1" 200 23776
INFO 2025-07-29 16:14:02,757 basehttp 28852 5948 "GET /api/curated/videos/ HTTP/1.1" 200 23776
WARNING 2025-07-29 16:14:02,797 log 28852 32372 Not Found: /api/learning-paths/recommended/
WARNING 2025-07-29 16:14:02,798 log 28852 24612 Not Found: /api/learning-paths/recommended/
WARNING 2025-07-29 16:14:02,802 basehttp 28852 32372 "GET /api/learning-paths/recommended/?user_level=beginner HTTP/1.1" 404 35
WARNING 2025-07-29 16:14:02,808 basehttp 28852 24612 "GET /api/learning-paths/recommended/?user_level=beginner HTTP/1.1" 404 35
INFO 2025-07-29 16:14:02,832 basehttp 28852 23940 "GET /api/curated/videos/ HTTP/1.1" 200 23776
INFO 2025-07-29 16:14:02,842 basehttp 28852 27316 "GET /api/learning-paths/ HTTP/1.1" 200 769
INFO 2025-07-29 16:14:02,842 basehttp 28852 28440 "GET /api/curated/videos/ HTTP/1.1" 200 23776
WARNING 2025-07-29 16:14:02,896 log 28852 23940 Not Found: /api/learning-paths/recommended/
WARNING 2025-07-29 16:14:02,901 basehttp 28852 23940 "GET /api/learning-paths/recommended/?user_level=beginner HTTP/1.1" 404 35
INFO 2025-07-29 16:14:02,917 basehttp 28852 5948 "GET /api/curated/videos/ HTTP/1.1" 200 23776
INFO 2025-07-29 16:14:02,936 basehttp 28852 32372 "GET /api/curated/videos/ HTTP/1.1" 200 23776
INFO 2025-07-29 16:14:02,936 basehttp 28852 24612 "GET /api/learning-paths/ HTTP/1.1" 200 769
INFO 2025-07-29 16:14:02,944 basehttp 28852 28440 "GET /api/curated/videos/ HTTP/1.1" 200 23776
INFO 2025-07-29 16:14:02,971 basehttp 28852 27316 "GET /api/curated/videos/ HTTP/1.1" 200 23776
INFO 2025-07-29 16:14:02,975 basehttp 28852 23940 "GET /api/learning-paths/ HTTP/1.1" 200 769
INFO 2025-07-29 16:14:03,006 basehttp 28852 5948 "GET /api/curated/videos/ HTTP/1.1" 200 23776
WARNING 2025-07-29 16:14:03,009 log 28852 27316 Not Found: /api/learning-paths/recommended/
INFO 2025-07-29 16:14:03,022 basehttp 28852 28440 "GET /api/curated/videos/ HTTP/1.1" 200 23776
INFO 2025-07-29 16:14:03,029 basehttp 28852 32372 "GET /api/learning-paths/ HTTP/1.1" 200 769
WARNING 2025-07-29 16:14:03,044 log 28852 28440 Not Found: /api/learning-paths/recommended/
WARNING 2025-07-29 16:14:03,045 basehttp 28852 27316 "GET /api/learning-paths/recommended/?user_level=beginner HTTP/1.1" 404 35
WARNING 2025-07-29 16:14:03,046 basehttp 28852 28440 "GET /api/learning-paths/recommended/?user_level=beginner HTTP/1.1" 404 35
INFO 2025-07-29 16:14:03,081 basehttp 28852 23940 "GET /api/curated/videos/ HTTP/1.1" 200 23776
INFO 2025-07-29 16:14:03,090 basehttp 28852 5948 "GET /api/curated/videos/ HTTP/1.1" 200 23776
INFO 2025-07-29 16:14:03,101 basehttp 28852 24612 "GET /api/curated/videos/ HTTP/1.1" 200 23776
INFO 2025-07-29 16:14:03,128 basehttp 28852 32372 "GET /api/curated/videos/ HTTP/1.1" 200 23776
INFO 2025-07-29 16:14:03,129 basehttp 28852 27316 "GET /api/curated/videos/ HTTP/1.1" 200 23776
INFO 2025-07-29 16:14:03,148 basehttp 28852 28440 "GET /api/learning-paths/ HTTP/1.1" 200 769
INFO 2025-07-29 16:14:03,176 basehttp 28852 5948 "GET /api/curated/videos/ HTTP/1.1" 200 23776
INFO 2025-07-29 16:14:03,181 basehttp 28852 24612 "GET /api/curated/videos/ HTTP/1.1" 200 23776
INFO 2025-07-29 16:14:03,182 basehttp 28852 23940 "GET /api/learning-paths/ HTTP/1.1" 200 769
INFO 2025-07-29 16:14:03,210 basehttp 28852 32372 "GET /api/learning-paths/ HTTP/1.1" 200 769
INFO 2025-07-29 16:14:03,211 basehttp 28852 27316 "GET /api/learning-paths/ HTTP/1.1" 200 769
WARNING 2025-07-29 16:14:03,213 log 28852 24612 Not Found: /api/learning-paths/recommended/
INFO 2025-07-29 16:14:03,233 basehttp 28852 28440 "GET /api/curated/videos/ HTTP/1.1" 200 23776
WARNING 2025-07-29 16:14:03,237 log 28852 32372 Not Found: /api/learning-paths/recommended/
WARNING 2025-07-29 16:14:03,245 basehttp 28852 24612 "GET /api/learning-paths/recommended/?user_level=beginner HTTP/1.1" 404 35
INFO 2025-07-29 16:14:03,255 basehttp 28852 5948 "GET /api/curated/videos/ HTTP/1.1" 200 23776
WARNING 2025-07-29 16:14:03,256 basehttp 28852 32372 "GET /api/learning-paths/recommended/?user_level=beginner HTTP/1.1" 404 35
WARNING 2025-07-29 16:14:03,281 log 28852 24612 Not Found: /api/learning-paths/recommended/
INFO 2025-07-29 16:14:03,282 basehttp 28852 23940 "GET /api/learning-paths/ HTTP/1.1" 200 769
INFO 2025-07-29 16:14:03,300 basehttp 28852 27316 "GET /api/curated/videos/ HTTP/1.1" 200 23776
INFO 2025-07-29 16:14:03,306 basehttp 28852 28440 "GET /api/learning-paths/ HTTP/1.1" 200 769
WARNING 2025-07-29 16:14:03,307 log 28852 23940 Not Found: /api/learning-paths/recommended/
WARNING 2025-07-29 16:14:03,307 basehttp 28852 24612 "GET /api/learning-paths/recommended/?user_level=beginner HTTP/1.1" 404 35
WARNING 2025-07-29 16:14:03,310 basehttp 28852 23940 "GET /api/learning-paths/recommended/?user_level=beginner HTTP/1.1" 404 35
INFO 2025-07-29 16:14:03,342 basehttp 28852 5948 "GET /api/learning-paths/ HTTP/1.1" 200 769
INFO 2025-07-29 16:14:03,358 basehttp 28852 32372 "GET /api/curated/videos/ HTTP/1.1" 200 23776
INFO 2025-07-29 16:14:03,395 basehttp 28852 27316 "GET /api/curated/videos/ HTTP/1.1" 200 23776
INFO 2025-07-29 16:14:03,396 basehttp 28852 28440 "GET /api/curated/videos/ HTTP/1.1" 200 23776
INFO 2025-07-29 16:14:03,428 basehttp 28852 23940 "GET /api/curated/videos/ HTTP/1.1" 200 23776
WARNING 2025-07-29 16:14:03,429 log 28852 28440 Not Found: /api/learning-paths/recommended/
INFO 2025-07-29 16:14:03,430 basehttp 28852 32372 "GET /api/curated/videos/ HTTP/1.1" 200 23776
WARNING 2025-07-29 16:14:03,445 basehttp 28852 28440 "GET /api/learning-paths/recommended/?user_level=beginner HTTP/1.1" 404 35
INFO 2025-07-29 16:14:03,461 basehttp 28852 5948 "GET /api/curated/videos/ HTTP/1.1" 200 23776
WARNING 2025-07-29 16:14:03,462 log 28852 28440 Not Found: /api/learning-paths/recommended/
INFO 2025-07-29 16:14:03,464 basehttp 28852 24612 "GET /api/curated/videos/ HTTP/1.1" 200 23776
WARNING 2025-07-29 16:14:03,473 basehttp 28852 28440 "GET /api/learning-paths/recommended/?user_level=beginner HTTP/1.1" 404 35
INFO 2025-07-29 16:14:03,477 basehttp 28852 27316 "GET /api/learning-paths/ HTTP/1.1" 200 769
WARNING 2025-07-29 16:14:03,485 log 28852 24612 Not Found: /api/learning-paths/recommended/
INFO 2025-07-29 16:14:03,500 basehttp 28852 23940 "GET /api/curated/videos/ HTTP/1.1" 200 23776
INFO 2025-07-29 16:14:03,504 basehttp 28852 32372 "GET /api/learning-paths/ HTTP/1.1" 200 769
WARNING 2025-07-29 16:14:03,506 basehttp 28852 24612 "GET /api/learning-paths/recommended/?user_level=beginner HTTP/1.1" 404 35
INFO 2025-07-29 16:14:03,542 basehttp 28852 5948 "GET /api/curated/videos/ HTTP/1.1" 200 23776
INFO 2025-07-29 16:14:03,562 basehttp 28852 28440 "GET /api/curated/videos/ HTTP/1.1" 200 23776
INFO 2025-07-29 16:14:03,564 basehttp 28852 27316 "GET /api/curated/videos/ HTTP/1.1" 200 23776
INFO 2025-07-29 16:14:03,581 basehttp 28852 23940 "GET /api/learning-paths/ HTTP/1.1" 200 769
WARNING 2025-07-29 16:14:03,587 log 28852 28440 Not Found: /api/learning-paths/recommended/
INFO 2025-07-29 16:14:03,588 basehttp 28852 32372 "GET /api/curated/videos/ HTTP/1.1" 200 23776
WARNING 2025-07-29 16:14:03,604 basehttp 28852 28440 "GET /api/learning-paths/recommended/?user_level=beginner HTTP/1.1" 404 35
INFO 2025-07-29 16:14:03,605 basehttp 28852 24612 "GET /api/learning-paths/ HTTP/1.1" 200 769
INFO 2025-07-29 16:14:03,623 basehttp 28852 5948 "GET /api/learning-paths/ HTTP/1.1" 200 769
INFO 2025-07-29 16:14:03,646 basehttp 28852 27316 "GET /api/curated/videos/ HTTP/1.1" 200 23776
INFO 2025-07-29 16:14:03,662 basehttp 28852 23940 "GET /api/curated/videos/ HTTP/1.1" 200 23776
WARNING 2025-07-29 16:14:03,671 log 28852 23940 Not Found: /api/learning-paths/recommended/
INFO 2025-07-29 16:14:03,674 basehttp 28852 32372 "GET /api/learning-paths/ HTTP/1.1" 200 769
INFO 2025-07-29 16:14:03,681 basehttp 28852 28440 "GET /api/curated/videos/ HTTP/1.1" 200 23776
INFO 2025-07-29 16:14:03,682 basehttp 28852 24612 "GET /api/curated/videos/ HTTP/1.1" 200 23776
WARNING 2025-07-29 16:14:03,688 basehttp 28852 23940 "GET /api/learning-paths/recommended/?user_level=beginner HTTP/1.1" 404 35
INFO 2025-07-29 16:14:03,710 basehttp 28852 5948 "GET /api/curated/videos/ HTTP/1.1" 200 23776
WARNING 2025-07-29 16:14:03,715 log 28852 24612 Not Found: /api/learning-paths/recommended/
INFO 2025-07-29 16:14:03,729 basehttp 28852 27316 "GET /api/learning-paths/ HTTP/1.1" 200 769
WARNING 2025-07-29 16:14:03,733 basehttp 28852 24612 "GET /api/learning-paths/recommended/?user_level=beginner HTTP/1.1" 404 35
INFO 2025-07-29 16:14:03,756 basehttp 28852 32372 "GET /api/curated/videos/ HTTP/1.1" 200 23776
INFO 2025-07-29 16:14:03,774 basehttp 28852 28440 "GET /api/learning-paths/ HTTP/1.1" 200 769
INFO 2025-07-29 16:14:03,781 basehttp 28852 23940 "GET /api/curated/videos/ HTTP/1.1" 200 23776
WARNING 2025-07-29 16:14:03,815 log 28852 32372 Not Found: /api/learning-paths/recommended/
INFO 2025-07-29 16:14:03,816 basehttp 28852 5948 "GET /api/learning-paths/ HTTP/1.1" 200 769
INFO 2025-07-29 16:14:03,822 basehttp 28852 27316 "GET /api/learning-paths/ HTTP/1.1" 200 769
WARNING 2025-07-29 16:14:03,828 basehttp 28852 32372 "GET /api/learning-paths/recommended/?user_level=beginner HTTP/1.1" 404 35
INFO 2025-07-29 16:14:03,829 basehttp 28852 24612 "GET /api/curated/videos/ HTTP/1.1" 200 23776
WARNING 2025-07-29 16:14:03,845 log 28852 32372 Not Found: /api/learning-paths/recommended/
WARNING 2025-07-29 16:14:03,859 basehttp 28852 32372 "GET /api/learning-paths/recommended/?user_level=beginner HTTP/1.1" 404 35
INFO 2025-07-29 16:14:03,879 basehttp 28852 23940 "GET /api/learning-paths/ HTTP/1.1" 200 769
INFO 2025-07-29 16:14:03,880 basehttp 28852 28440 "GET /api/curated/videos/ HTTP/1.1" 200 23776
INFO 2025-07-29 16:14:03,903 basehttp 28852 5948 "GET /api/curated/videos/ HTTP/1.1" 200 23776
INFO 2025-07-29 16:14:03,904 basehttp 28852 27316 "GET /api/learning-paths/ HTTP/1.1" 200 769
INFO 2025-07-29 16:14:03,932 basehttp 28852 24612 "GET /api/curated/videos/ HTTP/1.1" 200 23776
INFO 2025-07-29 16:14:03,933 basehttp 28852 32372 "GET /api/curated/videos/ HTTP/1.1" 200 23776
WARNING 2025-07-29 16:14:03,948 log 28852 24612 Not Found: /api/learning-paths/recommended/
WARNING 2025-07-29 16:14:03,950 basehttp 28852 24612 "GET /api/learning-paths/recommended/?user_level=beginner HTTP/1.1" 404 35
INFO 2025-07-29 16:14:03,965 basehttp 28852 23940 "GET /api/learning-paths/ HTTP/1.1" 200 769
INFO 2025-07-29 16:14:03,967 basehttp 28852 28440 "GET /api/curated/videos/ HTTP/1.1" 200 23776
INFO 2025-07-29 16:14:03,985 basehttp 28852 27316 "GET /api/curated/videos/ HTTP/1.1" 200 23776
INFO 2025-07-29 16:14:03,987 basehttp 28852 5948 "GET /api/learning-paths/ HTTP/1.1" 200 769
INFO 2025-07-29 16:14:04,010 basehttp 28852 32372 "GET /api/curated/videos/ HTTP/1.1" 200 23776
INFO 2025-07-29 16:14:04,030 basehttp 28852 24612 "GET /api/learning-paths/ HTTP/1.1" 200 769
INFO 2025-07-29 16:14:04,045 basehttp 28852 23940 "GET /api/curated/videos/ HTTP/1.1" 200 23776
INFO 2025-07-29 16:14:04,212 basehttp 28852 28440 "GET /api/learning-paths/ HTTP/1.1" 200 769
INFO 2025-07-29 16:14:04,234 basehttp 28852 32372 "GET /api/learning-paths/ HTTP/1.1" 200 769
INFO 2025-07-29 16:14:04,237 basehttp 28852 27316 "GET /api/curated/videos/ HTTP/1.1" 200 23776
INFO 2025-07-29 16:14:04,238 basehttp 28852 5948 "GET /api/curated/videos/ HTTP/1.1" 200 23776
INFO 2025-07-29 16:14:04,256 basehttp 28852 24612 "GET /api/curated/videos/ HTTP/1.1" 200 23776
INFO 2025-07-29 16:14:04,288 basehttp 28852 23940 "GET /api/curated/videos/ HTTP/1.1" 200 23776
INFO 2025-07-29 16:14:04,308 basehttp 28852 28440 "GET /api/curated/videos/ HTTP/1.1" 200 23776
INFO 2025-07-29 16:14:04,308 basehttp 28852 32372 "GET /api/learning-paths/ HTTP/1.1" 200 769
INFO 2025-07-29 16:14:04,326 basehttp 28852 5948 "GET /api/curated/videos/ HTTP/1.1" 200 23776
INFO 2025-07-29 16:14:04,327 basehttp 28852 27316 "GET /api/curated/videos/ HTTP/1.1" 200 23776
INFO 2025-07-29 16:14:04,330 basehttp 28852 24612 "GET /api/learning-paths/ HTTP/1.1" 200 769
WARNING 2025-07-29 16:14:04,660 log 28852 23940 Not Found: /api/learning-paths/recommended/
WARNING 2025-07-29 16:14:04,661 log 28852 24612 Not Found: /api/learning-paths/recommended/
WARNING 2025-07-29 16:14:04,663 basehttp 28852 23940 "GET /api/learning-paths/recommended/?user_level=beginner HTTP/1.1" 404 35
WARNING 2025-07-29 16:14:04,664 basehttp 28852 24612 "GET /api/learning-paths/recommended/?user_level=beginner HTTP/1.1" 404 35
WARNING 2025-07-29 16:14:04,678 log 28852 24612 Not Found: /api/learning-paths/recommended/
WARNING 2025-07-29 16:14:04,680 basehttp 28852 24612 "GET /api/learning-paths/recommended/?user_level=beginner HTTP/1.1" 404 35
INFO 2025-07-29 16:14:04,709 basehttp 28852 28440 "GET /api/curated/videos/ HTTP/1.1" 200 23776
INFO 2025-07-29 16:14:04,721 basehttp 28852 27316 "GET /api/learning-paths/ HTTP/1.1" 200 769
WARNING 2025-07-29 16:14:04,726 log 28852 27316 Not Found: /api/learning-paths/recommended/
WARNING 2025-07-29 16:14:04,728 basehttp 28852 27316 "GET /api/learning-paths/recommended/?user_level=beginner HTTP/1.1" 404 35
INFO 2025-07-29 16:14:04,741 basehttp 28852 23940 "GET /api/learning-paths/ HTTP/1.1" 200 769
INFO 2025-07-29 16:14:04,754 basehttp 28852 32372 "GET /api/curated/videos/ HTTP/1.1" 200 23776
INFO 2025-07-29 16:14:04,754 basehttp 28852 24612 "GET /api/curated/videos/ HTTP/1.1" 200 23776
WARNING 2025-07-29 16:14:04,764 log 28852 32372 Not Found: /api/learning-paths/recommended/
WARNING 2025-07-29 16:14:04,766 basehttp 28852 32372 "GET /api/learning-paths/recommended/?user_level=beginner HTTP/1.1" 404 35
INFO 2025-07-29 16:14:04,779 basehttp 28852 5948 "GET /api/curated/videos/ HTTP/1.1" 200 23776
INFO 2025-07-29 16:14:04,780 basehttp 28852 28440 "GET /api/learning-paths/ HTTP/1.1" 200 769
INFO 2025-07-29 16:14:04,819 basehttp 28852 23940 "GET /api/learning-paths/ HTTP/1.1" 200 769
INFO 2025-07-29 16:14:04,840 basehttp 28852 24612 "GET /api/curated/videos/ HTTP/1.1" 200 23776
WARNING 2025-07-29 16:14:04,841 log 28852 23940 Not Found: /api/learning-paths/recommended/
INFO 2025-07-29 16:14:04,842 basehttp 28852 32372 "GET /api/learning-paths/ HTTP/1.1" 200 769
WARNING 2025-07-29 16:14:04,859 basehttp 28852 23940 "GET /api/learning-paths/recommended/?user_level=beginner HTTP/1.1" 404 35
INFO 2025-07-29 16:14:04,871 basehttp 28852 27316 "GET /api/curated/videos/ HTTP/1.1" 200 23776
INFO 2025-07-29 16:14:04,871 basehttp 28852 28440 "GET /api/learning-paths/ HTTP/1.1" 200 769
INFO 2025-07-29 16:14:04,872 basehttp 28852 5948 "GET /api/curated/videos/ HTTP/1.1" 200 23776
INFO 2025-07-29 16:14:04,909 basehttp 28852 24612 "GET /api/curated/videos/ HTTP/1.1" 200 23776
INFO 2025-07-29 16:14:04,916 basehttp 28852 32372 "GET /api/learning-paths/ HTTP/1.1" 200 769
INFO 2025-07-29 16:14:04,941 basehttp 28852 23940 "GET /api/curated/videos/ HTTP/1.1" 200 23776
INFO 2025-07-29 16:14:04,941 basehttp 28852 28440 "GET /api/learning-paths/ HTTP/1.1" 200 769
INFO 2025-07-29 16:14:04,964 basehttp 28852 5948 "GET /api/curated/videos/ HTTP/1.1" 200 23776
INFO 2025-07-29 16:14:04,965 basehttp 28852 27316 "GET /api/curated/videos/ HTTP/1.1" 200 23776
INFO 2025-07-29 16:14:04,986 basehttp 28852 32372 "GET /api/learning-paths/ HTTP/1.1" 200 769
INFO 2025-07-29 16:14:04,987 basehttp 28852 24612 "GET /api/curated/videos/ HTTP/1.1" 200 23776
WARNING 2025-07-29 16:14:04,990 log 28852 27316 Not Found: /api/learning-paths/recommended/
WARNING 2025-07-29 16:14:05,006 basehttp 28852 27316 "GET /api/learning-paths/recommended/?user_level=beginner HTTP/1.1" 404 35
INFO 2025-07-29 16:14:05,026 basehttp 28852 28440 "GET /api/curated/videos/ HTTP/1.1" 200 23776
INFO 2025-07-29 16:14:05,027 basehttp 28852 23940 "GET /api/curated/videos/ HTTP/1.1" 200 23776
INFO 2025-07-29 16:14:05,053 basehttp 28852 5948 "GET /api/curated/videos/ HTTP/1.1" 200 23776
INFO 2025-07-29 16:14:05,064 basehttp 28852 32372 "GET /api/curated/videos/ HTTP/1.1" 200 23776
INFO 2025-07-29 16:14:05,082 basehttp 28852 24612 "GET /api/curated/videos/ HTTP/1.1" 200 23776
INFO 2025-07-29 16:14:05,083 basehttp 28852 27316 "GET /api/curated/videos/ HTTP/1.1" 200 23776
INFO 2025-07-29 16:14:05,096 basehttp 28852 28440 "GET /api/learning-paths/ HTTP/1.1" 200 769
WARNING 2025-07-29 16:14:05,097 log 28852 27316 Not Found: /api/learning-paths/recommended/
WARNING 2025-07-29 16:14:05,110 basehttp 28852 27316 "GET /api/learning-paths/recommended/?user_level=beginner HTTP/1.1" 404 35
INFO 2025-07-29 16:14:05,120 basehttp 28852 23940 "GET /api/curated/videos/ HTTP/1.1" 200 23776
INFO 2025-07-29 16:14:05,127 basehttp 28852 5948 "GET /api/learning-paths/ HTTP/1.1" 200 769
WARNING 2025-07-29 16:14:05,129 log 28852 23940 Not Found: /api/learning-paths/recommended/
INFO 2025-07-29 16:14:05,140 basehttp 28852 32372 "GET /api/curated/videos/ HTTP/1.1" 200 23776
WARNING 2025-07-29 16:14:05,142 basehttp 28852 23940 "GET /api/learning-paths/recommended/?user_level=beginner HTTP/1.1" 404 35
INFO 2025-07-29 16:14:05,154 basehttp 28852 24612 "GET /api/learning-paths/ HTTP/1.1" 200 769
WARNING 2025-07-29 16:14:05,157 log 28852 23940 Not Found: /api/learning-paths/recommended/
WARNING 2025-07-29 16:14:05,162 basehttp 28852 23940 "GET /api/learning-paths/recommended/?user_level=beginner HTTP/1.1" 404 35
INFO 2025-07-29 16:14:05,175 basehttp 28852 28440 "GET /api/curated/videos/ HTTP/1.1" 200 23776
INFO 2025-07-29 16:14:05,175 basehttp 28852 27316 "GET /api/learning-paths/ HTTP/1.1" 200 769
INFO 2025-07-29 16:14:05,203 basehttp 28852 32372 "GET /api/learning-paths/ HTTP/1.1" 200 769
INFO 2025-07-29 16:14:05,216 basehttp 28852 5948 "GET /api/curated/videos/ HTTP/1.1" 200 23776
INFO 2025-07-29 16:14:05,229 basehttp 28852 24612 "GET /api/curated/videos/ HTTP/1.1" 200 23776
INFO 2025-07-29 16:14:05,235 basehttp 28852 23940 "GET /api/curated/videos/ HTTP/1.1" 200 23776
INFO 2025-07-29 16:14:05,250 basehttp 28852 27316 "GET /api/learning-paths/ HTTP/1.1" 200 769
INFO 2025-07-29 16:14:05,251 basehttp 28852 28440 "GET /api/learning-paths/ HTTP/1.1" 200 769
INFO 2025-07-29 16:14:05,273 basehttp 28852 32372 "GET /api/curated/videos/ HTTP/1.1" 200 23776
INFO 2025-07-29 16:14:05,290 basehttp 28852 5948 "GET /api/curated/videos/ HTTP/1.1" 200 23776
INFO 2025-07-29 16:14:05,318 basehttp 28852 24612 "GET /api/curated/videos/ HTTP/1.1" 200 23776
INFO 2025-07-29 16:14:05,332 basehttp 28852 28440 "GET /api/curated/videos/ HTTP/1.1" 200 23776
INFO 2025-07-29 16:14:05,333 basehttp 28852 23940 "GET /api/learning-paths/ HTTP/1.1" 200 769
INFO 2025-07-29 16:14:05,338 basehttp 28852 32372 "GET /api/learning-paths/ HTTP/1.1" 200 769
INFO 2025-07-29 16:14:05,343 basehttp 28852 27316 "GET /api/curated/videos/ HTTP/1.1" 200 23776
WARNING 2025-07-29 16:14:05,361 log 28852 23940 Not Found: /api/learning-paths/recommended/
WARNING 2025-07-29 16:14:05,362 basehttp 28852 23940 "GET /api/learning-paths/recommended/?user_level=beginner HTTP/1.1" 404 35
INFO 2025-07-29 16:14:05,378 basehttp 28852 5948 "GET /api/curated/videos/ HTTP/1.1" 200 23776
WARNING 2025-07-29 16:14:05,380 log 28852 23940 Not Found: /api/learning-paths/recommended/
INFO 2025-07-29 16:14:05,391 basehttp 28852 24612 "GET /api/learning-paths/ HTTP/1.1" 200 769
WARNING 2025-07-29 16:14:05,392 basehttp 28852 23940 "GET /api/learning-paths/recommended/?user_level=beginner HTTP/1.1" 404 35
INFO 2025-07-29 16:14:05,418 basehttp 28852 28440 "GET /api/curated/videos/ HTTP/1.1" 200 23776
INFO 2025-07-29 16:14:05,419 basehttp 28852 32372 "GET /api/curated/videos/ HTTP/1.1" 200 23776
INFO 2025-07-29 16:14:05,431 basehttp 28852 27316 "GET /api/learning-paths/ HTTP/1.1" 200 769
INFO 2025-07-29 16:14:05,455 basehttp 28852 5948 "GET /api/curated/videos/ HTTP/1.1" 200 23776
INFO 2025-07-29 16:14:05,469 basehttp 28852 23940 "GET /api/learning-paths/ HTTP/1.1" 200 769
INFO 2025-07-29 16:14:05,479 basehttp 28852 24612 "GET /api/curated/videos/ HTTP/1.1" 200 23776
INFO 2025-07-29 16:14:05,491 basehttp 28852 28440 "GET /api/curated/videos/ HTTP/1.1" 200 23776
INFO 2025-07-29 16:14:05,501 basehttp 28852 32372 "GET /api/curated/videos/ HTTP/1.1" 200 23776
WARNING 2025-07-29 16:14:05,504 log 28852 28440 Not Found: /api/learning-paths/recommended/
INFO 2025-07-29 16:14:05,515 basehttp 28852 27316 "GET /api/curated/videos/ HTTP/1.1" 200 23776
WARNING 2025-07-29 16:14:05,516 basehttp 28852 28440 "GET /api/learning-paths/recommended/?user_level=beginner HTTP/1.1" 404 35
WARNING 2025-07-29 16:14:05,533 log 28852 28440 Not Found: /api/learning-paths/recommended/
INFO 2025-07-29 16:14:05,533 basehttp 28852 5948 "GET /api/curated/videos/ HTTP/1.1" 200 23776
WARNING 2025-07-29 16:14:05,537 basehttp 28852 28440 "GET /api/learning-paths/recommended/?user_level=beginner HTTP/1.1" 404 35
INFO 2025-07-29 16:14:05,555 basehttp 28852 23940 "GET /api/learning-paths/ HTTP/1.1" 200 769
INFO 2025-07-29 16:14:05,556 basehttp 28852 24612 "GET /api/curated/videos/ HTTP/1.1" 200 23776
INFO 2025-07-29 16:14:05,583 basehttp 28852 27316 "GET /api/learning-paths/ HTTP/1.1" 200 769
INFO 2025-07-29 16:14:05,583 basehttp 28852 32372 "GET /api/curated/videos/ HTTP/1.1" 200 23776
WARNING 2025-07-29 16:14:05,594 log 28852 32372 Not Found: /api/learning-paths/recommended/
WARNING 2025-07-29 16:14:05,596 basehttp 28852 32372 "GET /api/learning-paths/recommended/?user_level=beginner HTTP/1.1" 404 35
INFO 2025-07-29 16:14:05,607 basehttp 28852 5948 "GET /api/curated/videos/ HTTP/1.1" 200 23776
INFO 2025-07-29 16:14:05,615 basehttp 28852 28440 "GET /api/learning-paths/ HTTP/1.1" 200 769
WARNING 2025-07-29 16:14:05,622 log 28852 28440 Not Found: /api/learning-paths/recommended/
INFO 2025-07-29 16:14:05,625 basehttp 28852 24612 "GET /api/learning-paths/ HTTP/1.1" 200 769
WARNING 2025-07-29 16:14:05,625 basehttp 28852 28440 "GET /api/learning-paths/recommended/?user_level=beginner HTTP/1.1" 404 35
INFO 2025-07-29 16:14:05,641 basehttp 28852 23940 "GET /api/curated/videos/ HTTP/1.1" 200 23776
INFO 2025-07-29 16:14:05,678 basehttp 28852 27316 "GET /api/curated/videos/ HTTP/1.1" 200 23776
INFO 2025-07-29 16:14:05,679 basehttp 28852 32372 "GET /api/curated/videos/ HTTP/1.1" 200 23776
INFO 2025-07-29 16:14:05,679 basehttp 28852 5948 "GET /api/learning-paths/ HTTP/1.1" 200 769
WARNING 2025-07-29 16:14:05,695 log 28852 32372 Not Found: /api/learning-paths/recommended/
INFO 2025-07-29 16:14:05,704 basehttp 28852 24612 "GET /api/learning-paths/ HTTP/1.1" 200 769
INFO 2025-07-29 16:14:05,704 basehttp 28852 28440 "GET /api/curated/videos/ HTTP/1.1" 200 23776
WARNING 2025-07-29 16:14:05,706 basehttp 28852 32372 "GET /api/learning-paths/recommended/?user_level=beginner HTTP/1.1" 404 35
INFO 2025-07-29 16:14:05,725 basehttp 28852 23940 "GET /api/curated/videos/ HTTP/1.1" 200 23776
WARNING 2025-07-29 16:14:05,732 log 28852 23940 Not Found: /api/learning-paths/recommended/
WARNING 2025-07-29 16:14:05,734 basehttp 28852 23940 "GET /api/learning-paths/recommended/?user_level=beginner HTTP/1.1" 404 35
INFO 2025-07-29 16:14:05,743 basehttp 28852 27316 "GET /api/learning-paths/ HTTP/1.1" 200 769
INFO 2025-07-29 16:14:05,757 basehttp 28852 5948 "GET /api/curated/videos/ HTTP/1.1" 200 23776
WARNING 2025-07-29 16:14:05,769 log 28852 5948 Not Found: /api/learning-paths/recommended/
INFO 2025-07-29 16:14:05,771 basehttp 28852 24612 "GET /api/curated/videos/ HTTP/1.1" 200 23776
INFO 2025-07-29 16:14:05,782 basehttp 28852 28440 "GET /api/curated/videos/ HTTP/1.1" 200 23776
WARNING 2025-07-29 16:14:05,784 basehttp 28852 5948 "GET /api/learning-paths/recommended/?user_level=beginner HTTP/1.1" 404 35
INFO 2025-07-29 16:14:05,796 basehttp 28852 32372 "GET /api/learning-paths/ HTTP/1.1" 200 769
INFO 2025-07-29 16:14:05,807 basehttp 28852 27316 "GET /api/learning-paths/ HTTP/1.1" 200 769
INFO 2025-07-29 16:14:05,816 basehttp 28852 23940 "GET /api/curated/videos/ HTTP/1.1" 200 23776
INFO 2025-07-29 16:14:05,840 basehttp 28852 24612 "GET /api/curated/videos/ HTTP/1.1" 200 23776
WARNING 2025-07-29 16:14:05,848 log 28852 24612 Not Found: /api/learning-paths/recommended/
INFO 2025-07-29 16:14:05,849 basehttp 28852 28440 "GET /api/learning-paths/ HTTP/1.1" 200 769
WARNING 2025-07-29 16:14:05,850 basehttp 28852 24612 "GET /api/learning-paths/recommended/?user_level=beginner HTTP/1.1" 404 35
INFO 2025-07-29 16:14:05,872 basehttp 28852 32372 "GET /api/curated/videos/ HTTP/1.1" 200 23776
INFO 2025-07-29 16:14:05,873 basehttp 28852 5948 "GET /api/curated/videos/ HTTP/1.1" 200 23776
INFO 2025-07-29 16:14:05,892 basehttp 28852 23940 "GET /api/learning-paths/ HTTP/1.1" 200 769
INFO 2025-07-29 16:14:05,893 basehttp 28852 27316 "GET /api/curated/videos/ HTTP/1.1" 200 23776
WARNING 2025-07-29 16:14:05,900 log 28852 23940 Not Found: /api/learning-paths/recommended/
WARNING 2025-07-29 16:14:05,905 basehttp 28852 23940 "GET /api/learning-paths/recommended/?user_level=beginner HTTP/1.1" 404 35
INFO 2025-07-29 16:14:05,917 basehttp 28852 28440 "GET /api/curated/videos/ HTTP/1.1" 200 23776
INFO 2025-07-29 16:14:05,937 basehttp 28852 24612 "GET /api/curated/videos/ HTTP/1.1" 200 23776
WARNING 2025-07-29 16:14:05,950 log 28852 24612 Not Found: /api/learning-paths/recommended/
INFO 2025-07-29 16:14:05,951 basehttp 28852 32372 "GET /api/curated/videos/ HTTP/1.1" 200 23776
INFO 2025-07-29 16:14:05,952 basehttp 28852 5948 "GET /api/learning-paths/ HTTP/1.1" 200 769
WARNING 2025-07-29 16:14:05,953 basehttp 28852 24612 "GET /api/learning-paths/recommended/?user_level=beginner HTTP/1.1" 404 35
INFO 2025-07-29 16:14:05,981 basehttp 28852 23940 "GET /api/curated/videos/ HTTP/1.1" 200 23776
INFO 2025-07-29 16:14:05,983 basehttp 28852 27316 "GET /api/curated/videos/ HTTP/1.1" 200 23776
INFO 2025-07-29 16:14:05,995 basehttp 28852 28440 "GET /api/learning-paths/ HTTP/1.1" 200 769
INFO 2025-07-29 16:14:06,025 basehttp 28852 32372 "GET /api/learning-paths/ HTTP/1.1" 200 769
INFO 2025-07-29 16:14:06,036 basehttp 28852 5948 "GET /api/curated/videos/ HTTP/1.1" 200 23776
INFO 2025-07-29 16:14:06,042 basehttp 28852 24612 "GET /api/curated/videos/ HTTP/1.1" 200 23776
INFO 2025-07-29 16:14:06,055 basehttp 28852 23940 "GET /api/learning-paths/ HTTP/1.1" 200 769
INFO 2025-07-29 16:14:06,064 basehttp 28852 27316 "GET /api/curated/videos/ HTTP/1.1" 200 23776
INFO 2025-07-29 16:14:06,072 basehttp 28852 28440 "GET /api/learning-paths/ HTTP/1.1" 200 769
INFO 2025-07-29 16:14:06,100 basehttp 28852 32372 "GET /api/curated/videos/ HTTP/1.1" 200 23776
INFO 2025-07-29 16:14:06,113 basehttp 28852 5948 "GET /api/curated/videos/ HTTP/1.1" 200 23776
INFO 2025-07-29 16:14:06,124 basehttp 28852 24612 "GET /api/curated/videos/ HTTP/1.1" 200 23776
INFO 2025-07-29 16:14:06,132 basehttp 28852 23940 "GET /api/learning-paths/ HTTP/1.1" 200 769
INFO 2025-07-29 16:14:06,145 basehttp 28852 28440 "GET /api/learning-paths/ HTTP/1.1" 200 769
INFO 2025-07-29 16:14:06,151 basehttp 28852 27316 "GET /api/curated/videos/ HTTP/1.1" 200 23776
INFO 2025-07-29 16:14:06,176 basehttp 28852 32372 "GET /api/curated/videos/ HTTP/1.1" 200 23776
INFO 2025-07-29 16:14:06,190 basehttp 28852 5948 "GET /api/curated/videos/ HTTP/1.1" 200 23776
INFO 2025-07-29 16:14:06,200 basehttp 28852 24612 "GET /api/curated/videos/ HTTP/1.1" 200 23776
INFO 2025-07-29 16:14:06,209 basehttp 28852 23940 "GET /api/learning-paths/ HTTP/1.1" 200 769
INFO 2025-07-29 16:14:06,229 basehttp 28852 28440 "GET /api/learning-paths/ HTTP/1.1" 200 769
INFO 2025-07-29 16:14:06,230 basehttp 28852 27316 "GET /api/curated/videos/ HTTP/1.1" 200 23776
INFO 2025-07-29 16:14:06,243 basehttp 28852 32372 "GET /api/learning-paths/ HTTP/1.1" 200 769
INFO 2025-07-29 16:14:06,260 basehttp 28852 5948 "GET /api/curated/videos/ HTTP/1.1" 200 23776
INFO 2025-07-29 16:14:06,271 basehttp 28852 24612 "GET /api/learning-paths/ HTTP/1.1" 200 769
INFO 2025-07-29 16:14:06,298 basehttp 28852 28440 "GET /api/learning-paths/ HTTP/1.1" 200 769
INFO 2025-07-29 16:14:06,299 basehttp 28852 23940 "GET /api/curated/videos/ HTTP/1.1" 200 23776
WARNING 2025-07-29 16:14:06,317 log 28852 28440 Not Found: /api/learning-paths/recommended/
INFO 2025-07-29 16:14:06,321 basehttp 28852 32372 "GET /api/learning-paths/ HTTP/1.1" 200 769
INFO 2025-07-29 16:14:06,321 basehttp 28852 27316 "GET /api/curated/videos/ HTTP/1.1" 200 23776
WARNING 2025-07-29 16:14:06,323 basehttp 28852 28440 "GET /api/learning-paths/recommended/?user_level=beginner HTTP/1.1" 404 35
INFO 2025-07-29 16:14:06,350 basehttp 28852 24612 "GET /api/learning-paths/ HTTP/1.1" 200 769
INFO 2025-07-29 16:14:06,350 basehttp 28852 5948 "GET /api/curated/videos/ HTTP/1.1" 200 23776
INFO 2025-07-29 16:14:06,379 basehttp 28852 23940 "GET /api/curated/videos/ HTTP/1.1" 200 23776
INFO 2025-07-29 16:14:06,407 basehttp 28852 32372 "GET /api/curated/videos/ HTTP/1.1" 200 23776
INFO 2025-07-29 16:14:06,419 basehttp 28852 27316 "GET /api/curated/videos/ HTTP/1.1" 200 23776
INFO 2025-07-29 16:14:06,430 basehttp 28852 28440 "GET /api/curated/videos/ HTTP/1.1" 200 23776
INFO 2025-07-29 16:14:06,442 basehttp 28852 24612 "GET /api/curated/videos/ HTTP/1.1" 200 23776
INFO 2025-07-29 16:14:06,443 basehttp 28852 5948 "GET /api/curated/videos/ HTTP/1.1" 200 23776
WARNING 2025-07-29 16:14:06,456 log 28852 5948 Not Found: /api/learning-paths/recommended/
INFO 2025-07-29 16:14:06,456 basehttp 28852 23940 "GET /api/learning-paths/ HTTP/1.1" 200 769
WARNING 2025-07-29 16:14:06,458 basehttp 28852 5948 "GET /api/learning-paths/recommended/?user_level=beginner HTTP/1.1" 404 35
INFO 2025-07-29 16:14:06,486 basehttp 28852 32372 "GET /api/curated/videos/ HTTP/1.1" 200 23776
INFO 2025-07-29 16:14:06,498 basehttp 28852 27316 "GET /api/curated/videos/ HTTP/1.1" 200 23776
INFO 2025-07-29 16:14:06,524 basehttp 28852 28440 "GET /api/curated/videos/ HTTP/1.1" 200 23776
INFO 2025-07-29 16:14:06,524 basehttp 28852 24612 "GET /api/curated/videos/ HTTP/1.1" 200 23776
INFO 2025-07-29 16:14:06,550 basehttp 28852 23940 "GET /api/curated/videos/ HTTP/1.1" 200 23776
INFO 2025-07-29 16:14:06,552 basehttp 28852 5948 "GET /api/curated/videos/ HTTP/1.1" 200 23776
INFO 2025-07-29 16:14:06,574 basehttp 28852 32372 "GET /api/curated/videos/ HTTP/1.1" 200 23776
INFO 2025-07-29 16:14:06,581 basehttp 28852 27316 "GET /api/learning-paths/ HTTP/1.1" 200 769
WARNING 2025-07-29 16:14:06,615 log 28852 23940 Not Found: /api/learning-paths/recommended/
INFO 2025-07-29 16:14:06,636 basehttp 28852 24612 "GET /api/curated/videos/ HTTP/1.1" 200 23776
INFO 2025-07-29 16:14:06,637 basehttp 28852 28440 "GET /api/curated/videos/ HTTP/1.1" 200 23776
WARNING 2025-07-29 16:14:06,674 basehttp 28852 23940 "GET /api/learning-paths/recommended/?user_level=beginner HTTP/1.1" 404 35
INFO 2025-07-29 16:14:06,691 basehttp 28852 5948 "GET /api/curated/videos/ HTTP/1.1" 200 23776
INFO 2025-07-29 16:14:06,700 basehttp 28852 32372 "GET /api/curated/videos/ HTTP/1.1" 200 23776
WARNING 2025-07-29 16:14:06,744 log 28852 27316 Not Found: /api/learning-paths/recommended/
INFO 2025-07-29 16:14:06,761 basehttp 28852 24612 "GET /api/curated/videos/ HTTP/1.1" 200 23776
WARNING 2025-07-29 16:14:06,791 log 28852 23940 Not Found: /api/learning-paths/recommended/
INFO 2025-07-29 16:14:06,805 basehttp 28852 28440 "GET /api/learning-paths/ HTTP/1.1" 200 769
INFO 2025-07-29 16:14:06,845 basehttp 28852 5948 "GET /api/curated/videos/ HTTP/1.1" 200 23776
WARNING 2025-07-29 16:14:06,859 basehttp 28852 27316 "GET /api/learning-paths/recommended/?user_level=beginner HTTP/1.1" 404 35
INFO 2025-07-29 16:14:06,907 basehttp 28852 32372 "GET /api/curated/videos/ HTTP/1.1" 200 23776
WARNING 2025-07-29 16:14:06,927 basehttp 28852 23940 "GET /api/learning-paths/recommended/?user_level=beginner HTTP/1.1" 404 35
INFO 2025-07-29 16:14:06,967 basehttp 28852 24612 "GET /api/curated/videos/ HTTP/1.1" 200 23776
INFO 2025-07-29 16:14:07,049 basehttp 28852 28440 "GET /api/learning-paths/ HTTP/1.1" 200 769
INFO 2025-07-29 16:14:07,071 basehttp 28852 5948 "GET /api/curated/videos/ HTTP/1.1" 200 23776
WARNING 2025-07-29 16:14:07,126 log 28852 23940 Not Found: /api/learning-paths/recommended/
INFO 2025-07-29 16:14:07,144 basehttp 28852 32372 "GET /api/learning-paths/ HTTP/1.1" 200 769
INFO 2025-07-29 16:14:07,159 basehttp 28852 27316 "GET /api/curated/videos/ HTTP/1.1" 200 23776
INFO 2025-07-29 16:14:07,205 basehttp 28852 24612 "GET /api/curated/videos/ HTTP/1.1" 200 23776
INFO 2025-07-29 16:14:07,250 basehttp 28852 28440 "GET /api/learning-paths/ HTTP/1.1" 200 769
WARNING 2025-07-29 16:14:07,273 basehttp 28852 23940 "GET /api/learning-paths/recommended/?user_level=beginner HTTP/1.1" 404 35
INFO 2025-07-29 16:14:07,300 basehttp 28852 5948 "GET /api/learning-paths/ HTTP/1.1" 200 769
INFO 2025-07-29 16:14:07,358 basehttp 28852 27316 "GET /api/curated/videos/ HTTP/1.1" 200 23776
INFO 2025-07-29 16:14:07,358 basehttp 28852 32372 "GET /api/curated/videos/ HTTP/1.1" 200 23776
WARNING 2025-07-29 16:14:07,388 log 28852 27316 Not Found: /api/learning-paths/recommended/
INFO 2025-07-29 16:14:07,390 basehttp 28852 24612 "GET /api/learning-paths/ HTTP/1.1" 200 769
WARNING 2025-07-29 16:14:07,391 basehttp 28852 27316 "GET /api/learning-paths/recommended/?user_level=beginner HTTP/1.1" 404 35
INFO 2025-07-29 16:14:07,406 basehttp 28852 23940 "GET /api/learning-paths/ HTTP/1.1" 200 769
INFO 2025-07-29 16:14:07,436 basehttp 28852 5948 "GET /api/curated/videos/ HTTP/1.1" 200 23776
INFO 2025-07-29 16:14:07,448 basehttp 28852 32372 "GET /api/learning-paths/ HTTP/1.1" 200 769
INFO 2025-07-29 16:14:07,472 basehttp 28852 28440 "GET /api/curated/videos/ HTTP/1.1" 200 23776
INFO 2025-07-29 16:14:07,473 basehttp 28852 24612 "GET /api/curated/videos/ HTTP/1.1" 200 23776
INFO 2025-07-29 16:14:07,493 basehttp 28852 27316 "GET /api/learning-paths/ HTTP/1.1" 200 769
INFO 2025-07-29 16:14:07,504 basehttp 28852 5948 "GET /api/learning-paths/ HTTP/1.1" 200 769
INFO 2025-07-29 16:14:07,528 basehttp 28852 32372 "GET /api/curated/videos/ HTTP/1.1" 200 23776
INFO 2025-07-29 16:14:07,544 basehttp 28852 23940 "GET /api/curated/videos/ HTTP/1.1" 200 23776
INFO 2025-07-29 16:14:07,548 basehttp 28852 24612 "GET /api/learning-paths/ HTTP/1.1" 200 769
INFO 2025-07-29 16:14:07,560 basehttp 28852 28440 "GET /api/curated/videos/ HTTP/1.1" 200 23776
INFO 2025-07-29 16:14:07,589 basehttp 28852 27316 "GET /api/curated/videos/ HTTP/1.1" 200 23776
INFO 2025-07-29 16:14:07,590 basehttp 28852 5948 "GET /api/learning-paths/ HTTP/1.1" 200 769
INFO 2025-07-29 16:14:07,601 basehttp 28852 32372 "GET /api/curated/videos/ HTTP/1.1" 200 23776
INFO 2025-07-29 16:14:07,657 basehttp 28852 24612 "GET /api/curated/videos/ HTTP/1.1" 200 23776
INFO 2025-07-29 16:14:07,657 basehttp 28852 28440 "GET /api/curated/videos/ HTTP/1.1" 200 23776
INFO 2025-07-29 16:14:07,658 basehttp 28852 23940 "GET /api/curated/videos/ HTTP/1.1" 200 23776
INFO 2025-07-29 16:14:07,677 basehttp 28852 27316 "GET /api/learning-paths/ HTTP/1.1" 200 769
INFO 2025-07-29 16:14:07,683 basehttp 28852 32372 "GET /api/learning-paths/ HTTP/1.1" 200 769
WARNING 2025-07-29 16:14:07,732 log 28852 23940 Not Found: /api/learning-paths/recommended/
INFO 2025-07-29 16:14:07,740 basehttp 28852 5948 "GET /api/curated/videos/ HTTP/1.1" 200 23776
WARNING 2025-07-29 16:14:07,743 basehttp 28852 23940 "GET /api/learning-paths/recommended/?user_level=beginner HTTP/1.1" 404 35
INFO 2025-07-29 16:14:07,767 basehttp 28852 28440 "GET /api/curated/videos/ HTTP/1.1" 200 23776
INFO 2025-07-29 16:14:07,787 basehttp 28852 24612 "GET /api/curated/videos/ HTTP/1.1" 200 23776
INFO 2025-07-29 16:14:07,791 basehttp 28852 27316 "GET /api/curated/videos/ HTTP/1.1" 200 23776
INFO 2025-07-29 16:14:07,793 basehttp 28852 32372 "GET /api/curated/videos/ HTTP/1.1" 200 23776
INFO 2025-07-29 16:14:07,825 basehttp 28852 23940 "GET /api/curated/videos/ HTTP/1.1" 200 23776
INFO 2025-07-29 16:14:07,841 basehttp 28852 5948 "GET /api/learning-paths/ HTTP/1.1" 200 769
INFO 2025-07-29 16:14:07,856 basehttp 28852 28440 "GET /api/curated/videos/ HTTP/1.1" 200 23776
INFO 2025-07-29 16:14:07,869 basehttp 28852 24612 "GET /api/learning-paths/ HTTP/1.1" 200 769
INFO 2025-07-29 16:14:07,889 basehttp 28852 27316 "GET /api/curated/videos/ HTTP/1.1" 200 23776
WARNING 2025-07-29 16:14:07,894 log 28852 23940 Not Found: /api/learning-paths/recommended/
INFO 2025-07-29 16:14:07,897 basehttp 28852 32372 "GET /api/learning-paths/ HTTP/1.1" 200 769
INFO 2025-07-29 16:14:07,985 basehttp 28852 5948 "GET /api/curated/videos/ HTTP/1.1" 200 23776
INFO 2025-07-29 16:14:07,988 basehttp 28852 28440 "GET /api/learning-paths/ HTTP/1.1" 200 769
WARNING 2025-07-29 16:14:07,993 log 28852 24612 Not Found: /api/learning-paths/recommended/
WARNING 2025-07-29 16:14:08,017 basehttp 28852 23940 "GET /api/learning-paths/recommended/?user_level=beginner HTTP/1.1" 404 35
INFO 2025-07-29 16:14:08,043 basehttp 28852 27316 "GET /api/curated/videos/ HTTP/1.1" 200 23776
WARNING 2025-07-29 16:14:08,096 basehttp 28852 24612 "GET /api/learning-paths/recommended/?user_level=beginner HTTP/1.1" 404 35
INFO 2025-07-29 16:14:08,102 basehttp 28852 32372 "GET /api/curated/videos/ HTTP/1.1" 200 23776
INFO 2025-07-29 16:14:08,117 basehttp 28852 5948 "GET /api/curated/videos/ HTTP/1.1" 200 23776
INFO 2025-07-29 16:14:08,134 basehttp 28852 28440 "GET /api/curated/videos/ HTTP/1.1" 200 23776
INFO 2025-07-29 16:14:08,203 basehttp 28852 23940 "GET /api/learning-paths/ HTTP/1.1" 200 769
WARNING 2025-07-29 16:14:08,247 log 28852 27316 Not Found: /api/learning-paths/recommended/
WARNING 2025-07-29 16:14:08,300 log 28852 24612 Not Found: /api/learning-paths/recommended/
INFO 2025-07-29 16:14:08,318 basehttp 28852 5948 "GET /api/curated/videos/ HTTP/1.1" 200 23776
WARNING 2025-07-29 16:14:08,324 basehttp 28852 27316 "GET /api/learning-paths/recommended/?user_level=beginner HTTP/1.1" 404 35
INFO 2025-07-29 16:14:08,344 basehttp 28852 28440 "GET /api/learning-paths/ HTTP/1.1" 200 769
WARNING 2025-07-29 16:14:08,350 log 28852 32372 Not Found: /api/learning-paths/recommended/
WARNING 2025-07-29 16:14:08,364 basehttp 28852 24612 "GET /api/learning-paths/recommended/?user_level=beginner HTTP/1.1" 404 35
INFO 2025-07-29 16:14:08,448 basehttp 28852 23940 "GET /api/curated/videos/ HTTP/1.1" 200 23776
INFO 2025-07-29 16:14:08,493 basehttp 28852 5948 "GET /api/curated/videos/ HTTP/1.1" 200 23776
WARNING 2025-07-29 16:14:08,495 basehttp 28852 32372 "GET /api/learning-paths/recommended/?user_level=beginner HTTP/1.1" 404 35
WARNING 2025-07-29 16:14:08,501 log 28852 28440 Not Found: /api/learning-paths/recommended/
INFO 2025-07-29 16:14:08,524 basehttp 28852 27316 "GET /api/learning-paths/ HTTP/1.1" 200 769
WARNING 2025-07-29 16:14:08,531 basehttp 28852 28440 "GET /api/learning-paths/recommended/?user_level=beginner HTTP/1.1" 404 35
INFO 2025-07-29 16:14:08,576 basehttp 28852 24612 "GET /api/curated/videos/ HTTP/1.1" 200 23776
INFO 2025-07-29 16:14:08,595 basehttp 28852 23940 "GET /api/curated/videos/ HTTP/1.1" 200 23776
INFO 2025-07-29 16:14:08,623 basehttp 28852 5948 "GET /api/curated/videos/ HTTP/1.1" 200 23776
WARNING 2025-07-29 16:14:08,629 log 28852 24612 Not Found: /api/learning-paths/recommended/
INFO 2025-07-29 16:14:08,633 basehttp 28852 28440 "GET /api/learning-paths/ HTTP/1.1" 200 769
INFO 2025-07-29 16:14:08,634 basehttp 28852 32372 "GET /api/learning-paths/ HTTP/1.1" 200 769
INFO 2025-07-29 16:14:08,683 basehttp 28852 27316 "GET /api/curated/videos/ HTTP/1.1" 200 23776
WARNING 2025-07-29 16:14:08,688 basehttp 28852 24612 "GET /api/learning-paths/recommended/?user_level=beginner HTTP/1.1" 404 35
INFO 2025-07-29 16:14:08,774 basehttp 28852 23940 "GET /api/curated/videos/ HTTP/1.1" 200 23776
INFO 2025-07-29 16:14:08,789 basehttp 28852 28440 "GET /api/curated/videos/ HTTP/1.1" 200 23776
INFO 2025-07-29 16:14:08,810 basehttp 28852 5948 - Broken pipe from ('127.0.0.1', 53786)
INFO 2025-07-29 16:14:08,812 basehttp 28852 32372 - Broken pipe from ('127.0.0.1', 53784)
INFO 2025-07-29 16:14:08,914 basehttp 28852 27316 "GET /api/curated/videos/ HTTP/1.1" 200 23776
INFO 2025-07-29 16:14:08,917 basehttp 28852 24612 "GET /api/learning-paths/ HTTP/1.1" 200 769
INFO 2025-07-29 16:14:09,143 basehttp 28852 32044 "GET /api/learning-paths/ HTTP/1.1" 200 769
INFO 2025-07-29 16:14:09,202 basehttp 28852 23940 - Broken pipe from ('127.0.0.1', 53749)
INFO 2025-07-29 16:14:09,249 basehttp 28852 4688 "GET /api/curated/videos/ HTTP/1.1" 200 23776
INFO 2025-07-29 16:14:09,412 basehttp 28852 32044 - Broken pipe from ('127.0.0.1', 53813)
WARNING 2025-07-29 16:14:11,945 log 28852 17236 Not Found: /api/learning-paths/recommended/
WARNING 2025-07-29 16:14:11,951 basehttp 28852 17236 "GET /api/learning-paths/recommended/?user_level=beginner HTTP/1.1" 404 35
WARNING 2025-07-29 16:14:11,967 log 28852 31600 Not Found: /api/learning-paths/recommended/
WARNING 2025-07-29 16:14:11,973 basehttp 28852 31600 "GET /api/learning-paths/recommended/?user_level=beginner HTTP/1.1" 404 35
INFO 2025-07-29 16:14:12,013 basehttp 28852 13444 "GET /api/learning-paths/ HTTP/1.1" 200 769
INFO 2025-07-29 16:14:12,040 basehttp 28852 24612 "GET /api/curated/videos/ HTTP/1.1" 200 23776
INFO 2025-07-29 16:14:12,070 basehttp 28852 30936 "GET /api/curated/topics/ HTTP/1.1" 200 274
INFO 2025-07-29 16:14:12,090 basehttp 28852 31600 "GET /api/learning-paths/ HTTP/1.1" 200 769
INFO 2025-07-29 16:14:12,155 basehttp 28852 13444 "GET /api/curated/videos/ HTTP/1.1" 200 23776
INFO 2025-07-29 16:14:12,174 basehttp 28852 24612 "GET /api/curated/topics/ HTTP/1.1" 200 274
WARNING 2025-07-29 16:14:13,179 log 28852 31600 Not Found: /api/learning-paths/recommended/
INFO 2025-07-29 16:14:13,186 basehttp 28852 13444 "GET /api/learning-paths/ HTTP/1.1" 200 769
WARNING 2025-07-29 16:14:13,207 basehttp 28852 31600 "GET /api/learning-paths/recommended/?user_level=beginner HTTP/1.1" 404 35
INFO 2025-07-29 16:14:13,226 basehttp 28852 24612 "GET /api/curated/videos/ HTTP/1.1" 200 23776
WARNING 2025-07-29 16:14:13,884 log 28852 13444 Not Found: /api/learning-paths/recommended/
WARNING 2025-07-29 16:14:13,887 basehttp 28852 13444 "GET /api/learning-paths/recommended/?user_level=beginner HTTP/1.1" 404 35
INFO 2025-07-29 16:14:13,943 basehttp 28852 31600 "GET /api/learning-paths/ HTTP/1.1" 200 769
INFO 2025-07-29 16:14:13,988 basehttp 28852 24612 "GET /api/curated/videos/ HTTP/1.1" 200 23776
WARNING 2025-07-29 16:14:14,547 log 28852 13444 Not Found: /api/learning-paths/recommended/
WARNING 2025-07-29 16:14:14,558 basehttp 28852 13444 "GET /api/learning-paths/recommended/?user_level=beginner HTTP/1.1" 404 35
INFO 2025-07-29 16:14:14,603 basehttp 28852 31600 "GET /api/learning-paths/ HTTP/1.1" 200 769
INFO 2025-07-29 16:14:14,658 basehttp 28852 24612 "GET /api/curated/videos/ HTTP/1.1" 200 23776
WARNING 2025-07-29 16:14:14,795 log 28852 13444 Not Found: /api/learning-paths/recommended/
WARNING 2025-07-29 16:14:14,797 basehttp 28852 13444 "GET /api/learning-paths/recommended/?user_level=beginner HTTP/1.1" 404 35
WARNING 2025-07-29 16:14:14,840 log 28852 13444 Not Found: /api/learning-paths/recommended/
INFO 2025-07-29 16:14:14,846 basehttp 28852 24612 "GET /api/curated/videos/ HTTP/1.1" 200 23776
WARNING 2025-07-29 16:14:14,851 basehttp 28852 13444 "GET /api/learning-paths/recommended/?user_level=beginner HTTP/1.1" 404 35
INFO 2025-07-29 16:14:14,860 basehttp 28852 31600 "GET /api/learning-paths/ HTTP/1.1" 200 769
WARNING 2025-07-29 16:14:14,884 log 28852 17236 Not Found: /api/learning-paths/recommended/
WARNING 2025-07-29 16:14:14,886 basehttp 28852 17236 "GET /api/learning-paths/recommended/?user_level=beginner HTTP/1.1" 404 35
WARNING 2025-07-29 16:14:14,902 log 28852 31600 Not Found: /api/learning-paths/recommended/
WARNING 2025-07-29 16:14:14,904 basehttp 28852 31600 "GET /api/learning-paths/recommended/?user_level=beginner HTTP/1.1" 404 35
INFO 2025-07-29 16:14:14,940 basehttp 28852 13444 "GET /api/learning-paths/ HTTP/1.1" 200 769
WARNING 2025-07-29 16:14:14,969 log 28852 31600 Not Found: /api/learning-paths/recommended/
WARNING 2025-07-29 16:14:14,975 basehttp 28852 31600 "GET /api/learning-paths/recommended/?user_level=beginner HTTP/1.1" 404 35
INFO 2025-07-29 16:14:15,002 basehttp 28852 30936 "GET /api/curated/videos/ HTTP/1.1" 200 23776
INFO 2025-07-29 16:14:15,020 basehttp 28852 17236 "GET /api/learning-paths/ HTTP/1.1" 200 769
INFO 2025-07-29 16:14:15,105 basehttp 28852 30936 "GET /api/learning-paths/ HTTP/1.1" 200 769
WARNING 2025-07-29 16:14:15,132 log 28852 30936 Not Found: /api/learning-paths/recommended/
WARNING 2025-07-29 16:14:15,134 basehttp 28852 30936 "GET /api/learning-paths/recommended/?user_level=beginner HTTP/1.1" 404 35
INFO 2025-07-29 16:14:15,145 basehttp 28852 31600 "GET /api/curated/videos/ HTTP/1.1" 200 23776
INFO 2025-07-29 16:14:15,190 basehttp 28852 17236 "GET /api/learning-paths/ HTTP/1.1" 200 769
WARNING 2025-07-29 16:14:15,192 log 28852 31600 Not Found: /api/learning-paths/recommended/
WARNING 2025-07-29 16:14:15,201 basehttp 28852 31600 "GET /api/learning-paths/recommended/?user_level=beginner HTTP/1.1" 404 35
INFO 2025-07-29 16:14:15,225 basehttp 28852 30936 "GET /api/curated/videos/ HTTP/1.1" 200 23776
INFO 2025-07-29 16:14:15,260 basehttp 28852 13444 "GET /api/learning-paths/ HTTP/1.1" 200 769
WARNING 2025-07-29 16:14:15,276 log 28852 30936 Not Found: /api/learning-paths/recommended/
WARNING 2025-07-29 16:14:15,279 basehttp 28852 30936 "GET /api/learning-paths/recommended/?user_level=beginner HTTP/1.1" 404 35
INFO 2025-07-29 16:14:15,305 basehttp 28852 31600 "GET /api/curated/videos/ HTTP/1.1" 200 23776
INFO 2025-07-29 16:14:15,336 basehttp 28852 17236 "GET /api/learning-paths/ HTTP/1.1" 200 769
WARNING 2025-07-29 16:14:15,368 log 28852 17236 Not Found: /api/learning-paths/recommended/
WARNING 2025-07-29 16:14:15,371 basehttp 28852 17236 "GET /api/learning-paths/recommended/?user_level=beginner HTTP/1.1" 404 35
INFO 2025-07-29 16:14:15,400 basehttp 28852 30936 "GET /api/curated/videos/ HTTP/1.1" 200 23776
INFO 2025-07-29 16:14:15,403 basehttp 28852 31600 "GET /api/learning-paths/ HTTP/1.1" 200 769
WARNING 2025-07-29 16:14:15,447 log 28852 31600 Not Found: /api/learning-paths/recommended/
WARNING 2025-07-29 16:14:15,449 basehttp 28852 31600 "GET /api/learning-paths/recommended/?user_level=beginner HTTP/1.1" 404 35
WARNING 2025-07-29 16:14:15,474 log 28852 31600 Not Found: /api/learning-paths/recommended/
WARNING 2025-07-29 16:14:15,483 basehttp 28852 31600 "GET /api/learning-paths/recommended/?user_level=beginner HTTP/1.1" 404 35
INFO 2025-07-29 16:14:15,484 basehttp 28852 17236 "GET /api/curated/videos/ HTTP/1.1" 200 23776
INFO 2025-07-29 16:14:15,496 basehttp 28852 30936 "GET /api/learning-paths/ HTTP/1.1" 200 769
WARNING 2025-07-29 16:14:15,545 log 28852 30936 Not Found: /api/learning-paths/recommended/
WARNING 2025-07-29 16:14:15,548 basehttp 28852 30936 "GET /api/learning-paths/recommended/?user_level=beginner HTTP/1.1" 404 35
INFO 2025-07-29 16:14:15,562 basehttp 28852 13444 "GET /api/curated/videos/ HTTP/1.1" 200 23776
WARNING 2025-07-29 16:14:15,563 log 28852 30936 Not Found: /api/learning-paths/recommended/
INFO 2025-07-29 16:14:15,579 basehttp 28852 31600 "GET /api/learning-paths/ HTTP/1.1" 200 769
WARNING 2025-07-29 16:14:15,586 basehttp 28852 30936 "GET /api/learning-paths/recommended/?user_level=beginner HTTP/1.1" 404 35
WARNING 2025-07-29 16:14:15,636 log 28852 30936 Not Found: /api/learning-paths/recommended/
WARNING 2025-07-29 16:14:15,642 basehttp 28852 30936 "GET /api/learning-paths/recommended/?user_level=beginner HTTP/1.1" 404 35
INFO 2025-07-29 16:14:15,643 basehttp 28852 17236 "GET /api/curated/videos/ HTTP/1.1" 200 23776
INFO 2025-07-29 16:14:15,662 basehttp 28852 13444 "GET /api/learning-paths/ HTTP/1.1" 200 769
INFO 2025-07-29 16:14:15,726 basehttp 28852 31600 "GET /api/curated/videos/ HTTP/1.1" 200 23776
INFO 2025-07-29 16:14:15,742 basehttp 28852 17236 "GET /api/learning-paths/ HTTP/1.1" 200 769
INFO 2025-07-29 16:14:15,810 basehttp 28852 31600 "GET /api/learning-paths/ HTTP/1.1" 200 769
INFO 2025-07-29 16:14:15,832 basehttp 28852 13444 "GET /api/curated/videos/ HTTP/1.1" 200 23776
WARNING 2025-07-29 16:14:15,850 log 28852 30936 Not Found: /api/learning-paths/recommended/
WARNING 2025-07-29 16:14:15,853 basehttp 28852 30936 "GET /api/learning-paths/recommended/?user_level=beginner HTTP/1.1" 404 35
INFO 2025-07-29 16:14:15,877 basehttp 28852 17236 "GET /api/learning-paths/ HTTP/1.1" 200 769
INFO 2025-07-29 16:14:15,917 basehttp 28852 31600 "GET /api/curated/videos/ HTTP/1.1" 200 23776
INFO 2025-07-29 16:14:15,945 basehttp 28852 30936 "GET /api/learning-paths/ HTTP/1.1" 200 769
INFO 2025-07-29 16:14:16,008 basehttp 28852 17236 "GET /api/curated/videos/ HTTP/1.1" 200 23776
WARNING 2025-07-29 16:14:16,009 log 28852 31600 Not Found: /api/learning-paths/recommended/
WARNING 2025-07-29 16:14:16,024 basehttp 28852 31600 "GET /api/learning-paths/recommended/?user_level=beginner HTTP/1.1" 404 35
INFO 2025-07-29 16:14:16,068 basehttp 28852 30936 "GET /api/learning-paths/ HTTP/1.1" 200 769
INFO 2025-07-29 16:14:16,094 basehttp 28852 13444 "GET /api/curated/videos/ HTTP/1.1" 200 23776
WARNING 2025-07-29 16:14:16,100 log 28852 31600 Not Found: /api/learning-paths/recommended/
WARNING 2025-07-29 16:14:16,113 basehttp 28852 31600 "GET /api/learning-paths/recommended/?user_level=beginner HTTP/1.1" 404 35
WARNING 2025-07-29 16:14:16,130 log 28852 13444 Not Found: /api/learning-paths/recommended/
WARNING 2025-07-29 16:14:16,135 basehttp 28852 13444 "GET /api/learning-paths/recommended/?user_level=beginner HTTP/1.1" 404 35
INFO 2025-07-29 16:14:16,152 basehttp 28852 17236 "GET /api/learning-paths/ HTTP/1.1" 200 769
WARNING 2025-07-29 16:14:16,171 log 28852 17236 Not Found: /api/learning-paths/recommended/
WARNING 2025-07-29 16:14:16,173 basehttp 28852 17236 "GET /api/learning-paths/recommended/?user_level=beginner HTTP/1.1" 404 35
INFO 2025-07-29 16:14:16,181 basehttp 28852 30936 "GET /api/curated/videos/ HTTP/1.1" 200 23776
INFO 2025-07-29 16:14:16,220 basehttp 28852 13444 "GET /api/learning-paths/ HTTP/1.1" 200 769
INFO 2025-07-29 16:14:16,272 basehttp 28852 17236 "GET /api/curated/videos/ HTTP/1.1" 200 23776
INFO 2025-07-29 16:14:16,302 basehttp 28852 30936 "GET /api/learning-paths/ HTTP/1.1" 200 769
WARNING 2025-07-29 16:14:16,349 log 28852 17236 Not Found: /api/learning-paths/recommended/
WARNING 2025-07-29 16:14:16,355 basehttp 28852 17236 "GET /api/learning-paths/recommended/?user_level=beginner HTTP/1.1" 404 35
WARNING 2025-07-29 16:14:16,369 log 28852 30936 Not Found: /api/learning-paths/recommended/
WARNING 2025-07-29 16:14:16,376 basehttp 28852 30936 "GET /api/learning-paths/recommended/?user_level=beginner HTTP/1.1" 404 35
INFO 2025-07-29 16:14:16,377 basehttp 28852 13444 "GET /api/curated/videos/ HTTP/1.1" 200 23776
INFO 2025-07-29 16:14:16,406 basehttp 28852 31600 "GET /api/learning-paths/ HTTP/1.1" 200 769
WARNING 2025-07-29 16:14:16,419 log 28852 17236 Not Found: /api/learning-paths/recommended/
WARNING 2025-07-29 16:14:16,429 basehttp 28852 17236 "GET /api/learning-paths/recommended/?user_level=beginner HTTP/1.1" 404 35
WARNING 2025-07-29 16:14:16,440 log 28852 31600 Not Found: /api/learning-paths/recommended/
WARNING 2025-07-29 16:14:16,448 basehttp 28852 31600 "GET /api/learning-paths/recommended/?user_level=beginner HTTP/1.1" 404 35
INFO 2025-07-29 16:14:16,465 basehttp 28852 30936 "GET /api/curated/videos/ HTTP/1.1" 200 23776
WARNING 2025-07-29 16:14:16,493 log 28852 30936 Not Found: /api/learning-paths/recommended/
WARNING 2025-07-29 16:14:16,497 basehttp 28852 30936 "GET /api/learning-paths/recommended/?user_level=beginner HTTP/1.1" 404 35
INFO 2025-07-29 16:14:16,504 basehttp 28852 13444 "GET /api/learning-paths/ HTTP/1.1" 200 769
INFO 2025-07-29 16:14:16,542 basehttp 28852 31600 "GET /api/curated/videos/ HTTP/1.1" 200 23776
WARNING 2025-07-29 16:14:16,562 log 28852 13444 Not Found: /api/learning-paths/recommended/
WARNING 2025-07-29 16:14:16,570 basehttp 28852 13444 "GET /api/learning-paths/recommended/?user_level=beginner HTTP/1.1" 404 35
INFO 2025-07-29 16:14:16,592 basehttp 28852 30936 "GET /api/learning-paths/ HTTP/1.1" 200 769
INFO 2025-07-29 16:14:16,641 basehttp 28852 17236 "GET /api/curated/videos/ HTTP/1.1" 200 23776
INFO 2025-07-29 16:14:16,681 basehttp 28852 13444 "GET /api/learning-paths/ HTTP/1.1" 200 769
WARNING 2025-07-29 16:14:16,749 log 28852 13444 Not Found: /api/learning-paths/recommended/
WARNING 2025-07-29 16:14:16,752 basehttp 28852 13444 "GET /api/learning-paths/recommended/?user_level=beginner HTTP/1.1" 404 35
INFO 2025-07-29 16:14:16,790 basehttp 28852 17236 "GET /api/learning-paths/ HTTP/1.1" 200 769
INFO 2025-07-29 16:14:16,811 basehttp 28852 30936 "GET /api/curated/videos/ HTTP/1.1" 200 23776
INFO 2025-07-29 16:14:16,862 basehttp 28852 13444 "GET /api/learning-paths/ HTTP/1.1" 200 769
WARNING 2025-07-29 16:14:16,899 log 28852 13444 Not Found: /api/learning-paths/recommended/
WARNING 2025-07-29 16:14:16,901 basehttp 28852 13444 "GET /api/learning-paths/recommended/?user_level=beginner HTTP/1.1" 404 35
INFO 2025-07-29 16:14:16,917 basehttp 28852 30936 "GET /api/curated/videos/ HTTP/1.1" 200 23776
INFO 2025-07-29 16:14:16,935 basehttp 28852 17236 "GET /api/learning-paths/ HTTP/1.1" 200 769
INFO 2025-07-29 16:14:17,019 basehttp 28852 31600 "GET /api/learning-paths/ HTTP/1.1" 200 769
INFO 2025-07-29 16:14:17,041 basehttp 28852 13444 "GET /api/curated/videos/ HTTP/1.1" 200 23776
INFO 2025-07-29 16:14:17,216 basehttp 28852 31600 "GET /api/curated/videos/ HTTP/1.1" 200 23776
WARNING 2025-07-29 16:14:17,222 log 28852 30936 Not Found: /api/learning-paths/recommended/
WARNING 2025-07-29 16:14:17,231 basehttp 28852 30936 "GET /api/learning-paths/recommended/?user_level=beginner HTTP/1.1" 404 35
INFO 2025-07-29 16:14:17,262 basehttp 28852 13444 "GET /api/learning-paths/ HTTP/1.1" 200 769
INFO 2025-07-29 16:14:17,330 basehttp 28852 17236 "GET /api/curated/videos/ HTTP/1.1" 200 23776
INFO 2025-07-29 16:14:17,419 basehttp 28852 13444 "GET /api/curated/videos/ HTTP/1.1" 200 23776
INFO 2025-07-29 16:14:17,518 basehttp 28852 17236 "GET /api/curated/videos/ HTTP/1.1" 200 23776
WARNING 2025-07-29 16:14:17,714 log 28852 31600 Not Found: /api/learning-paths/recommended/
INFO 2025-07-29 16:14:17,716 basehttp 28852 30936 "GET /api/curated/videos/ HTTP/1.1" 200 23776
WARNING 2025-07-29 16:14:17,717 basehttp 28852 31600 "GET /api/learning-paths/recommended/?user_level=beginner HTTP/1.1" 404 35
INFO 2025-07-29 16:14:17,752 basehttp 28852 13444 "GET /api/learning-paths/ HTTP/1.1" 200 769
WARNING 2025-07-29 16:14:17,795 log 28852 31600 Not Found: /api/learning-paths/recommended/
WARNING 2025-07-29 16:14:17,809 basehttp 28852 31600 "GET /api/learning-paths/recommended/?user_level=beginner HTTP/1.1" 404 35
INFO 2025-07-29 16:14:17,837 basehttp 28852 13444 "GET /api/learning-paths/ HTTP/1.1" 200 769
INFO 2025-07-29 16:14:17,848 basehttp 28852 24612 "GET /api/curated/videos/ HTTP/1.1" 200 23776
INFO 2025-07-29 16:14:18,041 basehttp 28852 13444 "GET /api/curated/videos/ HTTP/1.1" 200 23776
INFO 2025-07-29 16:14:19,675 basehttp 28852 13444 "GET /api/curated/videos/ HTTP/1.1" 200 23776
INFO 2025-07-29 16:14:19,969 basehttp 28852 24612 "GET /api/learning-paths/ HTTP/1.1" 200 769
INFO 2025-07-29 16:14:20,063 basehttp 28852 31600 "GET /api/curated/videos/ HTTP/1.1" 200 23776
INFO 2025-07-29 16:14:20,220 basehttp 28852 30936 "GET /api/learning-paths/ HTTP/1.1" 200 769
WARNING 2025-07-29 16:14:20,285 log 28852 13444 Not Found: /api/learning-paths/recommended/
WARNING 2025-07-29 16:14:20,324 basehttp 28852 13444 "GET /api/learning-paths/recommended/?user_level=beginner HTTP/1.1" 404 35
WARNING 2025-07-29 16:14:20,340 log 28852 17236 Not Found: /api/learning-paths/recommended/
WARNING 2025-07-29 16:14:20,358 basehttp 28852 17236 "GET /api/learning-paths/recommended/?user_level=beginner HTTP/1.1" 404 35
INFO 2025-07-29 16:14:21,021 basehttp 28852 17236 "GET /api/curated/videos/ HTTP/1.1" 200 23776
INFO 2025-07-29 16:14:21,213 basehttp 28852 13444 "GET /api/learning-paths/ HTTP/1.1" 200 769
INFO 2025-07-29 16:14:21,301 basehttp 28852 30936 "GET /api/curated/videos/ HTTP/1.1" 200 23776
INFO 2025-07-29 16:14:21,401 basehttp 28852 17236 "GET /api/learning-paths/ HTTP/1.1" 200 769
INFO 2025-07-29 16:14:21,474 basehttp 28852 13444 "GET /api/curated/videos/ HTTP/1.1" 200 23776
INFO 2025-07-29 16:14:21,654 basehttp 28852 30936 "GET /api/learning-paths/ HTTP/1.1" 200 769
INFO 2025-07-29 16:14:21,804 basehttp 28852 17236 "GET /api/curated/videos/ HTTP/1.1" 200 23776
INFO 2025-07-29 16:14:21,816 basehttp 28852 24612 "GET /api/learning-paths/ HTTP/1.1" 200 769
WARNING 2025-07-29 16:14:21,821 log 28852 31600 Not Found: /api/learning-paths/recommended/
INFO 2025-07-29 16:14:21,868 basehttp 28852 13444 "GET /api/learning-paths/ HTTP/1.1" 200 769
INFO 2025-07-29 16:14:21,907 basehttp 28852 30936 "GET /api/learning-paths/ HTTP/1.1" 200 769
INFO 2025-07-29 16:14:21,913 basehttp 28852 17236 "GET /api/learning-paths/ HTTP/1.1" 200 769
INFO 2025-07-29 16:14:21,933 basehttp 28852 24612 "GET /api/learning-paths/ HTTP/1.1" 200 769
WARNING 2025-07-29 16:14:21,945 basehttp 28852 31600 "GET /api/learning-paths/recommended/?user_level=beginner HTTP/1.1" 404 35
INFO 2025-07-29 16:14:22,458 basehttp 28852 24612 "GET /api/learning-paths/ HTTP/1.1" 200 769
INFO 2025-07-29 16:14:22,517 basehttp 28852 13444 "GET /api/curated/videos/ HTTP/1.1" 200 23776
INFO 2025-07-29 16:14:22,783 basehttp 28852 31600 "GET /api/learning-paths/ HTTP/1.1" 200 769
WARNING 2025-07-29 16:14:22,860 log 28852 17236 Not Found: /api/learning-paths/recommended/
INFO 2025-07-29 16:14:22,867 basehttp 28852 30936 "GET /api/curated/videos/ HTTP/1.1" 200 23776
INFO 2025-07-29 16:14:22,873 basehttp 28852 13444 "GET /api/learning-paths/ HTTP/1.1" 200 769
WARNING 2025-07-29 16:14:22,898 basehttp 28852 17236 "GET /api/learning-paths/recommended/?user_level=beginner HTTP/1.1" 404 35
INFO 2025-07-29 16:14:22,994 basehttp 28852 31600 "GET /api/curated/videos/ HTTP/1.1" 200 23776
INFO 2025-07-29 16:14:23,003 basehttp 28852 30936 "GET /api/learning-paths/ HTTP/1.1" 200 769
WARNING 2025-07-29 16:14:23,209 log 28852 13444 Not Found: /api/learning-paths/recommended/
WARNING 2025-07-29 16:14:23,221 basehttp 28852 13444 "GET /api/learning-paths/recommended/?user_level=beginner HTTP/1.1" 404 35
INFO 2025-07-29 16:14:23,249 basehttp 28852 30936 "GET /api/learning-paths/ HTTP/1.1" 200 769
INFO 2025-07-29 16:14:23,259 basehttp 28852 17236 "GET /api/curated/videos/ HTTP/1.1" 200 23776
WARNING 2025-07-29 16:14:23,315 log 28852 13444 Not Found: /api/learning-paths/recommended/
INFO 2025-07-29 16:14:23,363 basehttp 28852 31600 "GET /api/learning-paths/ HTTP/1.1" 200 769
INFO 2025-07-29 16:14:23,391 basehttp 28852 30936 "GET /api/curated/videos/ HTTP/1.1" 200 23776
WARNING 2025-07-29 16:14:23,402 basehttp 28852 13444 "GET /api/learning-paths/recommended/?user_level=beginner HTTP/1.1" 404 35
WARNING 2025-07-29 16:14:23,444 log 28852 24612 Not Found: /api/learning-paths/recommended/
INFO 2025-07-29 16:14:23,500 basehttp 28852 31600 "GET /api/curated/videos/ HTTP/1.1" 200 23776
INFO 2025-07-29 16:14:23,501 basehttp 28852 17236 "GET /api/learning-paths/ HTTP/1.1" 200 769
WARNING 2025-07-29 16:14:23,650 basehttp 28852 24612 "GET /api/learning-paths/recommended/?user_level=beginner HTTP/1.1" 404 35
INFO 2025-07-29 16:14:23,735 basehttp 28852 13444 "GET /api/curated/videos/ HTTP/1.1" 200 23776
INFO 2025-07-29 16:14:23,735 basehttp 28852 30936 "GET /api/learning-paths/ HTTP/1.1" 200 769
INFO 2025-07-29 16:14:23,938 basehttp 28852 17236 "GET /api/curated/videos/ HTTP/1.1" 200 23776
INFO 2025-07-29 16:14:23,946 basehttp 28852 31600 "GET /api/curated/videos/ HTTP/1.1" 200 23776
INFO 2025-07-29 16:14:24,116 basehttp 28852 24612 "GET /api/curated/videos/ HTTP/1.1" 200 23776
INFO 2025-07-29 16:14:24,961 basehttp 28852 13444 "GET /api/curated/videos/ HTTP/1.1" 200 23776
INFO 2025-07-29 16:14:25,487 basehttp 28852 30936 "GET /api/curated/videos/ HTTP/1.1" 200 23776
INFO 2025-07-29 16:14:25,924 basehttp 28852 17236 "GET /api/curated/videos/ HTTP/1.1" 200 23776
WARNING 2025-07-29 16:14:26,307 log 28852 27028 Not Found: /api/learning-paths/recommended/
WARNING 2025-07-29 16:14:26,359 basehttp 28852 27028 "GET /api/learning-paths/recommended/?user_level=beginner HTTP/1.1" 404 35
INFO 2025-07-29 16:14:26,425 basehttp 28852 31600 "GET /api/curated/videos/ HTTP/1.1" 200 23776
INFO 2025-07-29 16:14:26,455 basehttp 28852 30936 "GET /api/curated/videos/ HTTP/1.1" 200 23776
INFO 2025-07-29 16:14:26,466 basehttp 28852 13444 "GET /api/curated/videos/ HTTP/1.1" 200 23776
INFO 2025-07-29 16:14:26,495 basehttp 28852 24612 "GET /api/curated/videos/ HTTP/1.1" 200 23776
INFO 2025-07-29 16:14:26,528 basehttp 28852 27028 "GET /api/curated/videos/ HTTP/1.1" 200 23776
INFO 2025-07-29 16:14:26,570 basehttp 28852 17236 "GET /api/curated/videos/ HTTP/1.1" 200 23776
INFO 2025-07-29 16:14:26,670 basehttp 28852 31600 "GET /api/curated/videos/ HTTP/1.1" 200 23776
INFO 2025-07-29 16:14:26,864 basehttp 28852 30936 "GET /api/curated/videos/ HTTP/1.1" 200 23776
INFO 2025-07-29 16:14:26,949 basehttp 28852 13444 "GET /api/curated/videos/ HTTP/1.1" 200 23776
INFO 2025-07-29 16:14:26,956 basehttp 28852 24612 "GET /api/curated/videos/ HTTP/1.1" 200 23776
INFO 2025-07-29 16:14:27,082 basehttp 28852 27028 "GET /api/curated/videos/ HTTP/1.1" 200 23776
INFO 2025-07-29 16:14:27,425 basehttp 28852 17236 "GET /api/curated/videos/ HTTP/1.1" 200 23776
INFO 2025-07-29 16:14:27,912 basehttp 28852 31600 "GET /api/curated/videos/ HTTP/1.1" 200 23776
INFO 2025-07-29 16:14:27,984 basehttp 28852 30936 "GET /api/curated/videos/ HTTP/1.1" 200 23776
INFO 2025-07-29 16:14:28,354 basehttp 28852 13444 "GET /api/curated/videos/ HTTP/1.1" 200 23776
INFO 2025-07-29 16:14:28,562 basehttp 28852 24612 "GET /api/curated/videos/ HTTP/1.1" 200 23776
INFO 2025-07-29 16:14:28,947 basehttp 28852 27028 "GET /api/curated/videos/ HTTP/1.1" 200 23776
INFO 2025-07-29 16:14:29,010 basehttp 28852 17236 "GET /api/curated/videos/ HTTP/1.1" 200 23776
INFO 2025-07-29 16:14:29,060 basehttp 28852 30936 "GET /api/curated/videos/ HTTP/1.1" 200 23776
INFO 2025-07-29 16:14:29,076 basehttp 28852 13444 "GET /api/curated/videos/ HTTP/1.1" 200 23776
INFO 2025-07-29 16:14:29,155 basehttp 28852 31600 "GET /api/curated/videos/ HTTP/1.1" 200 23776
INFO 2025-07-29 16:14:29,287 basehttp 28852 24612 "GET /api/learning-paths/ HTTP/1.1" 200 769
INFO 2025-07-29 16:14:29,655 basehttp 28852 27028 "GET /api/learning-paths/ HTTP/1.1" 200 769
INFO 2025-07-29 16:14:29,677 basehttp 28852 17236 "GET /api/learning-paths/ HTTP/1.1" 200 769
INFO 2025-07-29 16:14:29,712 basehttp 28852 13444 "GET /api/learning-paths/ HTTP/1.1" 200 769
INFO 2025-07-29 16:14:29,713 basehttp 28852 30936 "GET /api/learning-paths/ HTTP/1.1" 200 769
INFO 2025-07-29 16:14:29,720 basehttp 28852 31600 "GET /api/learning-paths/ HTTP/1.1" 200 769
INFO 2025-07-29 16:14:29,728 basehttp 28852 24612 "GET /api/learning-paths/ HTTP/1.1" 200 769
INFO 2025-07-29 16:14:29,747 basehttp 28852 27028 "GET /api/learning-paths/ HTTP/1.1" 200 769
INFO 2025-07-29 16:14:29,768 basehttp 28852 17236 "GET /api/learning-paths/ HTTP/1.1" 200 769
INFO 2025-07-29 16:14:29,876 basehttp 28852 13444 "GET /api/learning-paths/ HTTP/1.1" 200 769
INFO 2025-07-29 16:14:29,936 basehttp 28852 31600 "GET /api/learning-paths/ HTTP/1.1" 200 769
INFO 2025-07-29 16:14:29,960 basehttp 28852 30936 "GET /api/learning-paths/ HTTP/1.1" 200 769
INFO 2025-07-29 16:14:30,055 basehttp 28852 24612 "GET /api/learning-paths/ HTTP/1.1" 200 769
INFO 2025-07-29 16:14:30,070 basehttp 28852 27028 "GET /api/learning-paths/ HTTP/1.1" 200 769
INFO 2025-07-29 16:14:30,438 basehttp 28852 31600 "GET /api/learning-paths/ HTTP/1.1" 200 769
INFO 2025-07-29 16:14:30,438 basehttp 28852 13444 "GET /api/learning-paths/ HTTP/1.1" 200 769
INFO 2025-07-29 16:14:30,440 basehttp 28852 17236 "GET /api/learning-paths/ HTTP/1.1" 200 769
INFO 2025-07-29 16:14:30,448 basehttp 28852 30936 "GET /api/learning-paths/ HTTP/1.1" 200 769
INFO 2025-07-29 16:14:30,463 basehttp 28852 24612 "GET /api/learning-paths/ HTTP/1.1" 200 769
INFO 2025-07-29 16:14:30,481 basehttp 28852 27028 "GET /api/learning-paths/ HTTP/1.1" 200 769
INFO 2025-07-29 16:14:30,608 basehttp 28852 31600 "GET /api/learning-paths/ HTTP/1.1" 200 769
INFO 2025-07-29 16:14:30,772 basehttp 28852 13444 "GET /api/learning-paths/ HTTP/1.1" 200 769
INFO 2025-07-29 16:14:30,957 basehttp 28852 17236 "GET /api/curated/videos/ HTTP/1.1" 200 23776
INFO 2025-07-29 16:14:31,083 basehttp 28852 30936 "GET /api/learning-paths/ HTTP/1.1" 200 769
WARNING 2025-07-29 16:14:31,682 log 28852 24612 Not Found: /api/learning-paths/recommended/
INFO 2025-07-29 16:14:31,831 basehttp 28852 17236 "GET /api/learning-paths/ HTTP/1.1" 200 769
WARNING 2025-07-29 16:14:31,834 basehttp 28852 24612 "GET /api/learning-paths/recommended/?user_level=beginner HTTP/1.1" 404 35
INFO 2025-07-29 16:14:31,876 basehttp 28852 13444 "GET /api/curated/videos/ HTTP/1.1" 200 23776
INFO 2025-07-29 16:14:32,003 basehttp 28852 17236 "GET /api/learning-paths/ HTTP/1.1" 200 769
WARNING 2025-07-29 16:14:32,046 log 28852 24612 Not Found: /api/learning-paths/recommended/
WARNING 2025-07-29 16:14:32,072 basehttp 28852 24612 "GET /api/learning-paths/recommended/?user_level=beginner HTTP/1.1" 404 35
INFO 2025-07-29 16:14:32,085 basehttp 28852 30936 "GET /api/curated/videos/ HTTP/1.1" 200 23776
INFO 2025-07-29 16:14:32,113 basehttp 28852 13444 "GET /api/learning-paths/ HTTP/1.1" 200 769
INFO 2025-07-29 16:14:32,221 basehttp 28852 24612 "GET /api/curated/videos/ HTTP/1.1" 200 23776
WARNING 2025-07-29 16:14:32,252 log 28852 17236 Not Found: /api/learning-paths/recommended/
INFO 2025-07-29 16:14:32,310 basehttp 28852 30936 "GET /api/learning-paths/ HTTP/1.1" 200 769
INFO 2025-07-29 16:14:32,406 basehttp 28852 13444 "GET /api/curated/videos/ HTTP/1.1" 200 23776
INFO 2025-07-29 16:14:32,522 basehttp 28852 24612 "GET /api/learning-paths/ HTTP/1.1" 200 769
WARNING 2025-07-29 16:14:32,533 basehttp 28852 17236 "GET /api/learning-paths/recommended/?user_level=beginner HTTP/1.1" 404 35
INFO 2025-07-29 16:14:32,593 basehttp 28852 30936 "GET /api/curated/videos/ HTTP/1.1" 200 23776
WARNING 2025-07-29 16:14:32,609 log 28852 24612 Not Found: /api/learning-paths/recommended/
INFO 2025-07-29 16:14:32,619 basehttp 28852 13444 "GET /api/learning-paths/ HTTP/1.1" 200 769
WARNING 2025-07-29 16:14:32,625 basehttp 28852 24612 "GET /api/learning-paths/recommended/?user_level=beginner HTTP/1.1" 404 35
INFO 2025-07-29 16:14:32,715 basehttp 28852 30936 "GET /api/learning-paths/ HTTP/1.1" 200 769
INFO 2025-07-29 16:14:32,716 basehttp 28852 17236 "GET /api/curated/videos/ HTTP/1.1" 200 23776
INFO 2025-07-29 16:14:32,848 basehttp 28852 30936 "GET /api/learning-paths/ HTTP/1.1" 200 769
INFO 2025-07-29 16:14:32,878 basehttp 28852 24612 "GET /api/curated/videos/ HTTP/1.1" 200 23776
WARNING 2025-07-29 16:14:33,069 log 28852 13444 Not Found: /api/learning-paths/recommended/
INFO 2025-07-29 16:14:33,090 basehttp 28852 27028 "GET /api/curated/videos/ HTTP/1.1" 200 23776
INFO 2025-07-29 16:14:33,095 basehttp 28852 31600 "GET /api/curated/videos/ HTTP/1.1" 200 23776
INFO 2025-07-29 16:14:33,140 basehttp 28852 17236 "GET /api/curated/videos/ HTTP/1.1" 200 23776
INFO 2025-07-29 16:14:33,172 basehttp 28852 30936 "GET /api/curated/videos/ HTTP/1.1" 200 23776
INFO 2025-07-29 16:14:33,368 basehttp 28852 24612 "GET /api/curated/videos/ HTTP/1.1" 200 23776
WARNING 2025-07-29 16:14:33,462 basehttp 28852 13444 "GET /api/learning-paths/recommended/?user_level=beginner HTTP/1.1" 404 35
INFO 2025-07-29 16:14:33,644 basehttp 28852 27028 "GET /api/curated/videos/ HTTP/1.1" 200 23776
INFO 2025-07-29 16:14:33,745 basehttp 28852 31600 "GET /api/curated/videos/ HTTP/1.1" 200 23776
INFO 2025-07-29 16:14:33,834 basehttp 28852 30936 "GET /api/curated/videos/ HTTP/1.1" 200 23776
INFO 2025-07-29 16:14:33,851 basehttp 28852 17236 "GET /api/curated/videos/ HTTP/1.1" 200 23776
INFO 2025-07-29 16:14:33,954 basehttp 28852 13444 "GET /api/curated/videos/ HTTP/1.1" 200 23776
INFO 2025-07-29 16:14:33,992 basehttp 28852 24612 "GET /api/curated/videos/ HTTP/1.1" 200 23776
INFO 2025-07-29 16:14:35,747 basehttp 28852 27028 "GET /api/curated/videos/ HTTP/1.1" 200 23776
INFO 2025-07-29 16:14:35,792 basehttp 28852 31600 "GET /api/curated/videos/ HTTP/1.1" 200 23776
INFO 2025-07-29 16:14:35,807 basehttp 28852 24612 "GET /api/curated/videos/ HTTP/1.1" 200 23776
INFO 2025-07-29 16:14:35,829 basehttp 28852 30936 "GET /api/curated/videos/ HTTP/1.1" 200 23776
INFO 2025-07-29 16:14:35,842 basehttp 28852 13444 "GET /api/curated/videos/ HTTP/1.1" 200 23776
INFO 2025-07-29 16:14:35,912 basehttp 28852 17236 "GET /api/curated/videos/ HTTP/1.1" 200 23776
INFO 2025-07-29 16:14:37,182 basehttp 28852 30936 "GET /api/curated/videos/ HTTP/1.1" 200 23776
INFO 2025-07-29 16:14:37,203 basehttp 28852 31600 "GET /api/curated/videos/ HTTP/1.1" 200 23776
INFO 2025-07-29 16:14:37,217 basehttp 28852 24612 "GET /api/curated/videos/ HTTP/1.1" 200 23776
INFO 2025-07-29 16:14:37,260 basehttp 28852 17236 "GET /api/curated/videos/ HTTP/1.1" 200 23776
INFO 2025-07-29 16:14:37,262 basehttp 28852 13444 "GET /api/curated/videos/ HTTP/1.1" 200 23776
INFO 2025-07-29 16:14:37,266 basehttp 28852 27028 "GET /api/curated/videos/ HTTP/1.1" 200 23776
INFO 2025-07-29 16:14:37,466 basehttp 28852 30936 "GET /api/curated/videos/ HTTP/1.1" 200 23776
INFO 2025-07-29 16:14:37,590 basehttp 28852 31600 "GET /api/curated/videos/ HTTP/1.1" 200 23776
INFO 2025-07-29 16:14:37,692 basehttp 28852 24612 "GET /api/curated/videos/ HTTP/1.1" 200 23776
INFO 2025-07-29 16:14:37,752 basehttp 28852 13444 "GET /api/curated/videos/ HTTP/1.1" 200 23776
INFO 2025-07-29 16:14:37,761 basehttp 28852 17236 "GET /api/curated/videos/ HTTP/1.1" 200 23776
INFO 2025-07-29 16:14:37,827 basehttp 28852 27028 "GET /api/curated/videos/ HTTP/1.1" 200 23776
INFO 2025-07-29 16:14:38,002 basehttp 28852 24612 "GET /api/curated/videos/ HTTP/1.1" 200 23776
INFO 2025-07-29 16:14:38,035 basehttp 28852 30936 "GET /api/curated/videos/ HTTP/1.1" 200 23776
INFO 2025-07-29 16:14:38,044 basehttp 28852 31600 "GET /api/curated/videos/ HTTP/1.1" 200 23776
INFO 2025-07-29 16:14:38,083 basehttp 28852 13444 "GET /api/curated/videos/ HTTP/1.1" 200 23776
INFO 2025-07-29 16:14:38,090 basehttp 28852 24612 "GET /api/curated/videos/ HTTP/1.1" 200 23776
INFO 2025-07-29 16:14:38,109 basehttp 28852 27028 "GET /api/curated/videos/ HTTP/1.1" 200 23776
INFO 2025-07-29 16:14:38,110 basehttp 28852 17236 "GET /api/curated/videos/ HTTP/1.1" 200 23776
INFO 2025-07-29 16:14:38,239 basehttp 28852 30936 "GET /api/curated/videos/ HTTP/1.1" 200 23776
INFO 2025-07-29 16:14:38,300 basehttp 28852 31600 "GET /api/curated/videos/ HTTP/1.1" 200 23776
INFO 2025-07-29 16:14:38,313 basehttp 28852 13444 "GET /api/curated/videos/ HTTP/1.1" 200 23776
INFO 2025-07-29 16:14:38,382 basehttp 28852 24612 "GET /api/curated/videos/ HTTP/1.1" 200 23776
INFO 2025-07-29 16:14:38,408 basehttp 28852 27028 "GET /api/curated/videos/ HTTP/1.1" 200 23776
INFO 2025-07-29 16:14:38,465 basehttp 28852 31600 "GET /api/curated/videos/ HTTP/1.1" 200 23776
INFO 2025-07-29 16:14:38,486 basehttp 28852 17236 "GET /api/curated/videos/ HTTP/1.1" 200 23776
INFO 2025-07-29 16:14:38,487 basehttp 28852 13444 "GET /api/curated/videos/ HTTP/1.1" 200 23776
INFO 2025-07-29 16:14:38,509 basehttp 28852 30936 "GET /api/curated/videos/ HTTP/1.1" 200 23776
INFO 2025-07-29 16:14:38,549 basehttp 28852 24612 "GET /api/curated/videos/ HTTP/1.1" 200 23776
INFO 2025-07-29 16:14:38,558 basehttp 28852 27028 "GET /api/curated/videos/ HTTP/1.1" 200 23776
INFO 2025-07-29 16:14:38,597 basehttp 28852 17236 "GET /api/curated/videos/ HTTP/1.1" 200 23776
INFO 2025-07-29 16:14:38,614 basehttp 28852 31600 "GET /api/curated/videos/ HTTP/1.1" 200 23776
INFO 2025-07-29 16:14:38,624 basehttp 28852 13444 "GET /api/curated/videos/ HTTP/1.1" 200 23776
INFO 2025-07-29 16:14:38,648 basehttp 28852 24612 "GET /api/curated/videos/ HTTP/1.1" 200 23776
INFO 2025-07-29 16:14:38,672 basehttp 28852 30936 "GET /api/curated/videos/ HTTP/1.1" 200 23776
INFO 2025-07-29 16:14:38,688 basehttp 28852 27028 "GET /api/curated/videos/ HTTP/1.1" 200 23776
INFO 2025-07-29 16:14:38,699 basehttp 28852 17236 "GET /api/curated/videos/ HTTP/1.1" 200 23776
INFO 2025-07-29 16:14:38,727 basehttp 28852 13444 "GET /api/curated/videos/ HTTP/1.1" 200 23776
INFO 2025-07-29 16:14:38,728 basehttp 28852 24612 "GET /api/curated/videos/ HTTP/1.1" 200 23776
INFO 2025-07-29 16:14:38,753 basehttp 28852 31600 "GET /api/curated/videos/ HTTP/1.1" 200 23776
INFO 2025-07-29 16:14:38,788 basehttp 28852 27028 "GET /api/curated/videos/ HTTP/1.1" 200 23776
INFO 2025-07-29 16:14:38,819 basehttp 28852 30936 "GET /api/curated/videos/ HTTP/1.1" 200 23776
INFO 2025-07-29 16:14:38,820 basehttp 28852 13444 "GET /api/curated/videos/ HTTP/1.1" 200 23776
INFO 2025-07-29 16:14:38,821 basehttp 28852 24612 "GET /api/curated/videos/ HTTP/1.1" 200 23776
INFO 2025-07-29 16:14:38,852 basehttp 28852 17236 "GET /api/curated/videos/ HTTP/1.1" 200 23776
INFO 2025-07-29 16:14:39,957 basehttp 28852 31600 "GET /api/curated/videos/ HTTP/1.1" 200 23776
INFO 2025-07-29 16:14:39,969 basehttp 28852 13444 "GET /api/curated/videos/ HTTP/1.1" 200 23776
INFO 2025-07-29 16:14:39,969 basehttp 28852 30936 "GET /api/curated/videos/ HTTP/1.1" 200 23776
INFO 2025-07-29 16:14:39,976 basehttp 28852 27028 "GET /api/curated/videos/ HTTP/1.1" 200 23776
INFO 2025-07-29 16:14:40,070 basehttp 28852 17236 "GET /api/curated/videos/ HTTP/1.1" 200 23776
INFO 2025-07-29 16:14:40,095 basehttp 28852 24612 "GET /api/curated/videos/ HTTP/1.1" 200 23776
INFO 2025-07-29 16:14:40,228 basehttp 28852 31600 "GET /api/curated/videos/ HTTP/1.1" 200 23776
INFO 2025-07-29 16:14:40,236 basehttp 28852 13444 "GET /api/curated/videos/ HTTP/1.1" 200 23776
INFO 2025-07-29 16:14:40,247 basehttp 28852 27028 "GET /api/curated/videos/ HTTP/1.1" 200 23776
INFO 2025-07-29 16:14:40,254 basehttp 28852 30936 "GET /api/curated/videos/ HTTP/1.1" 200 23776
INFO 2025-07-29 16:14:40,288 basehttp 28852 17236 "GET /api/curated/videos/ HTTP/1.1" 200 23776
INFO 2025-07-29 16:14:40,288 basehttp 28852 24612 "GET /api/curated/videos/ HTTP/1.1" 200 23776
INFO 2025-07-29 16:14:40,375 basehttp 28852 13444 "GET /api/curated/videos/ HTTP/1.1" 200 23776
INFO 2025-07-29 16:14:40,388 basehttp 28852 31600 "GET /api/curated/videos/ HTTP/1.1" 200 23776
INFO 2025-07-29 16:14:40,399 basehttp 28852 27028 "GET /api/curated/videos/ HTTP/1.1" 200 23776
INFO 2025-07-29 16:14:40,419 basehttp 28852 30936 "GET /api/curated/videos/ HTTP/1.1" 200 23776
INFO 2025-07-29 16:14:40,489 basehttp 28852 17236 "GET /api/curated/videos/ HTTP/1.1" 200 23776
INFO 2025-07-29 16:14:40,517 basehttp 28852 24612 "GET /api/curated/videos/ HTTP/1.1" 200 23776
INFO 2025-07-29 16:14:40,570 basehttp 28852 13444 "GET /api/curated/videos/ HTTP/1.1" 200 23776
INFO 2025-07-29 16:14:40,628 basehttp 28852 31600 "GET /api/curated/videos/ HTTP/1.1" 200 23776
INFO 2025-07-29 16:14:40,653 basehttp 28852 27028 "GET /api/curated/videos/ HTTP/1.1" 200 23776
INFO 2025-07-29 16:14:40,703 basehttp 28852 30936 "GET /api/curated/videos/ HTTP/1.1" 200 23776
INFO 2025-07-29 16:14:40,859 basehttp 28852 17236 "GET /api/curated/videos/ HTTP/1.1" 200 23776
INFO 2025-07-29 16:14:40,864 basehttp 28852 24612 "GET /api/curated/videos/ HTTP/1.1" 200 23776
INFO 2025-07-29 16:14:40,893 basehttp 28852 27028 "GET /api/curated/videos/ HTTP/1.1" 200 23776
INFO 2025-07-29 16:14:40,930 basehttp 28852 31600 "GET /api/curated/videos/ HTTP/1.1" 200 23776
INFO 2025-07-29 16:14:40,951 basehttp 28852 13444 "GET /api/curated/videos/ HTTP/1.1" 200 23776
INFO 2025-07-29 16:14:40,952 basehttp 28852 30936 "GET /api/curated/videos/ HTTP/1.1" 200 23776
INFO 2025-07-29 16:14:40,976 basehttp 28852 17236 "GET /api/curated/videos/ HTTP/1.1" 200 23776
INFO 2025-07-29 16:14:40,986 basehttp 28852 24612 "GET /api/curated/videos/ HTTP/1.1" 200 23776
INFO 2025-07-29 16:14:41,002 basehttp 28852 27028 "GET /api/curated/videos/ HTTP/1.1" 200 23776
INFO 2025-07-29 16:14:41,052 basehttp 28852 13444 "GET /api/curated/videos/ HTTP/1.1" 200 23776
INFO 2025-07-29 16:14:41,090 basehttp 28852 31600 "GET /api/curated/videos/ HTTP/1.1" 200 23776
INFO 2025-07-29 16:14:41,254 basehttp 28852 17236 "GET /api/curated/videos/ HTTP/1.1" 200 23776
INFO 2025-07-29 16:14:41,254 basehttp 28852 24612 "GET /api/curated/videos/ HTTP/1.1" 200 23776
INFO 2025-07-29 16:14:41,284 basehttp 28852 30936 "GET /api/curated/videos/ HTTP/1.1" 200 23776
INFO 2025-07-29 16:14:41,292 basehttp 28852 27028 "GET /api/curated/videos/ HTTP/1.1" 200 23776
INFO 2025-07-29 16:14:41,362 basehttp 28852 13444 "GET /api/curated/videos/ HTTP/1.1" 200 23776
INFO 2025-07-29 16:14:41,426 basehttp 28852 31600 "GET /api/curated/videos/ HTTP/1.1" 200 23776
INFO 2025-07-29 16:14:41,454 basehttp 28852 17236 "GET /api/curated/videos/ HTTP/1.1" 200 23776
INFO 2025-07-29 16:14:41,455 basehttp 28852 24612 "GET /api/curated/videos/ HTTP/1.1" 200 23776
INFO 2025-07-29 16:14:41,456 basehttp 28852 27028 "GET /api/learning-paths/ HTTP/1.1" 200 769
INFO 2025-07-29 16:14:41,505 basehttp 28852 30936 "GET /api/curated/videos/ HTTP/1.1" 200 23776
INFO 2025-07-29 16:14:41,506 basehttp 28852 13444 "GET /api/curated/videos/ HTTP/1.1" 200 23776
WARNING 2025-07-29 16:14:41,627 log 28852 31600 Not Found: /api/learning-paths/recommended/
WARNING 2025-07-29 16:14:41,637 basehttp 28852 31600 "GET /api/learning-paths/recommended/?user_level=beginner HTTP/1.1" 404 35
INFO 2025-07-29 16:14:41,657 basehttp 28852 17236 "GET /api/learning-paths/ HTTP/1.1" 200 769
INFO 2025-07-29 16:14:41,678 basehttp 28852 24612 "GET /api/curated/videos/ HTTP/1.1" 200 23776
INFO 2025-07-29 16:14:41,768 basehttp 28852 17236 "GET /api/learning-paths/ HTTP/1.1" 200 769
WARNING 2025-07-29 16:14:41,774 log 28852 13444 Not Found: /api/learning-paths/recommended/
INFO 2025-07-29 16:14:41,790 basehttp 28852 31600 "GET /api/curated/videos/ HTTP/1.1" 200 23776
WARNING 2025-07-29 16:14:41,806 basehttp 28852 13444 "GET /api/learning-paths/recommended/?user_level=beginner HTTP/1.1" 404 35
INFO 2025-07-29 16:14:41,860 basehttp 28852 24612 "GET /api/learning-paths/ HTTP/1.1" 200 769
INFO 2025-07-29 16:14:41,884 basehttp 28852 17236 "GET /api/curated/videos/ HTTP/1.1" 200 23776
WARNING 2025-07-29 16:14:41,924 log 28852 31600 Not Found: /api/learning-paths/recommended/
WARNING 2025-07-29 16:14:41,936 basehttp 28852 31600 "GET /api/learning-paths/recommended/?user_level=beginner HTTP/1.1" 404 35
INFO 2025-07-29 16:14:41,967 basehttp 28852 13444 "GET /api/learning-paths/ HTTP/1.1" 200 769
INFO 2025-07-29 16:14:41,988 basehttp 28852 24612 "GET /api/curated/videos/ HTTP/1.1" 200 23776
WARNING 2025-07-29 16:14:42,046 log 28852 17236 Not Found: /api/learning-paths/recommended/
WARNING 2025-07-29 16:14:42,055 basehttp 28852 17236 "GET /api/learning-paths/recommended/?user_level=beginner HTTP/1.1" 404 35
INFO 2025-07-29 16:14:42,072 basehttp 28852 13444 "GET /api/learning-paths/ HTTP/1.1" 200 769
WARNING 2025-07-29 16:14:42,105 log 28852 24612 Not Found: /api/learning-paths/recommended/
INFO 2025-07-29 16:14:42,106 basehttp 28852 31600 "GET /api/curated/videos/ HTTP/1.1" 200 23776
WARNING 2025-07-29 16:14:42,111 basehttp 28852 24612 "GET /api/learning-paths/recommended/?user_level=beginner HTTP/1.1" 404 35
WARNING 2025-07-29 16:14:42,134 log 28852 31600 Not Found: /api/learning-paths/recommended/
WARNING 2025-07-29 16:14:42,137 basehttp 28852 31600 "GET /api/learning-paths/recommended/?user_level=beginner HTTP/1.1" 404 35
WARNING 2025-07-29 16:14:42,148 log 28852 24612 Not Found: /api/learning-paths/recommended/
WARNING 2025-07-29 16:14:42,149 basehttp 28852 24612 "GET /api/learning-paths/recommended/?user_level=beginner HTTP/1.1" 404 35
INFO 2025-07-29 16:14:42,159 basehttp 28852 27028 "GET /api/learning-paths/ HTTP/1.1" 200 769
WARNING 2025-07-29 16:14:42,179 log 28852 31600 Not Found: /api/learning-paths/recommended/
WARNING 2025-07-29 16:14:42,183 basehttp 28852 31600 "GET /api/learning-paths/recommended/?user_level=beginner HTTP/1.1" 404 35
INFO 2025-07-29 16:14:42,194 basehttp 28852 13444 "GET /api/curated/videos/ HTTP/1.1" 200 23776
INFO 2025-07-29 16:14:42,227 basehttp 28852 24612 "GET /api/learning-paths/ HTTP/1.1" 200 769
WARNING 2025-07-29 16:14:42,284 log 28852 27028 Not Found: /api/learning-paths/recommended/
WARNING 2025-07-29 16:14:42,300 basehttp 28852 27028 "GET /api/learning-paths/recommended/?user_level=beginner HTTP/1.1" 404 35
WARNING 2025-07-29 16:14:42,317 log 28852 24612 Not Found: /api/learning-paths/recommended/
WARNING 2025-07-29 16:14:42,319 basehttp 28852 24612 "GET /api/learning-paths/recommended/?user_level=beginner HTTP/1.1" 404 35
INFO 2025-07-29 16:14:42,333 basehttp 28852 13444 "GET /api/curated/videos/ HTTP/1.1" 200 23776
INFO 2025-07-29 16:14:42,343 basehttp 28852 31600 "GET /api/learning-paths/ HTTP/1.1" 200 769
WARNING 2025-07-29 16:14:42,449 log 28852 17236 Not Found: /api/learning-paths/recommended/
WARNING 2025-07-29 16:14:42,455 basehttp 28852 17236 "GET /api/learning-paths/recommended/?user_level=beginner HTTP/1.1" 404 35
WARNING 2025-07-29 16:14:42,458 log 28852 30936 Not Found: /api/learning-paths/recommended/
WARNING 2025-07-29 16:14:42,483 log 28852 27028 Not Found: /api/learning-paths/recommended/
WARNING 2025-07-29 16:14:42,487 basehttp 28852 30936 "GET /api/learning-paths/recommended/?user_level=beginner HTTP/1.1" 404 35
WARNING 2025-07-29 16:14:42,571 log 28852 31600 Not Found: /api/learning-paths/recommended/
WARNING 2025-07-29 16:14:42,573 basehttp 28852 27028 "GET /api/learning-paths/recommended/?user_level=beginner HTTP/1.1" 404 35
WARNING 2025-07-29 16:14:42,614 log 28852 24612 Not Found: /api/learning-paths/recommended/
WARNING 2025-07-29 16:14:42,630 log 28852 17236 Not Found: /api/learning-paths/recommended/
WARNING 2025-07-29 16:14:42,639 basehttp 28852 31600 "GET /api/learning-paths/recommended/?user_level=beginner HTTP/1.1" 404 35
WARNING 2025-07-29 16:14:42,643 log 28852 13444 Not Found: /api/learning-paths/recommended/
WARNING 2025-07-29 16:14:42,653 log 28852 30936 Not Found: /api/learning-paths/recommended/
WARNING 2025-07-29 16:14:42,671 basehttp 28852 24612 "GET /api/learning-paths/recommended/?user_level=beginner HTTP/1.1" 404 35
WARNING 2025-07-29 16:14:42,680 log 28852 27028 Not Found: /api/learning-paths/recommended/
WARNING 2025-07-29 16:14:42,682 basehttp 28852 17236 "GET /api/learning-paths/recommended/?user_level=beginner HTTP/1.1" 404 35
WARNING 2025-07-29 16:14:42,694 basehttp 28852 13444 "GET /api/learning-paths/recommended/?user_level=beginner HTTP/1.1" 404 35
WARNING 2025-07-29 16:14:42,711 basehttp 28852 30936 "GET /api/learning-paths/recommended/?user_level=beginner HTTP/1.1" 404 35
WARNING 2025-07-29 16:14:42,720 log 28852 31600 Not Found: /api/learning-paths/recommended/
WARNING 2025-07-29 16:14:42,741 log 28852 24612 Not Found: /api/learning-paths/recommended/
WARNING 2025-07-29 16:14:42,743 basehttp 28852 27028 "GET /api/learning-paths/recommended/?user_level=beginner HTTP/1.1" 404 35
WARNING 2025-07-29 16:14:42,780 basehttp 28852 31600 "GET /api/learning-paths/recommended/?user_level=beginner HTTP/1.1" 404 35
WARNING 2025-07-29 16:14:42,802 basehttp 28852 24612 "GET /api/learning-paths/recommended/?user_level=beginner HTTP/1.1" 404 35
WARNING 2025-07-29 16:14:42,827 log 28852 13444 Not Found: /api/learning-paths/recommended/
WARNING 2025-07-29 16:14:42,840 log 28852 30936 Not Found: /api/learning-paths/recommended/
WARNING 2025-07-29 16:14:42,841 log 28852 17236 Not Found: /api/learning-paths/recommended/
WARNING 2025-07-29 16:14:42,859 basehttp 28852 13444 "GET /api/learning-paths/recommended/?user_level=beginner HTTP/1.1" 404 35
WARNING 2025-07-29 16:14:42,877 basehttp 28852 30936 "GET /api/learning-paths/recommended/?user_level=beginner HTTP/1.1" 404 35
WARNING 2025-07-29 16:14:42,891 basehttp 28852 17236 "GET /api/learning-paths/recommended/?user_level=beginner HTTP/1.1" 404 35
WARNING 2025-07-29 16:14:42,905 log 28852 31600 Not Found: /api/learning-paths/recommended/
WARNING 2025-07-29 16:14:42,911 log 28852 24612 Not Found: /api/learning-paths/recommended/
WARNING 2025-07-29 16:14:42,937 log 28852 27028 Not Found: /api/learning-paths/recommended/
WARNING 2025-07-29 16:14:42,938 basehttp 28852 31600 "GET /api/learning-paths/recommended/?user_level=beginner HTTP/1.1" 404 35
WARNING 2025-07-29 16:14:42,945 log 28852 13444 Not Found: /api/learning-paths/recommended/
WARNING 2025-07-29 16:14:42,948 basehttp 28852 24612 "GET /api/learning-paths/recommended/?user_level=beginner HTTP/1.1" 404 35
WARNING 2025-07-29 16:14:42,958 basehttp 28852 27028 "GET /api/learning-paths/recommended/?user_level=beginner HTTP/1.1" 404 35
WARNING 2025-07-29 16:14:42,975 log 28852 17236 Not Found: /api/learning-paths/recommended/
WARNING 2025-07-29 16:14:42,982 basehttp 28852 13444 "GET /api/learning-paths/recommended/?user_level=beginner HTTP/1.1" 404 35
WARNING 2025-07-29 16:14:43,003 log 28852 30936 Not Found: /api/learning-paths/recommended/
WARNING 2025-07-29 16:14:43,014 log 28852 31600 Not Found: /api/learning-paths/recommended/
WARNING 2025-07-29 16:14:43,015 basehttp 28852 17236 "GET /api/learning-paths/recommended/?user_level=beginner HTTP/1.1" 404 35
WARNING 2025-07-29 16:14:43,040 log 28852 24612 Not Found: /api/learning-paths/recommended/
WARNING 2025-07-29 16:14:43,043 basehttp 28852 30936 "GET /api/learning-paths/recommended/?user_level=beginner HTTP/1.1" 404 35
WARNING 2025-07-29 16:14:43,058 basehttp 28852 31600 "GET /api/learning-paths/recommended/?user_level=beginner HTTP/1.1" 404 35
WARNING 2025-07-29 16:14:43,070 log 28852 13444 Not Found: /api/learning-paths/recommended/
WARNING 2025-07-29 16:14:43,077 log 28852 27028 Not Found: /api/learning-paths/recommended/
WARNING 2025-07-29 16:14:43,082 basehttp 28852 24612 "GET /api/learning-paths/recommended/?user_level=beginner HTTP/1.1" 404 35
WARNING 2025-07-29 16:14:43,105 log 28852 17236 Not Found: /api/learning-paths/recommended/
WARNING 2025-07-29 16:14:43,150 basehttp 28852 13444 "GET /api/learning-paths/recommended/?user_level=beginner HTTP/1.1" 404 35
WARNING 2025-07-29 16:14:43,219 basehttp 28852 27028 "GET /api/learning-paths/recommended/?user_level=beginner HTTP/1.1" 404 35
WARNING 2025-07-29 16:14:43,243 basehttp 28852 17236 "GET /api/learning-paths/recommended/?user_level=beginner HTTP/1.1" 404 35
WARNING 2025-07-29 16:14:43,262 log 28852 31600 Not Found: /api/learning-paths/recommended/
WARNING 2025-07-29 16:14:43,288 log 28852 30936 Not Found: /api/learning-paths/recommended/
WARNING 2025-07-29 16:14:43,339 basehttp 28852 31600 "GET /api/learning-paths/recommended/?user_level=beginner HTTP/1.1" 404 35
WARNING 2025-07-29 16:14:43,384 basehttp 28852 30936 "GET /api/learning-paths/recommended/?user_level=beginner HTTP/1.1" 404 35
WARNING 2025-07-29 16:14:43,386 log 28852 24612 Not Found: /api/learning-paths/recommended/
WARNING 2025-07-29 16:14:43,445 log 28852 17236 Not Found: /api/learning-paths/recommended/
WARNING 2025-07-29 16:14:43,447 log 28852 13444 Not Found: /api/learning-paths/recommended/
WARNING 2025-07-29 16:14:43,462 basehttp 28852 24612 "GET /api/learning-paths/recommended/?user_level=beginner HTTP/1.1" 404 35
WARNING 2025-07-29 16:14:43,479 basehttp 28852 17236 "GET /api/learning-paths/recommended/?user_level=beginner HTTP/1.1" 404 35
WARNING 2025-07-29 16:14:43,483 log 28852 27028 Not Found: /api/learning-paths/recommended/
WARNING 2025-07-29 16:14:43,486 basehttp 28852 13444 "GET /api/learning-paths/recommended/?user_level=beginner HTTP/1.1" 404 35
WARNING 2025-07-29 16:14:43,504 log 28852 31600 Not Found: /api/learning-paths/recommended/
WARNING 2025-07-29 16:14:43,553 basehttp 28852 27028 "GET /api/learning-paths/recommended/?user_level=beginner HTTP/1.1" 404 35
WARNING 2025-07-29 16:14:43,584 log 28852 30936 Not Found: /api/learning-paths/recommended/
WARNING 2025-07-29 16:14:43,586 basehttp 28852 31600 "GET /api/learning-paths/recommended/?user_level=beginner HTTP/1.1" 404 35
WARNING 2025-07-29 16:14:43,625 basehttp 28852 30936 "GET /api/learning-paths/recommended/?user_level=beginner HTTP/1.1" 404 35
WARNING 2025-07-29 16:14:43,640 log 28852 17236 Not Found: /api/learning-paths/recommended/
WARNING 2025-07-29 16:14:43,645 log 28852 24612 Not Found: /api/learning-paths/recommended/
WARNING 2025-07-29 16:14:43,656 log 28852 27028 Not Found: /api/learning-paths/recommended/
WARNING 2025-07-29 16:14:43,658 basehttp 28852 17236 "GET /api/learning-paths/recommended/?user_level=beginner HTTP/1.1" 404 35
WARNING 2025-07-29 16:14:43,660 basehttp 28852 24612 "GET /api/learning-paths/recommended/?user_level=beginner HTTP/1.1" 404 35
WARNING 2025-07-29 16:14:43,671 basehttp 28852 27028 "GET /api/learning-paths/recommended/?user_level=beginner HTTP/1.1" 404 35
WARNING 2025-07-29 16:14:43,680 log 28852 30936 Not Found: /api/learning-paths/recommended/
WARNING 2025-07-29 16:14:43,687 log 28852 13444 Not Found: /api/learning-paths/recommended/
WARNING 2025-07-29 16:14:43,695 log 28852 31600 Not Found: /api/learning-paths/recommended/
WARNING 2025-07-29 16:14:43,707 log 28852 24612 Not Found: /api/learning-paths/recommended/
WARNING 2025-07-29 16:14:43,715 log 28852 17236 Not Found: /api/learning-paths/recommended/
WARNING 2025-07-29 16:14:43,717 basehttp 28852 30936 "GET /api/learning-paths/recommended/?user_level=beginner HTTP/1.1" 404 35
WARNING 2025-07-29 16:14:43,721 log 28852 27028 Not Found: /api/learning-paths/recommended/
WARNING 2025-07-29 16:14:43,731 basehttp 28852 13444 "GET /api/learning-paths/recommended/?user_level=beginner HTTP/1.1" 404 35
WARNING 2025-07-29 16:14:43,733 basehttp 28852 31600 "GET /api/learning-paths/recommended/?user_level=beginner HTTP/1.1" 404 35
WARNING 2025-07-29 16:14:43,739 basehttp 28852 24612 "GET /api/learning-paths/recommended/?user_level=beginner HTTP/1.1" 404 35
WARNING 2025-07-29 16:14:43,744 basehttp 28852 17236 "GET /api/learning-paths/recommended/?user_level=beginner HTTP/1.1" 404 35
WARNING 2025-07-29 16:14:43,753 basehttp 28852 27028 "GET /api/learning-paths/recommended/?user_level=beginner HTTP/1.1" 404 35
WARNING 2025-07-29 16:14:43,773 log 28852 30936 Not Found: /api/learning-paths/recommended/
WARNING 2025-07-29 16:14:43,804 log 28852 13444 Not Found: /api/learning-paths/recommended/
WARNING 2025-07-29 16:14:43,811 basehttp 28852 30936 "GET /api/learning-paths/recommended/?user_level=beginner HTTP/1.1" 404 35
WARNING 2025-07-29 16:14:43,815 basehttp 28852 13444 "GET /api/learning-paths/recommended/?user_level=beginner HTTP/1.1" 404 35
WARNING 2025-07-29 16:14:43,825 log 28852 27028 Not Found: /api/learning-paths/recommended/
WARNING 2025-07-29 16:14:43,828 basehttp 28852 27028 "GET /api/learning-paths/recommended/?user_level=beginner HTTP/1.1" 404 35
WARNING 2025-07-29 16:14:43,877 log 28852 17236 Not Found: /api/learning-paths/recommended/
WARNING 2025-07-29 16:14:43,889 log 28852 24612 Not Found: /api/learning-paths/recommended/
WARNING 2025-07-29 16:14:43,892 log 28852 31600 Not Found: /api/learning-paths/recommended/
WARNING 2025-07-29 16:14:43,902 basehttp 28852 17236 "GET /api/learning-paths/recommended/?user_level=beginner HTTP/1.1" 404 35
WARNING 2025-07-29 16:14:43,911 basehttp 28852 24612 "GET /api/learning-paths/recommended/?user_level=beginner HTTP/1.1" 404 35
WARNING 2025-07-29 16:14:43,932 basehttp 28852 31600 "GET /api/learning-paths/recommended/?user_level=beginner HTTP/1.1" 404 35
WARNING 2025-07-29 16:14:43,937 log 28852 30936 Not Found: /api/learning-paths/recommended/
WARNING 2025-07-29 16:14:43,965 basehttp 28852 30936 "GET /api/learning-paths/recommended/?user_level=beginner HTTP/1.1" 404 35
WARNING 2025-07-29 16:14:43,971 log 28852 13444 Not Found: /api/learning-paths/recommended/
WARNING 2025-07-29 16:14:43,978 log 28852 27028 Not Found: /api/learning-paths/recommended/
WARNING 2025-07-29 16:14:43,981 basehttp 28852 13444 "GET /api/learning-paths/recommended/?user_level=beginner HTTP/1.1" 404 35
WARNING 2025-07-29 16:14:43,983 log 28852 24612 Not Found: /api/learning-paths/recommended/
WARNING 2025-07-29 16:14:43,984 basehttp 28852 27028 "GET /api/learning-paths/recommended/?user_level=beginner HTTP/1.1" 404 35
WARNING 2025-07-29 16:14:44,030 basehttp 28852 24612 "GET /api/learning-paths/recommended/?user_level=beginner HTTP/1.1" 404 35
WARNING 2025-07-29 16:14:44,050 log 28852 17236 Not Found: /api/learning-paths/recommended/
WARNING 2025-07-29 16:14:44,064 log 28852 13444 Not Found: /api/learning-paths/recommended/
WARNING 2025-07-29 16:14:44,066 basehttp 28852 17236 "GET /api/learning-paths/recommended/?user_level=beginner HTTP/1.1" 404 35
WARNING 2025-07-29 16:14:44,077 basehttp 28852 13444 "GET /api/learning-paths/recommended/?user_level=beginner HTTP/1.1" 404 35
WARNING 2025-07-29 16:14:44,079 log 28852 31600 Not Found: /api/learning-paths/recommended/
WARNING 2025-07-29 16:14:44,089 log 28852 27028 Not Found: /api/learning-paths/recommended/
WARNING 2025-07-29 16:14:44,095 log 28852 24612 Not Found: /api/learning-paths/recommended/
WARNING 2025-07-29 16:14:44,099 basehttp 28852 31600 "GET /api/learning-paths/recommended/?user_level=beginner HTTP/1.1" 404 35
WARNING 2025-07-29 16:14:44,106 log 28852 30936 Not Found: /api/learning-paths/recommended/
WARNING 2025-07-29 16:14:44,114 basehttp 28852 24612 "GET /api/learning-paths/recommended/?user_level=beginner HTTP/1.1" 404 35
WARNING 2025-07-29 16:14:44,127 basehttp 28852 27028 "GET /api/learning-paths/recommended/?user_level=beginner HTTP/1.1" 404 35
WARNING 2025-07-29 16:14:44,136 log 28852 31600 Not Found: /api/learning-paths/recommended/
WARNING 2025-07-29 16:14:44,137 log 28852 17236 Not Found: /api/learning-paths/recommended/
WARNING 2025-07-29 16:14:44,145 basehttp 28852 30936 "GET /api/learning-paths/recommended/?user_level=beginner HTTP/1.1" 404 35
WARNING 2025-07-29 16:14:44,164 log 28852 13444 Not Found: /api/learning-paths/recommended/
WARNING 2025-07-29 16:14:44,166 log 28852 27028 Not Found: /api/learning-paths/recommended/
WARNING 2025-07-29 16:14:44,168 basehttp 28852 31600 "GET /api/learning-paths/recommended/?user_level=beginner HTTP/1.1" 404 35
WARNING 2025-07-29 16:14:44,178 log 28852 24612 Not Found: /api/learning-paths/recommended/
WARNING 2025-07-29 16:14:44,193 basehttp 28852 17236 "GET /api/learning-paths/recommended/?user_level=beginner HTTP/1.1" 404 35
WARNING 2025-07-29 16:14:44,225 basehttp 28852 13444 "GET /api/learning-paths/recommended/?user_level=beginner HTTP/1.1" 404 35
WARNING 2025-07-29 16:14:44,251 basehttp 28852 27028 "GET /api/learning-paths/recommended/?user_level=beginner HTTP/1.1" 404 35
WARNING 2025-07-29 16:14:44,286 log 28852 17236 Not Found: /api/learning-paths/recommended/
WARNING 2025-07-29 16:14:44,301 basehttp 28852 24612 "GET /api/learning-paths/recommended/?user_level=beginner HTTP/1.1" 404 35
WARNING 2025-07-29 16:14:44,393 basehttp 28852 17236 "GET /api/learning-paths/recommended/?user_level=beginner HTTP/1.1" 404 35
WARNING 2025-07-29 16:14:44,458 log 28852 31600 Not Found: /api/learning-paths/recommended/
WARNING 2025-07-29 16:14:44,486 basehttp 28852 31600 "GET /api/learning-paths/recommended/?user_level=beginner HTTP/1.1" 404 35
WARNING 2025-07-29 16:14:44,506 log 28852 30936 Not Found: /api/learning-paths/recommended/
WARNING 2025-07-29 16:14:44,527 basehttp 28852 30936 "GET /api/learning-paths/recommended/?user_level=beginner HTTP/1.1" 404 35
WARNING 2025-07-29 16:14:44,554 log 28852 17236 Not Found: /api/learning-paths/recommended/
WARNING 2025-07-29 16:14:44,569 log 28852 24612 Not Found: /api/learning-paths/recommended/
WARNING 2025-07-29 16:14:44,571 log 28852 13444 Not Found: /api/learning-paths/recommended/
WARNING 2025-07-29 16:14:44,572 basehttp 28852 17236 "GET /api/learning-paths/recommended/?user_level=beginner HTTP/1.1" 404 35
WARNING 2025-07-29 16:14:44,603 log 28852 27028 Not Found: /api/learning-paths/recommended/
WARNING 2025-07-29 16:14:44,605 basehttp 28852 13444 "GET /api/learning-paths/recommended/?user_level=beginner HTTP/1.1" 404 35
WARNING 2025-07-29 16:14:44,607 basehttp 28852 24612 "GET /api/learning-paths/recommended/?user_level=beginner HTTP/1.1" 404 35
WARNING 2025-07-29 16:14:44,628 log 28852 30936 Not Found: /api/learning-paths/recommended/
WARNING 2025-07-29 16:14:44,638 log 28852 31600 Not Found: /api/learning-paths/recommended/
WARNING 2025-07-29 16:14:44,652 log 28852 17236 Not Found: /api/learning-paths/recommended/
WARNING 2025-07-29 16:14:44,736 basehttp 28852 27028 "GET /api/learning-paths/recommended/?user_level=beginner HTTP/1.1" 404 35
WARNING 2025-07-29 16:14:44,790 log 28852 13444 Not Found: /api/learning-paths/recommended/
WARNING 2025-07-29 16:14:44,792 basehttp 28852 30936 "GET /api/learning-paths/recommended/?user_level=beginner HTTP/1.1" 404 35
WARNING 2025-07-29 16:14:44,797 basehttp 28852 31600 "GET /api/learning-paths/recommended/?user_level=beginner HTTP/1.1" 404 35
WARNING 2025-07-29 16:14:44,799 log 28852 24612 Not Found: /api/learning-paths/recommended/
WARNING 2025-07-29 16:14:44,804 basehttp 28852 17236 "GET /api/learning-paths/recommended/?user_level=beginner HTTP/1.1" 404 35
WARNING 2025-07-29 16:14:44,844 log 28852 27028 Not Found: /api/learning-paths/recommended/
WARNING 2025-07-29 16:14:44,846 basehttp 28852 13444 "GET /api/learning-paths/recommended/?user_level=beginner HTTP/1.1" 404 35
WARNING 2025-07-29 16:14:44,894 log 28852 30936 Not Found: /api/learning-paths/recommended/
WARNING 2025-07-29 16:14:44,904 basehttp 28852 24612 "GET /api/learning-paths/recommended/?user_level=beginner HTTP/1.1" 404 35
WARNING 2025-07-29 16:14:44,918 log 28852 31600 Not Found: /api/learning-paths/recommended/
WARNING 2025-07-29 16:14:44,965 basehttp 28852 27028 "GET /api/learning-paths/recommended/?user_level=beginner HTTP/1.1" 404 35
WARNING 2025-07-29 16:14:44,967 log 28852 17236 Not Found: /api/learning-paths/recommended/
WARNING 2025-07-29 16:14:44,991 basehttp 28852 30936 "GET /api/learning-paths/recommended/?user_level=beginner HTTP/1.1" 404 35
WARNING 2025-07-29 16:14:45,004 log 28852 13444 Not Found: /api/learning-paths/recommended/
WARNING 2025-07-29 16:14:45,043 log 28852 24612 Not Found: /api/learning-paths/recommended/
WARNING 2025-07-29 16:14:45,044 basehttp 28852 31600 "GET /api/learning-paths/recommended/?user_level=beginner HTTP/1.1" 404 35
WARNING 2025-07-29 16:14:45,065 basehttp 28852 17236 "GET /api/learning-paths/recommended/?user_level=beginner HTTP/1.1" 404 35
WARNING 2025-07-29 16:14:45,102 log 28852 27028 Not Found: /api/learning-paths/recommended/
WARNING 2025-07-29 16:14:45,140 basehttp 28852 13444 "GET /api/learning-paths/recommended/?user_level=beginner HTTP/1.1" 404 35
WARNING 2025-07-29 16:14:45,167 log 28852 17236 Not Found: /api/learning-paths/recommended/
WARNING 2025-07-29 16:14:45,170 basehttp 28852 24612 "GET /api/learning-paths/recommended/?user_level=beginner HTTP/1.1" 404 35
WARNING 2025-07-29 16:14:45,220 log 28852 31600 Not Found: /api/learning-paths/recommended/
WARNING 2025-07-29 16:14:45,239 basehttp 28852 27028 "GET /api/learning-paths/recommended/?user_level=beginner HTTP/1.1" 404 35
WARNING 2025-07-29 16:14:45,258 log 28852 30936 Not Found: /api/learning-paths/recommended/
WARNING 2025-07-29 16:14:45,260 basehttp 28852 17236 "GET /api/learning-paths/recommended/?user_level=beginner HTTP/1.1" 404 35
WARNING 2025-07-29 16:14:45,311 log 28852 13444 Not Found: /api/learning-paths/recommended/
WARNING 2025-07-29 16:14:45,313 basehttp 28852 31600 "GET /api/learning-paths/recommended/?user_level=beginner HTTP/1.1" 404 35
WARNING 2025-07-29 16:14:45,328 basehttp 28852 30936 "GET /api/learning-paths/recommended/?user_level=beginner HTTP/1.1" 404 35
WARNING 2025-07-29 16:14:45,361 basehttp 28852 13444 "GET /api/learning-paths/recommended/?user_level=beginner HTTP/1.1" 404 35
WARNING 2025-07-29 16:14:45,391 log 28852 27028 Not Found: /api/learning-paths/recommended/
WARNING 2025-07-29 16:14:45,402 log 28852 17236 Not Found: /api/learning-paths/recommended/
WARNING 2025-07-29 16:14:45,404 basehttp 28852 27028 "GET /api/learning-paths/recommended/?user_level=beginner HTTP/1.1" 404 35
WARNING 2025-07-29 16:14:45,466 basehttp 28852 17236 "GET /api/learning-paths/recommended/?user_level=beginner HTTP/1.1" 404 35
WARNING 2025-07-29 16:14:45,527 log 28852 30936 Not Found: /api/learning-paths/recommended/
WARNING 2025-07-29 16:14:45,534 basehttp 28852 30936 "GET /api/learning-paths/recommended/?user_level=beginner HTTP/1.1" 404 35
WARNING 2025-07-29 16:14:45,568 log 28852 27028 Not Found: /api/learning-paths/recommended/
WARNING 2025-07-29 16:14:45,571 log 28852 31600 Not Found: /api/learning-paths/recommended/
WARNING 2025-07-29 16:14:45,574 basehttp 28852 27028 "GET /api/learning-paths/recommended/?user_level=beginner HTTP/1.1" 404 35
WARNING 2025-07-29 16:14:45,575 basehttp 28852 31600 "GET /api/learning-paths/recommended/?user_level=beginner HTTP/1.1" 404 35
WARNING 2025-07-29 16:14:45,585 log 28852 13444 Not Found: /api/learning-paths/recommended/
WARNING 2025-07-29 16:14:45,586 log 28852 24612 Not Found: /api/learning-paths/recommended/
WARNING 2025-07-29 16:14:45,594 basehttp 28852 13444 "GET /api/learning-paths/recommended/?user_level=beginner HTTP/1.1" 404 35
WARNING 2025-07-29 16:14:45,615 log 28852 17236 Not Found: /api/learning-paths/recommended/
WARNING 2025-07-29 16:14:45,631 basehttp 28852 24612 "GET /api/learning-paths/recommended/?user_level=beginner HTTP/1.1" 404 35
WARNING 2025-07-29 16:14:45,660 log 28852 31600 Not Found: /api/learning-paths/recommended/
WARNING 2025-07-29 16:14:45,665 basehttp 28852 17236 "GET /api/learning-paths/recommended/?user_level=beginner HTTP/1.1" 404 35
WARNING 2025-07-29 16:14:45,686 basehttp 28852 31600 "GET /api/learning-paths/recommended/?user_level=beginner HTTP/1.1" 404 35
WARNING 2025-07-29 16:14:45,704 log 28852 30936 Not Found: /api/learning-paths/recommended/
WARNING 2025-07-29 16:14:45,725 basehttp 28852 30936 "GET /api/learning-paths/recommended/?user_level=beginner HTTP/1.1" 404 35
WARNING 2025-07-29 16:14:45,730 log 28852 13444 Not Found: /api/learning-paths/recommended/
WARNING 2025-07-29 16:14:45,739 log 28852 17236 Not Found: /api/learning-paths/recommended/
WARNING 2025-07-29 16:14:45,740 basehttp 28852 13444 "GET /api/learning-paths/recommended/?user_level=beginner HTTP/1.1" 404 35
WARNING 2025-07-29 16:14:45,743 basehttp 28852 17236 "GET /api/learning-paths/recommended/?user_level=beginner HTTP/1.1" 404 35
WARNING 2025-07-29 16:14:45,767 log 28852 31600 Not Found: /api/learning-paths/recommended/
WARNING 2025-07-29 16:14:45,769 log 28852 27028 Not Found: /api/learning-paths/recommended/
WARNING 2025-07-29 16:14:45,776 log 28852 24612 Not Found: /api/learning-paths/recommended/
WARNING 2025-07-29 16:14:45,779 basehttp 28852 31600 "GET /api/learning-paths/recommended/?user_level=beginner HTTP/1.1" 404 35
WARNING 2025-07-29 16:14:45,781 basehttp 28852 27028 "GET /api/learning-paths/recommended/?user_level=beginner HTTP/1.1" 404 35
WARNING 2025-07-29 16:14:45,785 basehttp 28852 24612 "GET /api/learning-paths/recommended/?user_level=beginner HTTP/1.1" 404 35
WARNING 2025-07-29 16:14:45,893 log 28852 30936 Not Found: /api/learning-paths/recommended/
WARNING 2025-07-29 16:14:45,916 basehttp 28852 30936 "GET /api/learning-paths/recommended/?user_level=beginner HTTP/1.1" 404 35
WARNING 2025-07-29 16:14:45,922 log 28852 27028 Not Found: /api/learning-paths/recommended/
WARNING 2025-07-29 16:14:45,923 log 28852 17236 Not Found: /api/learning-paths/recommended/
WARNING 2025-07-29 16:14:45,925 log 28852 13444 Not Found: /api/learning-paths/recommended/
WARNING 2025-07-29 16:14:45,926 basehttp 28852 27028 "GET /api/learning-paths/recommended/?user_level=beginner HTTP/1.1" 404 35
WARNING 2025-07-29 16:14:45,928 basehttp 28852 17236 "GET /api/learning-paths/recommended/?user_level=beginner HTTP/1.1" 404 35
WARNING 2025-07-29 16:14:45,930 log 28852 24612 Not Found: /api/learning-paths/recommended/
WARNING 2025-07-29 16:14:45,930 basehttp 28852 13444 "GET /api/learning-paths/recommended/?user_level=beginner HTTP/1.1" 404 35
WARNING 2025-07-29 16:14:45,933 log 28852 31600 Not Found: /api/learning-paths/recommended/
WARNING 2025-07-29 16:14:45,934 basehttp 28852 24612 "GET /api/learning-paths/recommended/?user_level=beginner HTTP/1.1" 404 35
WARNING 2025-07-29 16:14:45,937 basehttp 28852 31600 "GET /api/learning-paths/recommended/?user_level=beginner HTTP/1.1" 404 35
WARNING 2025-07-29 16:14:46,025 log 28852 30936 Not Found: /api/learning-paths/recommended/
WARNING 2025-07-29 16:14:46,065 basehttp 28852 30936 "GET /api/learning-paths/recommended/?user_level=beginner HTTP/1.1" 404 35
WARNING 2025-07-29 16:14:46,153 log 28852 27028 Not Found: /api/learning-paths/recommended/
WARNING 2025-07-29 16:14:46,171 basehttp 28852 27028 "GET /api/learning-paths/recommended/?user_level=beginner HTTP/1.1" 404 35
WARNING 2025-07-29 16:14:46,190 log 28852 13444 Not Found: /api/learning-paths/recommended/
WARNING 2025-07-29 16:14:46,210 basehttp 28852 13444 "GET /api/learning-paths/recommended/?user_level=beginner HTTP/1.1" 404 35
WARNING 2025-07-29 16:14:46,222 log 28852 31600 Not Found: /api/learning-paths/recommended/
WARNING 2025-07-29 16:14:46,244 basehttp 28852 31600 "GET /api/learning-paths/recommended/?user_level=beginner HTTP/1.1" 404 35
WARNING 2025-07-29 16:14:46,261 log 28852 17236 Not Found: /api/learning-paths/recommended/
WARNING 2025-07-29 16:14:46,313 log 28852 30936 Not Found: /api/learning-paths/recommended/
WARNING 2025-07-29 16:14:46,316 basehttp 28852 17236 "GET /api/learning-paths/recommended/?user_level=beginner HTTP/1.1" 404 35
WARNING 2025-07-29 16:14:46,336 basehttp 28852 30936 "GET /api/learning-paths/recommended/?user_level=beginner HTTP/1.1" 404 35
WARNING 2025-07-29 16:14:46,374 log 28852 31600 Not Found: /api/learning-paths/recommended/
WARNING 2025-07-29 16:14:46,376 log 28852 24612 Not Found: /api/learning-paths/recommended/
WARNING 2025-07-29 16:14:46,388 log 28852 27028 Not Found: /api/learning-paths/recommended/
WARNING 2025-07-29 16:14:46,392 basehttp 28852 31600 "GET /api/learning-paths/recommended/?user_level=beginner HTTP/1.1" 404 35
WARNING 2025-07-29 16:14:46,407 basehttp 28852 24612 "GET /api/learning-paths/recommended/?user_level=beginner HTTP/1.1" 404 35
WARNING 2025-07-29 16:14:46,568 log 28852 13444 Not Found: /api/learning-paths/recommended/
WARNING 2025-07-29 16:14:46,576 basehttp 28852 27028 "GET /api/learning-paths/recommended/?user_level=beginner HTTP/1.1" 404 35
WARNING 2025-07-29 16:14:46,634 log 28852 30936 Not Found: /api/learning-paths/recommended/
WARNING 2025-07-29 16:14:46,635 log 28852 17236 Not Found: /api/learning-paths/recommended/
WARNING 2025-07-29 16:14:46,637 basehttp 28852 13444 "GET /api/learning-paths/recommended/?user_level=beginner HTTP/1.1" 404 35
WARNING 2025-07-29 16:14:46,655 basehttp 28852 30936 "GET /api/learning-paths/recommended/?user_level=beginner HTTP/1.1" 404 35
WARNING 2025-07-29 16:14:46,660 log 28852 31600 Not Found: /api/learning-paths/recommended/
WARNING 2025-07-29 16:14:46,663 basehttp 28852 17236 "GET /api/learning-paths/recommended/?user_level=beginner HTTP/1.1" 404 35
WARNING 2025-07-29 16:14:46,678 log 28852 27028 Not Found: /api/learning-paths/recommended/
WARNING 2025-07-29 16:14:46,692 log 28852 24612 Not Found: /api/learning-paths/recommended/
WARNING 2025-07-29 16:14:46,702 basehttp 28852 31600 "GET /api/learning-paths/recommended/?user_level=beginner HTTP/1.1" 404 35
WARNING 2025-07-29 16:14:46,738 log 28852 30936 Not Found: /api/learning-paths/recommended/
WARNING 2025-07-29 16:14:46,740 basehttp 28852 27028 "GET /api/learning-paths/recommended/?user_level=beginner HTTP/1.1" 404 35
WARNING 2025-07-29 16:14:46,767 basehttp 28852 24612 "GET /api/learning-paths/recommended/?user_level=beginner HTTP/1.1" 404 35
WARNING 2025-07-29 16:14:46,808 log 28852 13444 Not Found: /api/learning-paths/recommended/
WARNING 2025-07-29 16:14:46,809 basehttp 28852 30936 "GET /api/learning-paths/recommended/?user_level=beginner HTTP/1.1" 404 35
WARNING 2025-07-29 16:14:46,815 log 28852 17236 Not Found: /api/learning-paths/recommended/
WARNING 2025-07-29 16:14:46,819 basehttp 28852 13444 "GET /api/learning-paths/recommended/?user_level=beginner HTTP/1.1" 404 35
WARNING 2025-07-29 16:14:46,827 log 28852 31600 Not Found: /api/learning-paths/recommended/
WARNING 2025-07-29 16:14:46,874 basehttp 28852 17236 "GET /api/learning-paths/recommended/?user_level=beginner HTTP/1.1" 404 35
WARNING 2025-07-29 16:14:46,895 log 28852 24612 Not Found: /api/learning-paths/recommended/
WARNING 2025-07-29 16:14:46,905 log 28852 27028 Not Found: /api/learning-paths/recommended/
WARNING 2025-07-29 16:14:46,906 basehttp 28852 31600 "GET /api/learning-paths/recommended/?user_level=beginner HTTP/1.1" 404 35
WARNING 2025-07-29 16:14:46,910 log 28852 30936 Not Found: /api/learning-paths/recommended/
WARNING 2025-07-29 16:14:46,958 log 28852 13444 Not Found: /api/learning-paths/recommended/
WARNING 2025-07-29 16:14:46,961 basehttp 28852 24612 "GET /api/learning-paths/recommended/?user_level=beginner HTTP/1.1" 404 35
WARNING 2025-07-29 16:14:46,962 basehttp 28852 27028 "GET /api/learning-paths/recommended/?user_level=beginner HTTP/1.1" 404 35
WARNING 2025-07-29 16:14:46,964 basehttp 28852 30936 "GET /api/learning-paths/recommended/?user_level=beginner HTTP/1.1" 404 35
WARNING 2025-07-29 16:14:46,967 log 28852 17236 Not Found: /api/learning-paths/recommended/
WARNING 2025-07-29 16:14:46,968 basehttp 28852 13444 "GET /api/learning-paths/recommended/?user_level=beginner HTTP/1.1" 404 35
WARNING 2025-07-29 16:14:46,973 basehttp 28852 17236 "GET /api/learning-paths/recommended/?user_level=beginner HTTP/1.1" 404 35
WARNING 2025-07-29 16:14:47,108 log 28852 31600 Not Found: /api/learning-paths/recommended/
WARNING 2025-07-29 16:14:47,121 basehttp 28852 31600 "GET /api/learning-paths/recommended/?user_level=beginner HTTP/1.1" 404 35
WARNING 2025-07-29 16:14:47,378 log 28852 24612 Not Found: /api/learning-paths/recommended/
WARNING 2025-07-29 16:14:47,410 basehttp 28852 24612 "GET /api/learning-paths/recommended/?user_level=beginner HTTP/1.1" 404 35
WARNING 2025-07-29 16:14:47,478 log 28852 17236 Not Found: /api/learning-paths/recommended/
WARNING 2025-07-29 16:14:47,579 basehttp 28852 17236 "GET /api/learning-paths/recommended/?user_level=beginner HTTP/1.1" 404 35
WARNING 2025-07-29 16:14:47,584 log 28852 13444 Not Found: /api/learning-paths/recommended/
WARNING 2025-07-29 16:14:47,611 basehttp 28852 13444 "GET /api/learning-paths/recommended/?user_level=beginner HTTP/1.1" 404 35
WARNING 2025-07-29 16:14:47,658 log 28852 24612 Not Found: /api/learning-paths/recommended/
WARNING 2025-07-29 16:14:47,671 basehttp 28852 24612 "GET /api/learning-paths/recommended/?user_level=beginner HTTP/1.1" 404 35
WARNING 2025-07-29 16:14:47,722 log 28852 30936 Not Found: /api/learning-paths/recommended/
WARNING 2025-07-29 16:14:47,724 log 28852 31600 Not Found: /api/learning-paths/recommended/
WARNING 2025-07-29 16:14:47,728 log 28852 27028 Not Found: /api/learning-paths/recommended/
WARNING 2025-07-29 16:14:47,733 basehttp 28852 30936 "GET /api/learning-paths/recommended/?user_level=beginner HTTP/1.1" 404 35
WARNING 2025-07-29 16:14:47,800 basehttp 28852 27028 "GET /api/learning-paths/recommended/?user_level=beginner HTTP/1.1" 404 35
WARNING 2025-07-29 16:14:47,801 basehttp 28852 31600 "GET /api/learning-paths/recommended/?user_level=beginner HTTP/1.1" 404 35
WARNING 2025-07-29 16:14:50,000 log 28852 17236 Not Found: /api/learning-paths/recommended/
WARNING 2025-07-29 16:14:50,003 basehttp 28852 17236 "GET /api/learning-paths/recommended/?user_level=beginner HTTP/1.1" 404 35
WARNING 2025-07-29 16:14:50,070 log 28852 30936 Not Found: /api/learning-paths/recommended/
WARNING 2025-07-29 16:14:50,075 basehttp 28852 30936 "GET /api/learning-paths/recommended/?user_level=beginner HTTP/1.1" 404 35
WARNING 2025-07-29 16:14:50,091 log 28852 17236 Not Found: /api/learning-paths/recommended/
WARNING 2025-07-29 16:14:50,101 basehttp 28852 17236 "GET /api/learning-paths/recommended/?user_level=beginner HTTP/1.1" 404 35
WARNING 2025-07-29 16:14:50,122 log 28852 13444 Not Found: /api/learning-paths/recommended/
WARNING 2025-07-29 16:14:50,125 log 28852 30936 Not Found: /api/learning-paths/recommended/
WARNING 2025-07-29 16:14:50,127 log 28852 31600 Not Found: /api/learning-paths/recommended/
WARNING 2025-07-29 16:14:50,133 basehttp 28852 13444 "GET /api/learning-paths/recommended/?user_level=beginner HTTP/1.1" 404 35
WARNING 2025-07-29 16:14:50,134 basehttp 28852 30936 "GET /api/learning-paths/recommended/?user_level=beginner HTTP/1.1" 404 35
WARNING 2025-07-29 16:14:50,137 log 28852 27028 Not Found: /api/learning-paths/recommended/
WARNING 2025-07-29 16:14:50,141 log 28852 24612 Not Found: /api/learning-paths/recommended/
WARNING 2025-07-29 16:14:50,151 basehttp 28852 31600 "GET /api/learning-paths/recommended/?user_level=beginner HTTP/1.1" 404 35
WARNING 2025-07-29 16:14:50,153 log 28852 17236 Not Found: /api/learning-paths/recommended/
WARNING 2025-07-29 16:14:50,155 basehttp 28852 27028 "GET /api/learning-paths/recommended/?user_level=beginner HTTP/1.1" 404 35
WARNING 2025-07-29 16:14:50,162 log 28852 30936 Not Found: /api/learning-paths/recommended/
WARNING 2025-07-29 16:14:50,166 log 28852 31600 Not Found: /api/learning-paths/recommended/
WARNING 2025-07-29 16:14:50,166 basehttp 28852 24612 "GET /api/learning-paths/recommended/?user_level=beginner HTTP/1.1" 404 35
WARNING 2025-07-29 16:14:50,169 log 28852 13444 Not Found: /api/learning-paths/recommended/
WARNING 2025-07-29 16:14:50,170 basehttp 28852 17236 "GET /api/learning-paths/recommended/?user_level=beginner HTTP/1.1" 404 35
WARNING 2025-07-29 16:14:50,178 log 28852 27028 Not Found: /api/learning-paths/recommended/
WARNING 2025-07-29 16:14:50,179 basehttp 28852 30936 "GET /api/learning-paths/recommended/?user_level=beginner HTTP/1.1" 404 35
WARNING 2025-07-29 16:14:50,180 basehttp 28852 31600 "GET /api/learning-paths/recommended/?user_level=beginner HTTP/1.1" 404 35
WARNING 2025-07-29 16:14:50,188 basehttp 28852 13444 "GET /api/learning-paths/recommended/?user_level=beginner HTTP/1.1" 404 35
WARNING 2025-07-29 16:14:50,193 log 28852 24612 Not Found: /api/learning-paths/recommended/
WARNING 2025-07-29 16:14:50,199 basehttp 28852 27028 "GET /api/learning-paths/recommended/?user_level=beginner HTTP/1.1" 404 35
WARNING 2025-07-29 16:14:50,225 log 28852 17236 Not Found: /api/learning-paths/recommended/
WARNING 2025-07-29 16:14:50,234 basehttp 28852 24612 "GET /api/learning-paths/recommended/?user_level=beginner HTTP/1.1" 404 35
WARNING 2025-07-29 16:14:50,236 log 28852 30936 Not Found: /api/learning-paths/recommended/
WARNING 2025-07-29 16:14:50,238 log 28852 31600 Not Found: /api/learning-paths/recommended/
WARNING 2025-07-29 16:14:50,239 log 28852 27028 Not Found: /api/learning-paths/recommended/
WARNING 2025-07-29 16:14:50,244 log 28852 13444 Not Found: /api/learning-paths/recommended/
WARNING 2025-07-29 16:14:50,251 basehttp 28852 17236 "GET /api/learning-paths/recommended/?user_level=beginner HTTP/1.1" 404 35
WARNING 2025-07-29 16:14:50,277 basehttp 28852 30936 "GET /api/learning-paths/recommended/?user_level=beginner HTTP/1.1" 404 35
WARNING 2025-07-29 16:14:50,310 basehttp 28852 31600 "GET /api/learning-paths/recommended/?user_level=beginner HTTP/1.1" 404 35
WARNING 2025-07-29 16:14:50,342 log 28852 24612 Not Found: /api/learning-paths/recommended/
WARNING 2025-07-29 16:14:50,360 basehttp 28852 27028 "GET /api/learning-paths/recommended/?user_level=beginner HTTP/1.1" 404 35
WARNING 2025-07-29 16:14:50,368 basehttp 28852 13444 "GET /api/learning-paths/recommended/?user_level=beginner HTTP/1.1" 404 35
WARNING 2025-07-29 16:14:50,398 basehttp 28852 24612 "GET /api/learning-paths/recommended/?user_level=beginner HTTP/1.1" 404 35
WARNING 2025-07-29 16:14:50,410 log 28852 17236 Not Found: /api/learning-paths/recommended/
WARNING 2025-07-29 16:14:50,465 basehttp 28852 17236 "GET /api/learning-paths/recommended/?user_level=beginner HTTP/1.1" 404 35
WARNING 2025-07-29 16:14:50,947 log 28852 30936 Not Found: /api/learning-paths/recommended/
WARNING 2025-07-29 16:14:50,966 basehttp 28852 30936 "GET /api/learning-paths/recommended/?user_level=beginner HTTP/1.1" 404 35
WARNING 2025-07-29 16:14:50,990 log 28852 17236 Not Found: /api/learning-paths/recommended/
WARNING 2025-07-29 16:14:51,010 basehttp 28852 17236 "GET /api/learning-paths/recommended/?user_level=beginner HTTP/1.1" 404 35
WARNING 2025-07-29 16:14:51,011 log 28852 31600 Not Found: /api/learning-paths/recommended/
WARNING 2025-07-29 16:14:51,014 log 28852 24612 Not Found: /api/learning-paths/recommended/
WARNING 2025-07-29 16:14:51,024 basehttp 28852 31600 "GET /api/learning-paths/recommended/?user_level=beginner HTTP/1.1" 404 35
WARNING 2025-07-29 16:14:51,034 basehttp 28852 24612 "GET /api/learning-paths/recommended/?user_level=beginner HTTP/1.1" 404 35
WARNING 2025-07-29 16:14:51,089 log 28852 13444 Not Found: /api/learning-paths/recommended/
WARNING 2025-07-29 16:14:51,133 basehttp 28852 13444 "GET /api/learning-paths/recommended/?user_level=beginner HTTP/1.1" 404 35
WARNING 2025-07-29 16:14:51,209 log 28852 13444 Not Found: /api/learning-paths/recommended/
WARNING 2025-07-29 16:14:51,225 log 28852 17236 Not Found: /api/learning-paths/recommended/
WARNING 2025-07-29 16:14:51,227 basehttp 28852 13444 "GET /api/learning-paths/recommended/?user_level=beginner HTTP/1.1" 404 35
WARNING 2025-07-29 16:14:51,240 log 28852 31600 Not Found: /api/learning-paths/recommended/
WARNING 2025-07-29 16:14:51,242 basehttp 28852 17236 "GET /api/learning-paths/recommended/?user_level=beginner HTTP/1.1" 404 35
WARNING 2025-07-29 16:14:51,249 log 28852 24612 Not Found: /api/learning-paths/recommended/
WARNING 2025-07-29 16:14:51,251 log 28852 27028 Not Found: /api/learning-paths/recommended/
WARNING 2025-07-29 16:14:51,257 log 28852 30936 Not Found: /api/learning-paths/recommended/
WARNING 2025-07-29 16:14:51,262 basehttp 28852 31600 "GET /api/learning-paths/recommended/?user_level=beginner HTTP/1.1" 404 35
WARNING 2025-07-29 16:14:51,273 log 28852 13444 Not Found: /api/learning-paths/recommended/
WARNING 2025-07-29 16:14:51,277 basehttp 28852 24612 "GET /api/learning-paths/recommended/?user_level=beginner HTTP/1.1" 404 35
WARNING 2025-07-29 16:14:51,286 log 28852 17236 Not Found: /api/learning-paths/recommended/
WARNING 2025-07-29 16:14:51,288 basehttp 28852 27028 "GET /api/learning-paths/recommended/?user_level=beginner HTTP/1.1" 404 35
WARNING 2025-07-29 16:14:51,292 basehttp 28852 30936 "GET /api/learning-paths/recommended/?user_level=beginner HTTP/1.1" 404 35
WARNING 2025-07-29 16:14:51,301 log 28852 31600 Not Found: /api/learning-paths/recommended/
WARNING 2025-07-29 16:14:51,305 basehttp 28852 31600 "GET /api/learning-paths/recommended/?user_level=beginner HTTP/1.1" 404 35
WARNING 2025-07-29 16:14:51,322 log 28852 24612 Not Found: /api/learning-paths/recommended/
WARNING 2025-07-29 16:14:51,323 basehttp 28852 17236 "GET /api/learning-paths/recommended/?user_level=beginner HTTP/1.1" 404 35
WARNING 2025-07-29 16:14:51,333 log 28852 27028 Not Found: /api/learning-paths/recommended/
WARNING 2025-07-29 16:14:51,344 basehttp 28852 13444 "GET /api/learning-paths/recommended/?user_level=beginner HTTP/1.1" 404 35
WARNING 2025-07-29 16:14:51,355 log 28852 30936 Not Found: /api/learning-paths/recommended/
WARNING 2025-07-29 16:14:51,356 basehttp 28852 24612 "GET /api/learning-paths/recommended/?user_level=beginner HTTP/1.1" 404 35
WARNING 2025-07-29 16:14:51,364 log 28852 31600 Not Found: /api/learning-paths/recommended/
WARNING 2025-07-29 16:14:51,366 basehttp 28852 27028 "GET /api/learning-paths/recommended/?user_level=beginner HTTP/1.1" 404 35
WARNING 2025-07-29 16:14:51,373 log 28852 17236 Not Found: /api/learning-paths/recommended/
WARNING 2025-07-29 16:14:51,377 log 28852 13444 Not Found: /api/learning-paths/recommended/
WARNING 2025-07-29 16:14:51,383 basehttp 28852 30936 "GET /api/learning-paths/recommended/?user_level=beginner HTTP/1.1" 404 35
WARNING 2025-07-29 16:14:51,384 log 28852 24612 Not Found: /api/learning-paths/recommended/
WARNING 2025-07-29 16:14:51,385 basehttp 28852 31600 "GET /api/learning-paths/recommended/?user_level=beginner HTTP/1.1" 404 35
WARNING 2025-07-29 16:14:51,389 basehttp 28852 17236 "GET /api/learning-paths/recommended/?user_level=beginner HTTP/1.1" 404 35
WARNING 2025-07-29 16:14:51,390 basehttp 28852 13444 "GET /api/learning-paths/recommended/?user_level=beginner HTTP/1.1" 404 35
WARNING 2025-07-29 16:14:51,393 basehttp 28852 24612 "GET /api/learning-paths/recommended/?user_level=beginner HTTP/1.1" 404 35
WARNING 2025-07-29 16:14:52,050 log 28852 27028 Not Found: /api/learning-paths/recommended/
WARNING 2025-07-29 16:14:52,052 log 28852 17236 Not Found: /api/learning-paths/recommended/
WARNING 2025-07-29 16:14:52,053 basehttp 28852 27028 "GET /api/learning-paths/recommended/?user_level=beginner HTTP/1.1" 404 35
WARNING 2025-07-29 16:14:52,055 basehttp 28852 17236 "GET /api/learning-paths/recommended/?user_level=beginner HTTP/1.1" 404 35
WARNING 2025-07-29 16:14:52,057 log 28852 31600 Not Found: /api/learning-paths/recommended/
WARNING 2025-07-29 16:14:52,058 log 28852 13444 Not Found: /api/learning-paths/recommended/
WARNING 2025-07-29 16:14:52,060 log 28852 24612 Not Found: /api/learning-paths/recommended/
WARNING 2025-07-29 16:14:52,063 basehttp 28852 31600 "GET /api/learning-paths/recommended/?user_level=beginner HTTP/1.1" 404 35
WARNING 2025-07-29 16:14:52,065 basehttp 28852 13444 "GET /api/learning-paths/recommended/?user_level=beginner HTTP/1.1" 404 35
WARNING 2025-07-29 16:14:52,067 log 28852 30936 Not Found: /api/learning-paths/recommended/
WARNING 2025-07-29 16:14:52,069 basehttp 28852 24612 "GET /api/learning-paths/recommended/?user_level=beginner HTTP/1.1" 404 35
WARNING 2025-07-29 16:14:52,071 basehttp 28852 30936 "GET /api/learning-paths/recommended/?user_level=beginner HTTP/1.1" 404 35
WARNING 2025-07-29 16:14:52,208 log 28852 27028 Not Found: /api/learning-paths/recommended/
WARNING 2025-07-29 16:14:52,254 basehttp 28852 27028 "GET /api/learning-paths/recommended/?user_level=beginner HTTP/1.1" 404 35
WARNING 2025-07-29 16:14:52,276 log 28852 13444 Not Found: /api/learning-paths/recommended/
WARNING 2025-07-29 16:14:52,282 log 28852 24612 Not Found: /api/learning-paths/recommended/
WARNING 2025-07-29 16:14:52,283 basehttp 28852 13444 "GET /api/learning-paths/recommended/?user_level=beginner HTTP/1.1" 404 35
WARNING 2025-07-29 16:14:52,289 log 28852 17236 Not Found: /api/learning-paths/recommended/
WARNING 2025-07-29 16:14:52,292 basehttp 28852 24612 "GET /api/learning-paths/recommended/?user_level=beginner HTTP/1.1" 404 35
WARNING 2025-07-29 16:14:52,307 log 28852 30936 Not Found: /api/learning-paths/recommended/
WARNING 2025-07-29 16:14:52,309 log 28852 27028 Not Found: /api/learning-paths/recommended/
WARNING 2025-07-29 16:14:52,320 basehttp 28852 17236 "GET /api/learning-paths/recommended/?user_level=beginner HTTP/1.1" 404 35
WARNING 2025-07-29 16:14:52,324 log 28852 24612 Not Found: /api/learning-paths/recommended/
WARNING 2025-07-29 16:14:52,326 basehttp 28852 30936 "GET /api/learning-paths/recommended/?user_level=beginner HTTP/1.1" 404 35
WARNING 2025-07-29 16:14:52,331 log 28852 13444 Not Found: /api/learning-paths/recommended/
WARNING 2025-07-29 16:14:52,333 log 28852 31600 Not Found: /api/learning-paths/recommended/
WARNING 2025-07-29 16:14:52,341 basehttp 28852 27028 "GET /api/learning-paths/recommended/?user_level=beginner HTTP/1.1" 404 35
WARNING 2025-07-29 16:14:52,350 log 28852 17236 Not Found: /api/learning-paths/recommended/
WARNING 2025-07-29 16:14:52,351 basehttp 28852 24612 "GET /api/learning-paths/recommended/?user_level=beginner HTTP/1.1" 404 35
WARNING 2025-07-29 16:14:52,369 basehttp 28852 13444 "GET /api/learning-paths/recommended/?user_level=beginner HTTP/1.1" 404 35
WARNING 2025-07-29 16:14:52,371 basehttp 28852 31600 "GET /api/learning-paths/recommended/?user_level=beginner HTTP/1.1" 404 35
WARNING 2025-07-29 16:14:52,391 log 28852 30936 Not Found: /api/learning-paths/recommended/
WARNING 2025-07-29 16:14:52,392 basehttp 28852 17236 "GET /api/learning-paths/recommended/?user_level=beginner HTTP/1.1" 404 35
WARNING 2025-07-29 16:14:52,419 log 28852 27028 Not Found: /api/learning-paths/recommended/
WARNING 2025-07-29 16:14:52,429 basehttp 28852 30936 "GET /api/learning-paths/recommended/?user_level=beginner HTTP/1.1" 404 35
WARNING 2025-07-29 16:14:52,442 log 28852 24612 Not Found: /api/learning-paths/recommended/
WARNING 2025-07-29 16:14:52,445 basehttp 28852 27028 "GET /api/learning-paths/recommended/?user_level=beginner HTTP/1.1" 404 35
WARNING 2025-07-29 16:14:52,446 log 28852 17236 Not Found: /api/learning-paths/recommended/
WARNING 2025-07-29 16:14:52,448 log 28852 13444 Not Found: /api/learning-paths/recommended/
WARNING 2025-07-29 16:14:52,463 log 28852 31600 Not Found: /api/learning-paths/recommended/
WARNING 2025-07-29 16:14:52,466 basehttp 28852 24612 "GET /api/learning-paths/recommended/?user_level=beginner HTTP/1.1" 404 35
WARNING 2025-07-29 16:14:52,486 basehttp 28852 17236 "GET /api/learning-paths/recommended/?user_level=beginner HTTP/1.1" 404 35
WARNING 2025-07-29 16:14:52,492 basehttp 28852 13444 "GET /api/learning-paths/recommended/?user_level=beginner HTTP/1.1" 404 35
WARNING 2025-07-29 16:14:52,495 log 28852 30936 Not Found: /api/learning-paths/recommended/
WARNING 2025-07-29 16:14:52,503 basehttp 28852 31600 "GET /api/learning-paths/recommended/?user_level=beginner HTTP/1.1" 404 35
WARNING 2025-07-29 16:14:52,512 log 28852 27028 Not Found: /api/learning-paths/recommended/
WARNING 2025-07-29 16:14:52,522 basehttp 28852 30936 "GET /api/learning-paths/recommended/?user_level=beginner HTTP/1.1" 404 35
WARNING 2025-07-29 16:14:52,532 log 28852 17236 Not Found: /api/learning-paths/recommended/
WARNING 2025-07-29 16:14:52,536 log 28852 24612 Not Found: /api/learning-paths/recommended/
WARNING 2025-07-29 16:14:52,543 basehttp 28852 27028 "GET /api/learning-paths/recommended/?user_level=beginner HTTP/1.1" 404 35
WARNING 2025-07-29 16:14:52,550 log 28852 31600 Not Found: /api/learning-paths/recommended/
WARNING 2025-07-29 16:14:52,553 basehttp 28852 17236 "GET /api/learning-paths/recommended/?user_level=beginner HTTP/1.1" 404 35
WARNING 2025-07-29 16:14:52,563 basehttp 28852 24612 "GET /api/learning-paths/recommended/?user_level=beginner HTTP/1.1" 404 35
WARNING 2025-07-29 16:14:52,567 basehttp 28852 31600 "GET /api/learning-paths/recommended/?user_level=beginner HTTP/1.1" 404 35
WARNING 2025-07-29 16:14:52,595 log 28852 13444 Not Found: /api/learning-paths/recommended/
WARNING 2025-07-29 16:14:52,603 basehttp 28852 13444 "GET /api/learning-paths/recommended/?user_level=beginner HTTP/1.1" 404 35
WARNING 2025-07-29 16:14:52,605 log 28852 27028 Not Found: /api/learning-paths/recommended/
WARNING 2025-07-29 16:14:52,620 log 28852 31600 Not Found: /api/learning-paths/recommended/
WARNING 2025-07-29 16:14:52,624 log 28852 24612 Not Found: /api/learning-paths/recommended/
WARNING 2025-07-29 16:14:52,625 basehttp 28852 27028 "GET /api/learning-paths/recommended/?user_level=beginner HTTP/1.1" 404 35
WARNING 2025-07-29 16:14:52,627 basehttp 28852 31600 "GET /api/learning-paths/recommended/?user_level=beginner HTTP/1.1" 404 35
WARNING 2025-07-29 16:14:52,630 log 28852 30936 Not Found: /api/learning-paths/recommended/
WARNING 2025-07-29 16:14:52,634 basehttp 28852 24612 "GET /api/learning-paths/recommended/?user_level=beginner HTTP/1.1" 404 35
WARNING 2025-07-29 16:14:52,642 log 28852 17236 Not Found: /api/learning-paths/recommended/
WARNING 2025-07-29 16:14:52,651 log 28852 13444 Not Found: /api/learning-paths/recommended/
WARNING 2025-07-29 16:14:52,660 log 28852 27028 Not Found: /api/learning-paths/recommended/
WARNING 2025-07-29 16:14:52,663 basehttp 28852 30936 "GET /api/learning-paths/recommended/?user_level=beginner HTTP/1.1" 404 35
WARNING 2025-07-29 16:14:52,666 basehttp 28852 17236 "GET /api/learning-paths/recommended/?user_level=beginner HTTP/1.1" 404 35
WARNING 2025-07-29 16:14:52,668 basehttp 28852 27028 "GET /api/learning-paths/recommended/?user_level=beginner HTTP/1.1" 404 35
WARNING 2025-07-29 16:14:52,669 basehttp 28852 13444 "GET /api/learning-paths/recommended/?user_level=beginner HTTP/1.1" 404 35
WARNING 2025-07-29 16:14:52,671 log 28852 24612 Not Found: /api/learning-paths/recommended/
WARNING 2025-07-29 16:14:52,673 log 28852 31600 Not Found: /api/learning-paths/recommended/
WARNING 2025-07-29 16:14:52,688 log 28852 30936 Not Found: /api/learning-paths/recommended/
WARNING 2025-07-29 16:14:52,695 log 28852 17236 Not Found: /api/learning-paths/recommended/
WARNING 2025-07-29 16:14:52,704 basehttp 28852 24612 "GET /api/learning-paths/recommended/?user_level=beginner HTTP/1.1" 404 35
WARNING 2025-07-29 16:14:52,708 basehttp 28852 31600 "GET /api/learning-paths/recommended/?user_level=beginner HTTP/1.1" 404 35
WARNING 2025-07-29 16:14:52,713 log 28852 13444 Not Found: /api/learning-paths/recommended/
WARNING 2025-07-29 16:14:52,720 log 28852 27028 Not Found: /api/learning-paths/recommended/
WARNING 2025-07-29 16:14:52,722 basehttp 28852 30936 "GET /api/learning-paths/recommended/?user_level=beginner HTTP/1.1" 404 35
WARNING 2025-07-29 16:14:52,723 basehttp 28852 17236 "GET /api/learning-paths/recommended/?user_level=beginner HTTP/1.1" 404 35
WARNING 2025-07-29 16:14:52,724 log 28852 24612 Not Found: /api/learning-paths/recommended/
WARNING 2025-07-29 16:14:52,733 basehttp 28852 13444 "GET /api/learning-paths/recommended/?user_level=beginner HTTP/1.1" 404 35
WARNING 2025-07-29 16:14:52,734 log 28852 31600 Not Found: /api/learning-paths/recommended/
WARNING 2025-07-29 16:14:52,747 basehttp 28852 27028 "GET /api/learning-paths/recommended/?user_level=beginner HTTP/1.1" 404 35
WARNING 2025-07-29 16:14:52,748 basehttp 28852 24612 "GET /api/learning-paths/recommended/?user_level=beginner HTTP/1.1" 404 35
WARNING 2025-07-29 16:14:52,751 log 28852 30936 Not Found: /api/learning-paths/recommended/
WARNING 2025-07-29 16:14:52,755 log 28852 17236 Not Found: /api/learning-paths/recommended/
WARNING 2025-07-29 16:14:52,757 basehttp 28852 31600 "GET /api/learning-paths/recommended/?user_level=beginner HTTP/1.1" 404 35
WARNING 2025-07-29 16:14:52,760 basehttp 28852 30936 "GET /api/learning-paths/recommended/?user_level=beginner HTTP/1.1" 404 35
WARNING 2025-07-29 16:14:52,763 basehttp 28852 17236 "GET /api/learning-paths/recommended/?user_level=beginner HTTP/1.1" 404 35
WARNING 2025-07-29 16:14:52,831 log 28852 13444 Not Found: /api/learning-paths/recommended/
WARNING 2025-07-29 16:14:52,835 log 28852 24612 Not Found: /api/learning-paths/recommended/
WARNING 2025-07-29 16:14:52,836 basehttp 28852 13444 "GET /api/learning-paths/recommended/?user_level=beginner HTTP/1.1" 404 35
WARNING 2025-07-29 16:14:52,839 basehttp 28852 24612 "GET /api/learning-paths/recommended/?user_level=beginner HTTP/1.1" 404 35
WARNING 2025-07-29 16:14:52,847 log 28852 30936 Not Found: /api/learning-paths/recommended/
WARNING 2025-07-29 16:14:52,854 log 28852 27028 Not Found: /api/learning-paths/recommended/
WARNING 2025-07-29 16:14:52,855 basehttp 28852 30936 "GET /api/learning-paths/recommended/?user_level=beginner HTTP/1.1" 404 35
WARNING 2025-07-29 16:14:52,858 log 28852 17236 Not Found: /api/learning-paths/recommended/
WARNING 2025-07-29 16:14:52,860 log 28852 31600 Not Found: /api/learning-paths/recommended/
WARNING 2025-07-29 16:14:52,870 log 28852 13444 Not Found: /api/learning-paths/recommended/
WARNING 2025-07-29 16:14:52,871 basehttp 28852 27028 "GET /api/learning-paths/recommended/?user_level=beginner HTTP/1.1" 404 35
WARNING 2025-07-29 16:14:52,874 basehttp 28852 17236 "GET /api/learning-paths/recommended/?user_level=beginner HTTP/1.1" 404 35
WARNING 2025-07-29 16:14:52,877 log 28852 24612 Not Found: /api/learning-paths/recommended/
WARNING 2025-07-29 16:14:52,877 basehttp 28852 31600 "GET /api/learning-paths/recommended/?user_level=beginner HTTP/1.1" 404 35
WARNING 2025-07-29 16:14:52,878 basehttp 28852 13444 "GET /api/learning-paths/recommended/?user_level=beginner HTTP/1.1" 404 35
WARNING 2025-07-29 16:14:52,884 log 28852 30936 Not Found: /api/learning-paths/recommended/
WARNING 2025-07-29 16:14:52,891 basehttp 28852 24612 "GET /api/learning-paths/recommended/?user_level=beginner HTTP/1.1" 404 35
WARNING 2025-07-29 16:14:52,897 log 28852 27028 Not Found: /api/learning-paths/recommended/
WARNING 2025-07-29 16:14:52,901 log 28852 17236 Not Found: /api/learning-paths/recommended/
WARNING 2025-07-29 16:14:52,905 log 28852 31600 Not Found: /api/learning-paths/recommended/
WARNING 2025-07-29 16:14:52,905 basehttp 28852 30936 "GET /api/learning-paths/recommended/?user_level=beginner HTTP/1.1" 404 35
WARNING 2025-07-29 16:14:52,914 log 28852 13444 Not Found: /api/learning-paths/recommended/
WARNING 2025-07-29 16:14:52,914 basehttp 28852 27028 "GET /api/learning-paths/recommended/?user_level=beginner HTTP/1.1" 404 35
WARNING 2025-07-29 16:14:52,915 basehttp 28852 17236 "GET /api/learning-paths/recommended/?user_level=beginner HTTP/1.1" 404 35
WARNING 2025-07-29 16:14:52,917 basehttp 28852 31600 "GET /api/learning-paths/recommended/?user_level=beginner HTTP/1.1" 404 35
WARNING 2025-07-29 16:14:52,922 basehttp 28852 13444 "GET /api/learning-paths/recommended/?user_level=beginner HTTP/1.1" 404 35
WARNING 2025-07-29 16:14:52,961 log 28852 24612 Not Found: /api/learning-paths/recommended/
WARNING 2025-07-29 16:14:52,972 log 28852 17236 Not Found: /api/learning-paths/recommended/
WARNING 2025-07-29 16:14:52,988 basehttp 28852 24612 "GET /api/learning-paths/recommended/?user_level=beginner HTTP/1.1" 404 35
INFO 2025-07-29 16:14:53,026 basehttp 28852 27028 "GET /api/learning-paths/ HTTP/1.1" 200 769
INFO 2025-07-29 16:14:53,026 basehttp 28852 31600 "GET /api/learning-paths/ HTTP/1.1" 200 769
WARNING 2025-07-29 16:14:53,039 basehttp 28852 17236 "GET /api/learning-paths/recommended/?user_level=beginner HTTP/1.1" 404 35
INFO 2025-07-29 16:14:53,047 basehttp 28852 13444 "GET /api/learning-paths/ HTTP/1.1" 200 769
INFO 2025-07-29 16:14:53,099 basehttp 28852 30936 "GET /api/curated/videos/ HTTP/1.1" 200 23776
INFO 2025-07-29 16:14:53,370 basehttp 28852 24612 "GET /api/learning-paths/ HTTP/1.1" 200 769
INFO 2025-07-29 16:14:53,376 basehttp 28852 13444 "GET /api/learning-paths/ HTTP/1.1" 200 769
INFO 2025-07-29 16:14:53,398 basehttp 28852 31600 "GET /api/learning-paths/ HTTP/1.1" 200 769
INFO 2025-07-29 16:14:53,406 basehttp 28852 27028 "GET /api/learning-paths/ HTTP/1.1" 200 769
INFO 2025-07-29 16:14:53,423 basehttp 28852 30936 "GET /api/learning-paths/ HTTP/1.1" 200 769
INFO 2025-07-29 16:14:53,423 basehttp 28852 17236 "GET /api/learning-paths/ HTTP/1.1" 200 769
INFO 2025-07-29 16:14:53,452 basehttp 28852 24612 "GET /api/learning-paths/ HTTP/1.1" 200 769
INFO 2025-07-29 16:14:53,464 basehttp 28852 13444 "GET /api/learning-paths/ HTTP/1.1" 200 769
INFO 2025-07-29 16:14:53,504 basehttp 28852 31600 "GET /api/learning-paths/ HTTP/1.1" 200 769
INFO 2025-07-29 16:14:53,541 basehttp 28852 27028 "GET /api/learning-paths/ HTTP/1.1" 200 769
INFO 2025-07-29 16:14:53,557 basehttp 28852 30936 "GET /api/learning-paths/ HTTP/1.1" 200 769
INFO 2025-07-29 16:14:53,621 basehttp 28852 17236 "GET /api/learning-paths/ HTTP/1.1" 200 769
INFO 2025-07-29 16:14:53,678 basehttp 28852 13444 "GET /api/learning-paths/ HTTP/1.1" 200 769
INFO 2025-07-29 16:14:53,680 basehttp 28852 24612 "GET /api/learning-paths/ HTTP/1.1" 200 769
INFO 2025-07-29 16:14:53,730 basehttp 28852 31600 "GET /api/learning-paths/ HTTP/1.1" 200 769
INFO 2025-07-29 16:14:53,836 basehttp 28852 27028 "GET /api/learning-paths/ HTTP/1.1" 200 769
INFO 2025-07-29 16:14:53,849 basehttp 28852 30936 "GET /api/learning-paths/ HTTP/1.1" 200 769
INFO 2025-07-29 16:14:53,978 basehttp 28852 17236 "GET /api/learning-paths/ HTTP/1.1" 200 769
INFO 2025-07-29 16:14:54,037 basehttp 28852 13444 "GET /api/learning-paths/ HTTP/1.1" 200 769
INFO 2025-07-29 16:14:54,097 basehttp 28852 24612 "GET /api/learning-paths/ HTTP/1.1" 200 769
INFO 2025-07-29 16:14:54,114 basehttp 28852 31600 "GET /api/learning-paths/ HTTP/1.1" 200 769
INFO 2025-07-29 16:14:54,190 basehttp 28852 27028 "GET /api/learning-paths/ HTTP/1.1" 200 769
INFO 2025-07-29 16:14:54,208 basehttp 28852 30936 "GET /api/learning-paths/ HTTP/1.1" 200 769
INFO 2025-07-29 16:14:54,232 basehttp 28852 17236 "GET /api/learning-paths/ HTTP/1.1" 200 769
INFO 2025-07-29 16:14:54,269 basehttp 28852 13444 "GET /api/learning-paths/ HTTP/1.1" 200 769
INFO 2025-07-29 16:14:54,338 basehttp 28852 24612 "GET /api/learning-paths/ HTTP/1.1" 200 769
INFO 2025-07-29 16:14:54,378 basehttp 28852 31600 "GET /api/learning-paths/ HTTP/1.1" 200 769
INFO 2025-07-29 16:14:54,473 basehttp 28852 30936 "GET /api/learning-paths/ HTTP/1.1" 200 769
INFO 2025-07-29 16:14:54,476 basehttp 28852 17236 "GET /api/learning-paths/ HTTP/1.1" 200 769
INFO 2025-07-29 16:14:54,477 basehttp 28852 27028 "GET /api/learning-paths/ HTTP/1.1" 200 769
INFO 2025-07-29 16:14:54,511 basehttp 28852 13444 "GET /api/learning-paths/ HTTP/1.1" 200 769
INFO 2025-07-29 16:14:54,540 basehttp 28852 24612 "GET /api/learning-paths/ HTTP/1.1" 200 769
INFO 2025-07-29 16:14:54,545 basehttp 28852 31600 "GET /api/learning-paths/ HTTP/1.1" 200 769
INFO 2025-07-29 16:14:54,775 basehttp 28852 30936 "GET /api/learning-paths/ HTTP/1.1" 200 769
INFO 2025-07-29 16:14:54,782 basehttp 28852 27028 "GET /api/learning-paths/ HTTP/1.1" 200 769
INFO 2025-07-29 16:14:54,793 basehttp 28852 17236 "GET /api/learning-paths/ HTTP/1.1" 200 769
INFO 2025-07-29 16:14:54,795 basehttp 28852 24612 "GET /api/learning-paths/ HTTP/1.1" 200 769
INFO 2025-07-29 16:14:54,796 basehttp 28852 13444 "GET /api/learning-paths/ HTTP/1.1" 200 769
INFO 2025-07-29 16:14:54,804 basehttp 28852 31600 "GET /api/learning-paths/ HTTP/1.1" 200 769
INFO 2025-07-29 16:14:54,882 basehttp 28852 30936 "GET /api/learning-paths/ HTTP/1.1" 200 769
INFO 2025-07-29 16:14:54,893 basehttp 28852 17236 "GET /api/learning-paths/ HTTP/1.1" 200 769
INFO 2025-07-29 16:14:54,896 basehttp 28852 24612 "GET /api/learning-paths/ HTTP/1.1" 200 769
INFO 2025-07-29 16:14:54,896 basehttp 28852 13444 "GET /api/learning-paths/ HTTP/1.1" 200 769
INFO 2025-07-29 16:14:54,910 basehttp 28852 27028 "GET /api/learning-paths/ HTTP/1.1" 200 769
INFO 2025-07-29 16:14:54,915 basehttp 28852 31600 "GET /api/learning-paths/ HTTP/1.1" 200 769
INFO 2025-07-29 16:14:55,051 basehttp 28852 30936 "GET /api/learning-paths/ HTTP/1.1" 200 769
INFO 2025-07-29 16:14:55,059 basehttp 28852 17236 "GET /api/learning-paths/ HTTP/1.1" 200 769
INFO 2025-07-29 16:14:55,079 basehttp 28852 24612 "GET /api/learning-paths/ HTTP/1.1" 200 769
INFO 2025-07-29 16:14:55,088 basehttp 28852 13444 "GET /api/learning-paths/ HTTP/1.1" 200 769
INFO 2025-07-29 16:14:55,136 basehttp 28852 27028 "GET /api/learning-paths/ HTTP/1.1" 200 769
INFO 2025-07-29 16:14:55,142 basehttp 28852 31600 "GET /api/learning-paths/ HTTP/1.1" 200 769
INFO 2025-07-29 16:14:55,151 basehttp 28852 30936 "GET /api/learning-paths/ HTTP/1.1" 200 769
INFO 2025-07-29 16:14:55,183 basehttp 28852 17236 "GET /api/learning-paths/ HTTP/1.1" 200 769
INFO 2025-07-29 16:14:55,212 basehttp 28852 24612 "GET /api/learning-paths/ HTTP/1.1" 200 769
INFO 2025-07-29 16:14:55,213 basehttp 28852 13444 "GET /api/learning-paths/ HTTP/1.1" 200 769
INFO 2025-07-29 16:14:55,333 basehttp 28852 27028 "GET /api/learning-paths/ HTTP/1.1" 200 769
INFO 2025-07-29 16:14:55,352 basehttp 28852 31600 "GET /api/learning-paths/ HTTP/1.1" 200 769
INFO 2025-07-29 16:14:55,389 basehttp 28852 30936 "GET /api/learning-paths/ HTTP/1.1" 200 769
INFO 2025-07-29 16:14:55,392 basehttp 28852 17236 "GET /api/learning-paths/ HTTP/1.1" 200 769
INFO 2025-07-29 16:14:55,395 basehttp 28852 24612 "GET /api/learning-paths/ HTTP/1.1" 200 769
INFO 2025-07-29 16:14:55,498 basehttp 28852 13444 "GET /api/learning-paths/ HTTP/1.1" 200 769
INFO 2025-07-29 16:14:55,499 basehttp 28852 27028 "GET /api/learning-paths/ HTTP/1.1" 200 769
INFO 2025-07-29 16:14:55,511 basehttp 28852 31600 "GET /api/learning-paths/ HTTP/1.1" 200 769
INFO 2025-07-29 16:14:55,521 basehttp 28852 30936 "GET /api/learning-paths/ HTTP/1.1" 200 769
INFO 2025-07-29 16:14:55,531 basehttp 28852 24612 "GET /api/learning-paths/ HTTP/1.1" 200 769
INFO 2025-07-29 16:14:55,532 basehttp 28852 17236 "GET /api/learning-paths/ HTTP/1.1" 200 769
INFO 2025-07-29 16:14:55,655 basehttp 28852 13444 "GET /api/learning-paths/ HTTP/1.1" 200 769
INFO 2025-07-29 16:14:55,710 basehttp 28852 27028 "GET /api/learning-paths/ HTTP/1.1" 200 769
INFO 2025-07-29 16:14:55,711 basehttp 28852 24612 "GET /api/learning-paths/ HTTP/1.1" 200 769
INFO 2025-07-29 16:14:55,712 basehttp 28852 30936 "GET /api/learning-paths/ HTTP/1.1" 200 769
INFO 2025-07-29 16:14:55,713 basehttp 28852 31600 "GET /api/learning-paths/ HTTP/1.1" 200 769
INFO 2025-07-29 16:14:55,738 basehttp 28852 17236 "GET /api/learning-paths/ HTTP/1.1" 200 769
INFO 2025-07-29 16:14:55,749 basehttp 28852 13444 "GET /api/learning-paths/ HTTP/1.1" 200 769
INFO 2025-07-29 16:14:55,777 basehttp 28852 27028 "GET /api/learning-paths/ HTTP/1.1" 200 769
INFO 2025-07-29 16:14:55,789 basehttp 28852 24612 "GET /api/learning-paths/ HTTP/1.1" 200 769
INFO 2025-07-29 16:14:55,796 basehttp 28852 30936 "GET /api/learning-paths/ HTTP/1.1" 200 769
INFO 2025-07-29 16:14:55,797 basehttp 28852 31600 "GET /api/learning-paths/ HTTP/1.1" 200 769
INFO 2025-07-29 16:14:55,815 basehttp 28852 17236 "GET /api/learning-paths/ HTTP/1.1" 200 769
INFO 2025-07-29 16:14:55,819 basehttp 28852 13444 "GET /api/learning-paths/ HTTP/1.1" 200 769
INFO 2025-07-29 16:14:55,843 basehttp 28852 27028 "GET /api/learning-paths/ HTTP/1.1" 200 769
INFO 2025-07-29 16:14:55,851 basehttp 28852 24612 "GET /api/learning-paths/ HTTP/1.1" 200 769
INFO 2025-07-29 16:14:55,864 basehttp 28852 30936 "GET /api/learning-paths/ HTTP/1.1" 200 769
INFO 2025-07-29 16:14:55,873 basehttp 28852 31600 "GET /api/learning-paths/ HTTP/1.1" 200 769
INFO 2025-07-29 16:14:55,957 basehttp 28852 17236 "GET /api/learning-paths/ HTTP/1.1" 200 769
INFO 2025-07-29 16:14:55,970 basehttp 28852 13444 "GET /api/learning-paths/ HTTP/1.1" 200 769
INFO 2025-07-29 16:14:55,971 basehttp 28852 27028 "GET /api/learning-paths/ HTTP/1.1" 200 769
INFO 2025-07-29 16:14:55,982 basehttp 28852 24612 "GET /api/learning-paths/ HTTP/1.1" 200 769
INFO 2025-07-29 16:14:55,989 basehttp 28852 30936 "GET /api/learning-paths/ HTTP/1.1" 200 769
INFO 2025-07-29 16:14:55,995 basehttp 28852 31600 "GET /api/learning-paths/ HTTP/1.1" 200 769
INFO 2025-07-29 16:14:56,023 basehttp 28852 17236 "GET /api/learning-paths/ HTTP/1.1" 200 769
INFO 2025-07-29 16:14:56,031 basehttp 28852 13444 "GET /api/learning-paths/ HTTP/1.1" 200 769
INFO 2025-07-29 16:14:56,041 basehttp 28852 27028 "GET /api/learning-paths/ HTTP/1.1" 200 769
INFO 2025-07-29 16:14:56,050 basehttp 28852 30936 "GET /api/learning-paths/ HTTP/1.1" 200 769
INFO 2025-07-29 16:14:56,057 basehttp 28852 24612 "GET /api/learning-paths/ HTTP/1.1" 200 769
WARNING 2025-07-29 16:14:56,061 log 28852 30936 Not Found: /api/learning-paths/recommended/
WARNING 2025-07-29 16:14:56,068 basehttp 28852 30936 "GET /api/learning-paths/recommended/?user_level=beginner HTTP/1.1" 404 35
INFO 2025-07-29 16:14:56,069 basehttp 28852 31600 "GET /api/learning-paths/ HTTP/1.1" 200 769
INFO 2025-07-29 16:14:56,089 basehttp 28852 17236 "GET /api/learning-paths/ HTTP/1.1" 200 769
INFO 2025-07-29 16:14:56,112 basehttp 28852 13444 "GET /api/learning-paths/ HTTP/1.1" 200 769
INFO 2025-07-29 16:14:56,113 basehttp 28852 27028 "GET /api/learning-paths/ HTTP/1.1" 200 769
INFO 2025-07-29 16:14:56,140 basehttp 28852 31600 "GET /api/learning-paths/ HTTP/1.1" 200 769
INFO 2025-07-29 16:14:56,169 basehttp 28852 30936 "GET /api/learning-paths/ HTTP/1.1" 200 769
INFO 2025-07-29 16:14:56,178 basehttp 28852 17236 "GET /api/learning-paths/ HTTP/1.1" 200 769
INFO 2025-07-29 16:14:56,187 basehttp 28852 13444 "GET /api/learning-paths/ HTTP/1.1" 200 769
WARNING 2025-07-29 16:14:56,188 log 28852 17236 Not Found: /api/learning-paths/recommended/
WARNING 2025-07-29 16:14:56,201 basehttp 28852 17236 "GET /api/learning-paths/recommended/?user_level=beginner HTTP/1.1" 404 35
INFO 2025-07-29 16:14:56,201 basehttp 28852 24612 "GET /api/curated/videos/ HTTP/1.1" 200 23776
WARNING 2025-07-29 16:14:56,216 log 28852 17236 Not Found: /api/learning-paths/recommended/
WARNING 2025-07-29 16:14:56,218 basehttp 28852 17236 "GET /api/learning-paths/recommended/?user_level=beginner HTTP/1.1" 404 35
WARNING 2025-07-29 16:14:56,236 log 28852 17236 Not Found: /api/learning-paths/recommended/
INFO 2025-07-29 16:14:56,237 basehttp 28852 30936 "GET /api/learning-paths/ HTTP/1.1" 200 769
INFO 2025-07-29 16:14:56,238 basehttp 28852 27028 "GET /api/curated/videos/ HTTP/1.1" 200 23776
WARNING 2025-07-29 16:14:56,239 basehttp 28852 17236 "GET /api/learning-paths/recommended/?user_level=beginner HTTP/1.1" 404 35
INFO 2025-07-29 16:14:56,251 basehttp 28852 13444 "GET /api/learning-paths/ HTTP/1.1" 200 769
WARNING 2025-07-29 16:14:56,252 log 28852 30936 Not Found: /api/learning-paths/recommended/
WARNING 2025-07-29 16:14:56,265 basehttp 28852 30936 "GET /api/learning-paths/recommended/?user_level=beginner HTTP/1.1" 404 35
WARNING 2025-07-29 16:14:56,272 log 28852 13444 Not Found: /api/learning-paths/recommended/
WARNING 2025-07-29 16:14:56,283 basehttp 28852 13444 "GET /api/learning-paths/recommended/?user_level=beginner HTTP/1.1" 404 35
INFO 2025-07-29 16:14:56,283 basehttp 28852 24612 "GET /api/curated/videos/ HTTP/1.1" 200 23776
INFO 2025-07-29 16:14:56,284 basehttp 28852 31600 "GET /api/curated/videos/ HTTP/1.1" 200 23776
WARNING 2025-07-29 16:14:56,298 log 28852 31600 Not Found: /api/learning-paths/recommended/
WARNING 2025-07-29 16:14:56,300 basehttp 28852 31600 "GET /api/learning-paths/recommended/?user_level=beginner HTTP/1.1" 404 35
WARNING 2025-07-29 16:14:56,307 log 28852 24612 Not Found: /api/learning-paths/recommended/
WARNING 2025-07-29 16:14:56,309 basehttp 28852 24612 "GET /api/learning-paths/recommended/?user_level=beginner HTTP/1.1" 404 35
WARNING 2025-07-29 16:14:56,315 log 28852 31600 Not Found: /api/learning-paths/recommended/
WARNING 2025-07-29 16:14:56,317 basehttp 28852 31600 "GET /api/learning-paths/recommended/?user_level=beginner HTTP/1.1" 404 35
INFO 2025-07-29 16:14:56,328 basehttp 28852 17236 "GET /api/learning-paths/ HTTP/1.1" 200 769
WARNING 2025-07-29 16:14:56,329 log 28852 24612 Not Found: /api/learning-paths/recommended/
WARNING 2025-07-29 16:14:56,337 basehttp 28852 24612 "GET /api/learning-paths/recommended/?user_level=beginner HTTP/1.1" 404 35
WARNING 2025-07-29 16:14:56,346 log 28852 17236 Not Found: /api/learning-paths/recommended/
WARNING 2025-07-29 16:14:56,350 basehttp 28852 17236 "GET /api/learning-paths/recommended/?user_level=beginner HTTP/1.1" 404 35
WARNING 2025-07-29 16:14:56,366 log 28852 24612 Not Found: /api/learning-paths/recommended/
INFO 2025-07-29 16:14:56,367 basehttp 28852 13444 "GET /api/curated/videos/ HTTP/1.1" 200 23776
WARNING 2025-07-29 16:14:56,373 basehttp 28852 24612 "GET /api/learning-paths/recommended/?user_level=beginner HTTP/1.1" 404 35
INFO 2025-07-29 16:14:56,394 basehttp 28852 31600 "GET /api/learning-paths/ HTTP/1.1" 200 769
WARNING 2025-07-29 16:14:56,465 log 28852 30936 Not Found: /api/learning-paths/recommended/
WARNING 2025-07-29 16:14:56,469 basehttp 28852 30936 "GET /api/learning-paths/recommended/?user_level=beginner HTTP/1.1" 404 35
WARNING 2025-07-29 16:14:56,481 log 28852 31600 Not Found: /api/learning-paths/recommended/
WARNING 2025-07-29 16:14:56,484 basehttp 28852 31600 "GET /api/learning-paths/recommended/?user_level=beginner HTTP/1.1" 404 35
WARNING 2025-07-29 16:14:56,496 log 28852 30936 Not Found: /api/learning-paths/recommended/
WARNING 2025-07-29 16:14:56,499 basehttp 28852 30936 "GET /api/learning-paths/recommended/?user_level=beginner HTTP/1.1" 404 35
INFO 2025-07-29 16:14:56,505 basehttp 28852 27028 "GET /api/learning-paths/ HTTP/1.1" 200 769
WARNING 2025-07-29 16:14:56,522 log 28852 31600 Not Found: /api/learning-paths/recommended/
WARNING 2025-07-29 16:14:56,525 basehttp 28852 31600 "GET /api/learning-paths/recommended/?user_level=beginner HTTP/1.1" 404 35
WARNING 2025-07-29 16:14:56,536 log 28852 27028 Not Found: /api/learning-paths/recommended/
INFO 2025-07-29 16:14:56,544 basehttp 28852 17236 "GET /api/curated/videos/ HTTP/1.1" 200 23776
WARNING 2025-07-29 16:14:56,545 basehttp 28852 27028 "GET /api/learning-paths/recommended/?user_level=beginner HTTP/1.1" 404 35
WARNING 2025-07-29 16:14:56,575 log 28852 13444 Not Found: /api/learning-paths/recommended/
INFO 2025-07-29 16:14:56,594 basehttp 28852 30936 "GET /api/learning-paths/ HTTP/1.1" 200 769
WARNING 2025-07-29 16:14:56,620 basehttp 28852 13444 "GET /api/learning-paths/recommended/?user_level=beginner HTTP/1.1" 404 35
WARNING 2025-07-29 16:14:56,622 log 28852 27028 Not Found: /api/learning-paths/recommended/
WARNING 2025-07-29 16:14:56,631 log 28852 24612 Not Found: /api/learning-paths/recommended/
WARNING 2025-07-29 16:14:56,643 basehttp 28852 27028 "GET /api/learning-paths/recommended/?user_level=beginner HTTP/1.1" 404 35
WARNING 2025-07-29 16:14:56,644 log 28852 30936 Not Found: /api/learning-paths/recommended/
WARNING 2025-07-29 16:14:56,652 basehttp 28852 30936 "GET /api/learning-paths/recommended/?user_level=beginner HTTP/1.1" 404 35
WARNING 2025-07-29 16:14:56,652 basehttp 28852 24612 "GET /api/learning-paths/recommended/?user_level=beginner HTTP/1.1" 404 35
WARNING 2025-07-29 16:14:56,678 log 28852 27028 Not Found: /api/learning-paths/recommended/
WARNING 2025-07-29 16:14:56,685 log 28852 13444 Not Found: /api/learning-paths/recommended/
WARNING 2025-07-29 16:14:56,686 log 28852 17236 Not Found: /api/learning-paths/recommended/
WARNING 2025-07-29 16:14:56,688 basehttp 28852 27028 "GET /api/learning-paths/recommended/?user_level=beginner HTTP/1.1" 404 35
WARNING 2025-07-29 16:14:56,691 basehttp 28852 13444 "GET /api/learning-paths/recommended/?user_level=beginner HTTP/1.1" 404 35
WARNING 2025-07-29 16:14:56,710 log 28852 24612 Not Found: /api/learning-paths/recommended/
WARNING 2025-07-29 16:14:56,718 basehttp 28852 17236 "GET /api/learning-paths/recommended/?user_level=beginner HTTP/1.1" 404 35
WARNING 2025-07-29 16:14:56,721 basehttp 28852 24612 "GET /api/learning-paths/recommended/?user_level=beginner HTTP/1.1" 404 35
WARNING 2025-07-29 16:14:56,731 log 28852 13444 Not Found: /api/learning-paths/recommended/
WARNING 2025-07-29 16:14:56,741 log 28852 30936 Not Found: /api/learning-paths/recommended/
WARNING 2025-07-29 16:14:56,743 log 28852 17236 Not Found: /api/learning-paths/recommended/
WARNING 2025-07-29 16:14:56,746 log 28852 27028 Not Found: /api/learning-paths/recommended/
WARNING 2025-07-29 16:14:56,747 log 28852 31600 Not Found: /api/learning-paths/recommended/
WARNING 2025-07-29 16:14:56,749 basehttp 28852 30936 "GET /api/learning-paths/recommended/?user_level=beginner HTTP/1.1" 404 35
WARNING 2025-07-29 16:14:56,750 basehttp 28852 13444 "GET /api/learning-paths/recommended/?user_level=beginner HTTP/1.1" 404 35
WARNING 2025-07-29 16:14:56,753 log 28852 24612 Not Found: /api/learning-paths/recommended/
WARNING 2025-07-29 16:14:56,755 basehttp 28852 17236 "GET /api/learning-paths/recommended/?user_level=beginner HTTP/1.1" 404 35
WARNING 2025-07-29 16:14:56,756 basehttp 28852 27028 "GET /api/learning-paths/recommended/?user_level=beginner HTTP/1.1" 404 35
WARNING 2025-07-29 16:14:56,758 basehttp 28852 31600 "GET /api/learning-paths/recommended/?user_level=beginner HTTP/1.1" 404 35
WARNING 2025-07-29 16:14:56,768 log 28852 30936 Not Found: /api/learning-paths/recommended/
WARNING 2025-07-29 16:14:56,783 basehttp 28852 24612 "GET /api/learning-paths/recommended/?user_level=beginner HTTP/1.1" 404 35
WARNING 2025-07-29 16:14:56,797 log 28852 13444 Not Found: /api/learning-paths/recommended/
WARNING 2025-07-29 16:14:56,811 log 28852 17236 Not Found: /api/learning-paths/recommended/
WARNING 2025-07-29 16:14:56,821 log 28852 27028 Not Found: /api/learning-paths/recommended/
WARNING 2025-07-29 16:14:56,822 basehttp 28852 30936 "GET /api/learning-paths/recommended/?user_level=beginner HTTP/1.1" 404 35
WARNING 2025-07-29 16:14:56,824 basehttp 28852 13444 "GET /api/learning-paths/recommended/?user_level=beginner HTTP/1.1" 404 35
WARNING 2025-07-29 16:14:56,826 basehttp 28852 17236 "GET /api/learning-paths/recommended/?user_level=beginner HTTP/1.1" 404 35
WARNING 2025-07-29 16:14:56,832 log 28852 24612 Not Found: /api/learning-paths/recommended/
WARNING 2025-07-29 16:14:56,834 log 28852 31600 Not Found: /api/learning-paths/recommended/
WARNING 2025-07-29 16:14:56,841 basehttp 28852 27028 "GET /api/learning-paths/recommended/?user_level=beginner HTTP/1.1" 404 35
WARNING 2025-07-29 16:14:56,846 log 28852 30936 Not Found: /api/learning-paths/recommended/
WARNING 2025-07-29 16:14:56,862 basehttp 28852 24612 "GET /api/learning-paths/recommended/?user_level=beginner HTTP/1.1" 404 35
WARNING 2025-07-29 16:14:56,864 log 28852 13444 Not Found: /api/learning-paths/recommended/
WARNING 2025-07-29 16:14:56,865 basehttp 28852 31600 "GET /api/learning-paths/recommended/?user_level=beginner HTTP/1.1" 404 35
WARNING 2025-07-29 16:14:56,866 log 28852 17236 Not Found: /api/learning-paths/recommended/
WARNING 2025-07-29 16:14:56,868 basehttp 28852 30936 "GET /api/learning-paths/recommended/?user_level=beginner HTTP/1.1" 404 35
WARNING 2025-07-29 16:14:56,871 basehttp 28852 13444 "GET /api/learning-paths/recommended/?user_level=beginner HTTP/1.1" 404 35
WARNING 2025-07-29 16:14:56,874 basehttp 28852 17236 "GET /api/learning-paths/recommended/?user_level=beginner HTTP/1.1" 404 35
WARNING 2025-07-29 16:14:56,969 log 28852 27028 Not Found: /api/learning-paths/recommended/
WARNING 2025-07-29 16:14:56,972 log 28852 31600 Not Found: /api/learning-paths/recommended/
WARNING 2025-07-29 16:14:56,973 basehttp 28852 27028 "GET /api/learning-paths/recommended/?user_level=beginner HTTP/1.1" 404 35
WARNING 2025-07-29 16:14:56,975 basehttp 28852 31600 "GET /api/learning-paths/recommended/?user_level=beginner HTTP/1.1" 404 35
WARNING 2025-07-29 16:14:56,977 log 28852 30936 Not Found: /api/learning-paths/recommended/
WARNING 2025-07-29 16:14:56,991 log 28852 24612 Not Found: /api/learning-paths/recommended/
WARNING 2025-07-29 16:14:56,992 basehttp 28852 30936 "GET /api/learning-paths/recommended/?user_level=beginner HTTP/1.1" 404 35
WARNING 2025-07-29 16:14:56,999 basehttp 28852 24612 "GET /api/learning-paths/recommended/?user_level=beginner HTTP/1.1" 404 35
WARNING 2025-07-29 16:14:57,008 log 28852 13444 Not Found: /api/learning-paths/recommended/
WARNING 2025-07-29 16:14:57,016 log 28852 27028 Not Found: /api/learning-paths/recommended/
WARNING 2025-07-29 16:14:57,019 log 28852 31600 Not Found: /api/learning-paths/recommended/
WARNING 2025-07-29 16:14:57,021 basehttp 28852 27028 "GET /api/learning-paths/recommended/?user_level=beginner HTTP/1.1" 404 35
WARNING 2025-07-29 16:14:57,023 basehttp 28852 13444 "GET /api/learning-paths/recommended/?user_level=beginner HTTP/1.1" 404 35
WARNING 2025-07-29 16:14:57,029 basehttp 28852 31600 "GET /api/learning-paths/recommended/?user_level=beginner HTTP/1.1" 404 35
WARNING 2025-07-29 16:14:57,046 log 28852 24612 Not Found: /api/learning-paths/recommended/
WARNING 2025-07-29 16:14:57,057 basehttp 28852 24612 "GET /api/learning-paths/recommended/?user_level=beginner HTTP/1.1" 404 35
WARNING 2025-07-29 16:14:57,059 log 28852 27028 Not Found: /api/learning-paths/recommended/
WARNING 2025-07-29 16:14:57,072 log 28852 31600 Not Found: /api/learning-paths/recommended/
WARNING 2025-07-29 16:14:57,073 basehttp 28852 27028 "GET /api/learning-paths/recommended/?user_level=beginner HTTP/1.1" 404 35
WARNING 2025-07-29 16:14:57,080 basehttp 28852 31600 "GET /api/learning-paths/recommended/?user_level=beginner HTTP/1.1" 404 35
WARNING 2025-07-29 16:14:57,085 log 28852 30936 Not Found: /api/learning-paths/recommended/
WARNING 2025-07-29 16:14:57,092 log 28852 17236 Not Found: /api/learning-paths/recommended/
WARNING 2025-07-29 16:14:57,116 basehttp 28852 30936 "GET /api/learning-paths/recommended/?user_level=beginner HTTP/1.1" 404 35
WARNING 2025-07-29 16:14:57,125 basehttp 28852 17236 "GET /api/learning-paths/recommended/?user_level=beginner HTTP/1.1" 404 35
WARNING 2025-07-29 16:14:57,147 log 28852 27028 Not Found: /api/learning-paths/recommended/
WARNING 2025-07-29 16:14:57,148 log 28852 24612 Not Found: /api/learning-paths/recommended/
WARNING 2025-07-29 16:14:57,149 log 28852 13444 Not Found: /api/learning-paths/recommended/
WARNING 2025-07-29 16:14:57,152 basehttp 28852 27028 "GET /api/learning-paths/recommended/?user_level=beginner HTTP/1.1" 404 35
WARNING 2025-07-29 16:14:57,155 basehttp 28852 24612 "GET /api/learning-paths/recommended/?user_level=beginner HTTP/1.1" 404 35
WARNING 2025-07-29 16:14:57,163 log 28852 30936 Not Found: /api/learning-paths/recommended/
WARNING 2025-07-29 16:14:57,170 basehttp 28852 13444 "GET /api/learning-paths/recommended/?user_level=beginner HTTP/1.1" 404 35
WARNING 2025-07-29 16:14:57,172 log 28852 31600 Not Found: /api/learning-paths/recommended/
WARNING 2025-07-29 16:14:57,175 log 28852 17236 Not Found: /api/learning-paths/recommended/
WARNING 2025-07-29 16:14:57,186 log 28852 24612 Not Found: /api/learning-paths/recommended/
WARNING 2025-07-29 16:14:57,190 basehttp 28852 30936 "GET /api/learning-paths/recommended/?user_level=beginner HTTP/1.1" 404 35
WARNING 2025-07-29 16:14:57,197 log 28852 27028 Not Found: /api/learning-paths/recommended/
WARNING 2025-07-29 16:14:57,200 log 28852 13444 Not Found: /api/learning-paths/recommended/
WARNING 2025-07-29 16:14:57,203 basehttp 28852 31600 "GET /api/learning-paths/recommended/?user_level=beginner HTTP/1.1" 404 35
WARNING 2025-07-29 16:14:57,205 basehttp 28852 17236 "GET /api/learning-paths/recommended/?user_level=beginner HTTP/1.1" 404 35
WARNING 2025-07-29 16:14:57,215 basehttp 28852 24612 "GET /api/learning-paths/recommended/?user_level=beginner HTTP/1.1" 404 35
WARNING 2025-07-29 16:14:57,218 log 28852 30936 Not Found: /api/learning-paths/recommended/
WARNING 2025-07-29 16:14:57,221 basehttp 28852 27028 "GET /api/learning-paths/recommended/?user_level=beginner HTTP/1.1" 404 35
WARNING 2025-07-29 16:14:57,225 basehttp 28852 13444 "GET /api/learning-paths/recommended/?user_level=beginner HTTP/1.1" 404 35
WARNING 2025-07-29 16:14:57,251 log 28852 31600 Not Found: /api/learning-paths/recommended/
WARNING 2025-07-29 16:14:57,253 log 28852 17236 Not Found: /api/learning-paths/recommended/
WARNING 2025-07-29 16:14:57,255 basehttp 28852 30936 "GET /api/learning-paths/recommended/?user_level=beginner HTTP/1.1" 404 35
WARNING 2025-07-29 16:14:57,270 log 28852 24612 Not Found: /api/learning-paths/recommended/
WARNING 2025-07-29 16:14:57,272 basehttp 28852 31600 "GET /api/learning-paths/recommended/?user_level=beginner HTTP/1.1" 404 35
WARNING 2025-07-29 16:14:57,275 basehttp 28852 17236 "GET /api/learning-paths/recommended/?user_level=beginner HTTP/1.1" 404 35
WARNING 2025-07-29 16:14:57,283 log 28852 27028 Not Found: /api/learning-paths/recommended/
WARNING 2025-07-29 16:14:57,290 log 28852 13444 Not Found: /api/learning-paths/recommended/
WARNING 2025-07-29 16:14:57,293 basehttp 28852 24612 "GET /api/learning-paths/recommended/?user_level=beginner HTTP/1.1" 404 35
WARNING 2025-07-29 16:14:57,303 log 28852 30936 Not Found: /api/learning-paths/recommended/
WARNING 2025-07-29 16:14:57,311 basehttp 28852 27028 "GET /api/learning-paths/recommended/?user_level=beginner HTTP/1.1" 404 35
WARNING 2025-07-29 16:14:57,312 basehttp 28852 13444 "GET /api/learning-paths/recommended/?user_level=beginner HTTP/1.1" 404 35
WARNING 2025-07-29 16:14:57,314 log 28852 17236 Not Found: /api/learning-paths/recommended/
WARNING 2025-07-29 16:14:57,324 log 28852 31600 Not Found: /api/learning-paths/recommended/
WARNING 2025-07-29 16:14:57,333 basehttp 28852 30936 "GET /api/learning-paths/recommended/?user_level=beginner HTTP/1.1" 404 35
WARNING 2025-07-29 16:14:57,339 log 28852 24612 Not Found: /api/learning-paths/recommended/
WARNING 2025-07-29 16:14:57,348 basehttp 28852 17236 "GET /api/learning-paths/recommended/?user_level=beginner HTTP/1.1" 404 35
WARNING 2025-07-29 16:14:57,351 basehttp 28852 31600 "GET /api/learning-paths/recommended/?user_level=beginner HTTP/1.1" 404 35
WARNING 2025-07-29 16:14:57,354 log 28852 13444 Not Found: /api/learning-paths/recommended/
WARNING 2025-07-29 16:14:57,355 log 28852 27028 Not Found: /api/learning-paths/recommended/
WARNING 2025-07-29 16:14:57,366 log 28852 30936 Not Found: /api/learning-paths/recommended/
WARNING 2025-07-29 16:14:57,366 basehttp 28852 24612 "GET /api/learning-paths/recommended/?user_level=beginner HTTP/1.1" 404 35
WARNING 2025-07-29 16:14:57,389 log 28852 17236 Not Found: /api/learning-paths/recommended/
WARNING 2025-07-29 16:14:57,391 basehttp 28852 13444 "GET /api/learning-paths/recommended/?user_level=beginner HTTP/1.1" 404 35
WARNING 2025-07-29 16:14:57,397 basehttp 28852 27028 "GET /api/learning-paths/recommended/?user_level=beginner HTTP/1.1" 404 35
WARNING 2025-07-29 16:14:57,402 log 28852 31600 Not Found: /api/learning-paths/recommended/
WARNING 2025-07-29 16:14:57,407 basehttp 28852 30936 "GET /api/learning-paths/recommended/?user_level=beginner HTTP/1.1" 404 35
WARNING 2025-07-29 16:14:57,423 basehttp 28852 17236 "GET /api/learning-paths/recommended/?user_level=beginner HTTP/1.1" 404 35
WARNING 2025-07-29 16:14:57,425 log 28852 24612 Not Found: /api/learning-paths/recommended/
WARNING 2025-07-29 16:14:57,437 log 28852 13444 Not Found: /api/learning-paths/recommended/
WARNING 2025-07-29 16:14:57,445 basehttp 28852 31600 "GET /api/learning-paths/recommended/?user_level=beginner HTTP/1.1" 404 35
WARNING 2025-07-29 16:14:57,452 log 28852 27028 Not Found: /api/learning-paths/recommended/
WARNING 2025-07-29 16:14:57,461 basehttp 28852 24612 "GET /api/learning-paths/recommended/?user_level=beginner HTTP/1.1" 404 35
WARNING 2025-07-29 16:14:57,464 log 28852 30936 Not Found: /api/learning-paths/recommended/
WARNING 2025-07-29 16:14:57,474 log 28852 17236 Not Found: /api/learning-paths/recommended/
WARNING 2025-07-29 16:14:57,475 basehttp 28852 13444 "GET /api/learning-paths/recommended/?user_level=beginner HTTP/1.1" 404 35
WARNING 2025-07-29 16:14:57,478 basehttp 28852 27028 "GET /api/learning-paths/recommended/?user_level=beginner HTTP/1.1" 404 35
WARNING 2025-07-29 16:14:57,486 log 28852 31600 Not Found: /api/learning-paths/recommended/
WARNING 2025-07-29 16:14:57,488 basehttp 28852 30936 "GET /api/learning-paths/recommended/?user_level=beginner HTTP/1.1" 404 35
WARNING 2025-07-29 16:14:57,495 log 28852 24612 Not Found: /api/learning-paths/recommended/
WARNING 2025-07-29 16:14:57,497 basehttp 28852 17236 "GET /api/learning-paths/recommended/?user_level=beginner HTTP/1.1" 404 35
WARNING 2025-07-29 16:14:57,508 log 28852 13444 Not Found: /api/learning-paths/recommended/
WARNING 2025-07-29 16:14:57,515 basehttp 28852 31600 "GET /api/learning-paths/recommended/?user_level=beginner HTTP/1.1" 404 35
WARNING 2025-07-29 16:14:57,529 log 28852 27028 Not Found: /api/learning-paths/recommended/
WARNING 2025-07-29 16:14:57,531 log 28852 30936 Not Found: /api/learning-paths/recommended/
WARNING 2025-07-29 16:14:57,539 basehttp 28852 24612 "GET /api/learning-paths/recommended/?user_level=beginner HTTP/1.1" 404 35
WARNING 2025-07-29 16:14:57,541 basehttp 28852 13444 "GET /api/learning-paths/recommended/?user_level=beginner HTTP/1.1" 404 35
WARNING 2025-07-29 16:14:57,552 log 28852 17236 Not Found: /api/learning-paths/recommended/
WARNING 2025-07-29 16:14:57,555 log 28852 31600 Not Found: /api/learning-paths/recommended/
WARNING 2025-07-29 16:14:57,556 basehttp 28852 27028 "GET /api/learning-paths/recommended/?user_level=beginner HTTP/1.1" 404 35
WARNING 2025-07-29 16:14:57,559 basehttp 28852 30936 "GET /api/learning-paths/recommended/?user_level=beginner HTTP/1.1" 404 35
WARNING 2025-07-29 16:14:57,577 basehttp 28852 17236 "GET /api/learning-paths/recommended/?user_level=beginner HTTP/1.1" 404 35
WARNING 2025-07-29 16:14:57,580 basehttp 28852 31600 "GET /api/learning-paths/recommended/?user_level=beginner HTTP/1.1" 404 35
WARNING 2025-07-29 16:14:57,608 log 28852 13444 Not Found: /api/learning-paths/recommended/
WARNING 2025-07-29 16:14:57,617 log 28852 24612 Not Found: /api/learning-paths/recommended/
WARNING 2025-07-29 16:14:57,621 log 28852 31600 Not Found: /api/learning-paths/recommended/
WARNING 2025-07-29 16:14:57,624 basehttp 28852 13444 "GET /api/learning-paths/recommended/?user_level=beginner HTTP/1.1" 404 35
WARNING 2025-07-29 16:14:57,628 basehttp 28852 24612 "GET /api/learning-paths/recommended/?user_level=beginner HTTP/1.1" 404 35
WARNING 2025-07-29 16:14:57,634 log 28852 30936 Not Found: /api/learning-paths/recommended/
WARNING 2025-07-29 16:14:57,643 log 28852 27028 Not Found: /api/learning-paths/recommended/
WARNING 2025-07-29 16:14:57,644 basehttp 28852 31600 "GET /api/learning-paths/recommended/?user_level=beginner HTTP/1.1" 404 35
WARNING 2025-07-29 16:14:57,647 log 28852 17236 Not Found: /api/learning-paths/recommended/
WARNING 2025-07-29 16:14:57,655 basehttp 28852 30936 "GET /api/learning-paths/recommended/?user_level=beginner HTTP/1.1" 404 35
WARNING 2025-07-29 16:14:57,659 log 28852 24612 Not Found: /api/learning-paths/recommended/
WARNING 2025-07-29 16:14:57,663 log 28852 13444 Not Found: /api/learning-paths/recommended/
WARNING 2025-07-29 16:14:57,666 basehttp 28852 24612 "GET /api/learning-paths/recommended/?user_level=beginner HTTP/1.1" 404 35
WARNING 2025-07-29 16:14:57,668 basehttp 28852 17236 "GET /api/learning-paths/recommended/?user_level=beginner HTTP/1.1" 404 35
WARNING 2025-07-29 16:14:57,667 basehttp 28852 27028 "GET /api/learning-paths/recommended/?user_level=beginner HTTP/1.1" 404 35
WARNING 2025-07-29 16:14:57,692 log 28852 30936 Not Found: /api/learning-paths/recommended/
WARNING 2025-07-29 16:14:57,705 basehttp 28852 13444 "GET /api/learning-paths/recommended/?user_level=beginner HTTP/1.1" 404 35
WARNING 2025-07-29 16:14:57,723 log 28852 31600 Not Found: /api/learning-paths/recommended/
WARNING 2025-07-29 16:14:57,729 basehttp 28852 30936 "GET /api/learning-paths/recommended/?user_level=beginner HTTP/1.1" 404 35
WARNING 2025-07-29 16:14:57,731 basehttp 28852 31600 "GET /api/learning-paths/recommended/?user_level=beginner HTTP/1.1" 404 35
WARNING 2025-07-29 16:14:57,738 log 28852 24612 Not Found: /api/learning-paths/recommended/
WARNING 2025-07-29 16:14:57,748 basehttp 28852 24612 "GET /api/learning-paths/recommended/?user_level=beginner HTTP/1.1" 404 35
WARNING 2025-07-29 16:14:57,750 log 28852 30936 Not Found: /api/learning-paths/recommended/
WARNING 2025-07-29 16:14:57,754 log 28852 17236 Not Found: /api/learning-paths/recommended/
WARNING 2025-07-29 16:14:57,759 basehttp 28852 30936 "GET /api/learning-paths/recommended/?user_level=beginner HTTP/1.1" 404 35
WARNING 2025-07-29 16:14:57,765 log 28852 31600 Not Found: /api/learning-paths/recommended/
WARNING 2025-07-29 16:14:57,771 basehttp 28852 17236 "GET /api/learning-paths/recommended/?user_level=beginner HTTP/1.1" 404 35
WARNING 2025-07-29 16:14:57,773 log 28852 13444 Not Found: /api/learning-paths/recommended/
WARNING 2025-07-29 16:14:57,775 log 28852 27028 Not Found: /api/learning-paths/recommended/
WARNING 2025-07-29 16:14:57,777 basehttp 28852 31600 "GET /api/learning-paths/recommended/?user_level=beginner HTTP/1.1" 404 35
WARNING 2025-07-29 16:14:57,779 log 28852 30936 Not Found: /api/learning-paths/recommended/
WARNING 2025-07-29 16:14:57,790 basehttp 28852 13444 "GET /api/learning-paths/recommended/?user_level=beginner HTTP/1.1" 404 35
WARNING 2025-07-29 16:14:57,792 basehttp 28852 27028 "GET /api/learning-paths/recommended/?user_level=beginner HTTP/1.1" 404 35
WARNING 2025-07-29 16:14:57,826 basehttp 28852 30936 "GET /api/learning-paths/recommended/?user_level=beginner HTTP/1.1" 404 35
INFO 2025-07-29 16:14:57,847 basehttp 28852 17236 "GET /api/learning-paths/ HTTP/1.1" 200 769
INFO 2025-07-29 16:14:57,886 basehttp 28852 24612 "GET /api/curated/videos/ HTTP/1.1" 200 23776
INFO 2025-07-29 16:14:57,898 basehttp 28852 30936 "GET /api/learning-paths/ HTTP/1.1" 200 769
INFO 2025-07-29 16:14:57,946 basehttp 28852 31600 "GET /api/curated/videos/ HTTP/1.1" 200 23776
INFO 2025-07-29 16:14:57,953 basehttp 28852 13444 "GET /api/curated/videos/ HTTP/1.1" 200 23776
INFO 2025-07-29 16:14:57,987 basehttp 28852 27028 "GET /api/curated/videos/ HTTP/1.1" 200 23776
INFO 2025-07-29 16:14:57,988 basehttp 28852 24612 "GET /api/learning-paths/ HTTP/1.1" 200 769
INFO 2025-07-29 16:14:58,004 basehttp 28852 17236 "GET /api/curated/videos/ HTTP/1.1" 200 23776
INFO 2025-07-29 16:14:58,056 basehttp 28852 31600 "GET /api/learning-paths/ HTTP/1.1" 200 769
INFO 2025-07-29 16:14:58,058 basehttp 28852 13444 "GET /api/curated/videos/ HTTP/1.1" 200 23776
INFO 2025-07-29 16:14:58,058 basehttp 28852 30936 "GET /api/curated/videos/ HTTP/1.1" 200 23776
INFO 2025-07-29 16:14:58,079 basehttp 28852 27028 "GET /api/learning-paths/ HTTP/1.1" 200 769
INFO 2025-07-29 16:14:58,087 basehttp 28852 17236 "GET /api/learning-paths/ HTTP/1.1" 200 769
WARNING 2025-07-29 16:14:58,119 log 28852 17236 Not Found: /api/learning-paths/recommended/
WARNING 2025-07-29 16:14:58,122 basehttp 28852 17236 "GET /api/learning-paths/recommended/?user_level=beginner HTTP/1.1" 404 35
INFO 2025-07-29 16:14:58,141 basehttp 28852 24612 "GET /api/curated/videos/ HTTP/1.1" 200 23776
INFO 2025-07-29 16:14:58,142 basehttp 28852 31600 "GET /api/curated/videos/ HTTP/1.1" 200 23776
INFO 2025-07-29 16:14:58,158 basehttp 28852 13444 "GET /api/curated/videos/ HTTP/1.1" 200 23776
INFO 2025-07-29 16:14:58,177 basehttp 28852 30936 "GET /api/learning-paths/ HTTP/1.1" 200 769
INFO 2025-07-29 16:14:58,178 basehttp 28852 27028 "GET /api/learning-paths/ HTTP/1.1" 200 769
INFO 2025-07-29 16:14:58,205 basehttp 28852 17236 "GET /api/curated/videos/ HTTP/1.1" 200 23776
INFO 2025-07-29 16:14:58,229 basehttp 28852 24612 "GET /api/learning-paths/ HTTP/1.1" 200 769
INFO 2025-07-29 16:14:58,234 basehttp 28852 13444 "GET /api/learning-paths/ HTTP/1.1" 200 769
INFO 2025-07-29 16:14:58,266 basehttp 28852 27028 "GET /api/learning-paths/ HTTP/1.1" 200 769
INFO 2025-07-29 16:14:58,267 basehttp 28852 30936 "GET /api/curated/videos/ HTTP/1.1" 200 23776
INFO 2025-07-29 16:14:58,287 basehttp 28852 17236 "GET /api/curated/videos/ HTTP/1.1" 200 23776
INFO 2025-07-29 16:14:58,300 basehttp 28852 31600 "GET /api/curated/videos/ HTTP/1.1" 200 23776
INFO 2025-07-29 16:14:58,330 basehttp 28852 13444 "GET /api/learning-paths/ HTTP/1.1" 200 769
INFO 2025-07-29 16:14:58,356 basehttp 28852 24612 "GET /api/curated/videos/ HTTP/1.1" 200 23776
INFO 2025-07-29 16:14:58,367 basehttp 28852 27028 "GET /api/learning-paths/ HTTP/1.1" 200 769
INFO 2025-07-29 16:14:58,409 basehttp 28852 30936 "GET /api/curated/videos/ HTTP/1.1" 200 23776
WARNING 2025-07-29 16:14:58,428 log 28852 24612 Not Found: /api/learning-paths/recommended/
INFO 2025-07-29 16:14:58,430 basehttp 28852 17236 "GET /api/curated/videos/ HTTP/1.1" 200 23776
INFO 2025-07-29 16:14:58,434 basehttp 28852 31600 "GET /api/learning-paths/ HTTP/1.1" 200 769
INFO 2025-07-29 16:14:58,451 basehttp 28852 13444 "GET /api/learning-paths/ HTTP/1.1" 200 769
WARNING 2025-07-29 16:14:58,472 basehttp 28852 24612 "GET /api/learning-paths/recommended/?user_level=beginner HTTP/1.1" 404 35
INFO 2025-07-29 16:14:58,559 basehttp 28852 27028 "GET /api/curated/videos/ HTTP/1.1" 200 23776
INFO 2025-07-29 16:14:58,561 basehttp 28852 30936 "GET /api/learning-paths/ HTTP/1.1" 200 769
INFO 2025-07-29 16:14:58,564 basehttp 28852 31600 "GET /api/learning-paths/ HTTP/1.1" 200 769
INFO 2025-07-29 16:14:58,576 basehttp 28852 17236 "GET /api/curated/videos/ HTTP/1.1" 200 23776
INFO 2025-07-29 16:14:58,588 basehttp 28852 13444 "GET /api/learning-paths/ HTTP/1.1" 200 769
INFO 2025-07-29 16:14:58,631 basehttp 28852 24612 "GET /api/curated/videos/ HTTP/1.1" 200 23776
INFO 2025-07-29 16:14:58,772 basehttp 28852 31600 "GET /api/learning-paths/ HTTP/1.1" 200 769
INFO 2025-07-29 16:14:58,772 basehttp 28852 30936 "GET /api/curated/videos/ HTTP/1.1" 200 23776
INFO 2025-07-29 16:14:58,776 basehttp 28852 27028 "GET /api/curated/videos/ HTTP/1.1" 200 23776
INFO 2025-07-29 16:14:58,774 basehttp 28852 17236 "GET /api/learning-paths/ HTTP/1.1" 200 769
INFO 2025-07-29 16:14:58,773 basehttp 28852 24612 "GET /api/learning-paths/ HTTP/1.1" 200 769
INFO 2025-07-29 16:14:58,777 basehttp 28852 13444 "GET /api/curated/videos/ HTTP/1.1" 200 23776
INFO 2025-07-29 16:14:58,852 basehttp 28852 27028 "GET /api/learning-paths/ HTTP/1.1" 200 769
INFO 2025-07-29 16:14:58,870 basehttp 28852 30936 "GET /api/learning-paths/ HTTP/1.1" 200 769
INFO 2025-07-29 16:14:58,871 basehttp 28852 17236 "GET /api/curated/videos/ HTTP/1.1" 200 23776
INFO 2025-07-29 16:14:58,884 basehttp 28852 24612 "GET /api/learning-paths/ HTTP/1.1" 200 769
WARNING 2025-07-29 16:14:58,905 log 28852 17236 Not Found: /api/learning-paths/recommended/
INFO 2025-07-29 16:14:58,913 basehttp 28852 13444 "GET /api/curated/videos/ HTTP/1.1" 200 23776
INFO 2025-07-29 16:14:58,914 basehttp 28852 31600 "GET /api/curated/videos/ HTTP/1.1" 200 23776
WARNING 2025-07-29 16:14:58,916 basehttp 28852 17236 "GET /api/learning-paths/recommended/?user_level=beginner HTTP/1.1" 404 35
INFO 2025-07-29 16:14:58,936 basehttp 28852 27028 "GET /api/curated/videos/ HTTP/1.1" 200 23776
INFO 2025-07-29 16:14:58,940 basehttp 28852 30936 "GET /api/learning-paths/ HTTP/1.1" 200 769
INFO 2025-07-29 16:14:58,976 basehttp 28852 24612 "GET /api/curated/videos/ HTTP/1.1" 200 23776
INFO 2025-07-29 16:14:58,998 basehttp 28852 13444 "GET /api/curated/videos/ HTTP/1.1" 200 23776
INFO 2025-07-29 16:14:58,999 basehttp 28852 31600 "GET /api/learning-paths/ HTTP/1.1" 200 769
INFO 2025-07-29 16:14:59,039 basehttp 28852 27028 "GET /api/curated/videos/ HTTP/1.1" 200 23776
INFO 2025-07-29 16:14:59,040 basehttp 28852 30936 "GET /api/learning-paths/ HTTP/1.1" 200 769
INFO 2025-07-29 16:14:59,040 basehttp 28852 17236 "GET /api/learning-paths/ HTTP/1.1" 200 769
INFO 2025-07-29 16:14:59,066 basehttp 28852 24612 "GET /api/curated/videos/ HTTP/1.1" 200 23776
INFO 2025-07-29 16:14:59,081 basehttp 28852 13444 "GET /api/learning-paths/ HTTP/1.1" 200 769
INFO 2025-07-29 16:14:59,091 basehttp 28852 31600 "GET /api/curated/videos/ HTTP/1.1" 200 23776
INFO 2025-07-29 16:14:59,117 basehttp 28852 27028 "GET /api/learning-paths/ HTTP/1.1" 200 769
INFO 2025-07-29 16:14:59,126 basehttp 28852 30936 "GET /api/learning-paths/ HTTP/1.1" 200 769
INFO 2025-07-29 16:14:59,145 basehttp 28852 24612 "GET /api/curated/videos/ HTTP/1.1" 200 23776
INFO 2025-07-29 16:14:59,190 basehttp 28852 13444 "GET /api/learning-paths/ HTTP/1.1" 200 769
INFO 2025-07-29 16:14:59,191 basehttp 28852 17236 "GET /api/curated/videos/ HTTP/1.1" 200 23776
INFO 2025-07-29 16:14:59,221 basehttp 28852 31600 "GET /api/curated/videos/ HTTP/1.1" 200 23776
INFO 2025-07-29 16:14:59,232 basehttp 28852 27028 "GET /api/learning-paths/ HTTP/1.1" 200 769
INFO 2025-07-29 16:14:59,274 basehttp 28852 30936 "GET /api/curated/videos/ HTTP/1.1" 200 23776
INFO 2025-07-29 16:14:59,275 basehttp 28852 24612 "GET /api/learning-paths/ HTTP/1.1" 200 769
INFO 2025-07-29 16:14:59,294 basehttp 28852 13444 "GET /api/learning-paths/ HTTP/1.1" 200 769
INFO 2025-07-29 16:14:59,313 basehttp 28852 27028 "GET /api/learning-paths/ HTTP/1.1" 200 769
INFO 2025-07-29 16:14:59,313 basehttp 28852 17236 "GET /api/curated/videos/ HTTP/1.1" 200 23776
INFO 2025-07-29 16:14:59,315 basehttp 28852 31600 "GET /api/curated/videos/ HTTP/1.1" 200 23776
INFO 2025-07-29 16:14:59,367 basehttp 28852 24612 "GET /api/learning-paths/ HTTP/1.1" 200 769
INFO 2025-07-29 16:14:59,368 basehttp 28852 30936 "GET /api/curated/videos/ HTTP/1.1" 200 23776
INFO 2025-07-29 16:14:59,409 basehttp 28852 27028 "GET /api/learning-paths/ HTTP/1.1" 200 769
INFO 2025-07-29 16:14:59,410 basehttp 28852 13444 "GET /api/curated/videos/ HTTP/1.1" 200 23776
INFO 2025-07-29 16:14:59,435 basehttp 28852 31600 "GET /api/learning-paths/ HTTP/1.1" 200 769
INFO 2025-07-29 16:14:59,438 basehttp 28852 17236 "GET /api/curated/videos/ HTTP/1.1" 200 23776
INFO 2025-07-29 16:14:59,467 basehttp 28852 24612 "GET /api/curated/videos/ HTTP/1.1" 200 23776
INFO 2025-07-29 16:14:59,474 basehttp 28852 30936 "GET /api/learning-paths/ HTTP/1.1" 200 769
WARNING 2025-07-29 16:14:59,569 log 28852 30936 Not Found: /api/learning-paths/recommended/
INFO 2025-07-29 16:14:59,574 basehttp 28852 13444 "GET /api/learning-paths/ HTTP/1.1" 200 769
INFO 2025-07-29 16:14:59,602 basehttp 28852 31600 "GET /api/curated/videos/ HTTP/1.1" 200 23776
INFO 2025-07-29 16:14:59,626 basehttp 28852 27028 "GET /api/curated/videos/ HTTP/1.1" 200 23776
INFO 2025-07-29 16:14:59,627 basehttp 28852 17236 "GET /api/learning-paths/ HTTP/1.1" 200 769
INFO 2025-07-29 16:14:59,636 basehttp 28852 24612 "GET /api/curated/videos/ HTTP/1.1" 200 23776
WARNING 2025-07-29 16:14:59,638 basehttp 28852 30936 "GET /api/learning-paths/recommended/?user_level=beginner HTTP/1.1" 404 35
INFO 2025-07-29 16:14:59,664 basehttp 28852 13444 "GET /api/learning-paths/ HTTP/1.1" 200 769
WARNING 2025-07-29 16:14:59,690 log 28852 24612 Not Found: /api/learning-paths/recommended/
INFO 2025-07-29 16:14:59,696 basehttp 28852 27028 "GET /api/learning-paths/ HTTP/1.1" 200 769
INFO 2025-07-29 16:14:59,703 basehttp 28852 31600 "GET /api/curated/videos/ HTTP/1.1" 200 23776
WARNING 2025-07-29 16:14:59,715 log 28852 27028 Not Found: /api/learning-paths/recommended/
INFO 2025-07-29 16:14:59,717 basehttp 28852 17236 "GET /api/learning-paths/ HTTP/1.1" 200 769
WARNING 2025-07-29 16:14:59,718 basehttp 28852 27028 "GET /api/learning-paths/recommended/?user_level=beginner HTTP/1.1" 404 35
WARNING 2025-07-29 16:14:59,727 basehttp 28852 24612 "GET /api/learning-paths/recommended/?user_level=beginner HTTP/1.1" 404 35
INFO 2025-07-29 16:14:59,762 basehttp 28852 30936 "GET /api/curated/videos/ HTTP/1.1" 200 23776
WARNING 2025-07-29 16:14:59,773 log 28852 31600 Not Found: /api/learning-paths/recommended/
WARNING 2025-07-29 16:14:59,780 basehttp 28852 31600 "GET /api/learning-paths/recommended/?user_level=beginner HTTP/1.1" 404 35
WARNING 2025-07-29 16:14:59,782 log 28852 27028 Not Found: /api/learning-paths/recommended/
WARNING 2025-07-29 16:14:59,793 log 28852 30936 Not Found: /api/learning-paths/recommended/
WARNING 2025-07-29 16:14:59,796 basehttp 28852 27028 "GET /api/learning-paths/recommended/?user_level=beginner HTTP/1.1" 404 35
WARNING 2025-07-29 16:14:59,805 basehttp 28852 30936 "GET /api/learning-paths/recommended/?user_level=beginner HTTP/1.1" 404 35
WARNING 2025-07-29 16:14:59,823 log 28852 31600 Not Found: /api/learning-paths/recommended/
WARNING 2025-07-29 16:14:59,825 log 28852 17236 Not Found: /api/learning-paths/recommended/
WARNING 2025-07-29 16:14:59,827 basehttp 28852 31600 "GET /api/learning-paths/recommended/?user_level=beginner HTTP/1.1" 404 35
WARNING 2025-07-29 16:14:59,839 log 28852 24612 Not Found: /api/learning-paths/recommended/
WARNING 2025-07-29 16:14:59,840 basehttp 28852 17236 "GET /api/learning-paths/recommended/?user_level=beginner HTTP/1.1" 404 35
WARNING 2025-07-29 16:14:59,844 log 28852 31600 Not Found: /api/learning-paths/recommended/
WARNING 2025-07-29 16:14:59,846 log 28852 30936 Not Found: /api/learning-paths/recommended/
WARNING 2025-07-29 16:14:59,850 log 28852 13444 Not Found: /api/learning-paths/recommended/
WARNING 2025-07-29 16:14:59,851 basehttp 28852 24612 "GET /api/learning-paths/recommended/?user_level=beginner HTTP/1.1" 404 35
WARNING 2025-07-29 16:14:59,859 log 28852 27028 Not Found: /api/learning-paths/recommended/
WARNING 2025-07-29 16:14:59,862 basehttp 28852 31600 "GET /api/learning-paths/recommended/?user_level=beginner HTTP/1.1" 404 35
WARNING 2025-07-29 16:14:59,867 log 28852 17236 Not Found: /api/learning-paths/recommended/
WARNING 2025-07-29 16:14:59,869 basehttp 28852 30936 "GET /api/learning-paths/recommended/?user_level=beginner HTTP/1.1" 404 35
WARNING 2025-07-29 16:14:59,870 basehttp 28852 13444 "GET /api/learning-paths/recommended/?user_level=beginner HTTP/1.1" 404 35
WARNING 2025-07-29 16:14:59,883 basehttp 28852 27028 "GET /api/learning-paths/recommended/?user_level=beginner HTTP/1.1" 404 35
WARNING 2025-07-29 16:14:59,892 log 28852 24612 Not Found: /api/learning-paths/recommended/
WARNING 2025-07-29 16:14:59,898 basehttp 28852 17236 "GET /api/learning-paths/recommended/?user_level=beginner HTTP/1.1" 404 35
WARNING 2025-07-29 16:14:59,907 log 28852 31600 Not Found: /api/learning-paths/recommended/
WARNING 2025-07-29 16:14:59,922 log 28852 30936 Not Found: /api/learning-paths/recommended/
WARNING 2025-07-29 16:14:59,957 log 28852 27028 Not Found: /api/learning-paths/recommended/
WARNING 2025-07-29 16:14:59,998 basehttp 28852 24612 "GET /api/learning-paths/recommended/?user_level=beginner HTTP/1.1" 404 35
WARNING 2025-07-29 16:15:00,034 basehttp 28852 31600 "GET /api/learning-paths/recommended/?user_level=beginner HTTP/1.1" 404 35
WARNING 2025-07-29 16:15:00,091 basehttp 28852 30936 "GET /api/learning-paths/recommended/?user_level=beginner HTTP/1.1" 404 35
WARNING 2025-07-29 16:15:00,100 log 28852 13444 Not Found: /api/learning-paths/recommended/
WARNING 2025-07-29 16:15:00,103 log 28852 17236 Not Found: /api/learning-paths/recommended/
WARNING 2025-07-29 16:15:00,106 basehttp 28852 27028 "GET /api/learning-paths/recommended/?user_level=beginner HTTP/1.1" 404 35
WARNING 2025-07-29 16:15:00,150 log 28852 31600 Not Found: /api/learning-paths/recommended/
WARNING 2025-07-29 16:15:00,150 basehttp 28852 13444 "GET /api/learning-paths/recommended/?user_level=beginner HTTP/1.1" 404 35
WARNING 2025-07-29 16:15:00,152 basehttp 28852 17236 "GET /api/learning-paths/recommended/?user_level=beginner HTTP/1.1" 404 35
WARNING 2025-07-29 16:15:00,169 log 28852 24612 Not Found: /api/learning-paths/recommended/
WARNING 2025-07-29 16:15:00,180 basehttp 28852 31600 "GET /api/learning-paths/recommended/?user_level=beginner HTTP/1.1" 404 35
WARNING 2025-07-29 16:15:00,184 log 28852 30936 Not Found: /api/learning-paths/recommended/
WARNING 2025-07-29 16:15:00,186 log 28852 27028 Not Found: /api/learning-paths/recommended/
WARNING 2025-07-29 16:15:00,205 log 28852 13444 Not Found: /api/learning-paths/recommended/
WARNING 2025-07-29 16:15:00,212 log 28852 17236 Not Found: /api/learning-paths/recommended/
WARNING 2025-07-29 16:15:00,213 basehttp 28852 30936 "GET /api/learning-paths/recommended/?user_level=beginner HTTP/1.1" 404 35
WARNING 2025-07-29 16:15:00,215 basehttp 28852 24612 "GET /api/learning-paths/recommended/?user_level=beginner HTTP/1.1" 404 35
WARNING 2025-07-29 16:15:00,224 log 28852 31600 Not Found: /api/learning-paths/recommended/
WARNING 2025-07-29 16:15:00,226 basehttp 28852 27028 "GET /api/learning-paths/recommended/?user_level=beginner HTTP/1.1" 404 35
WARNING 2025-07-29 16:15:00,229 basehttp 28852 13444 "GET /api/learning-paths/recommended/?user_level=beginner HTTP/1.1" 404 35
WARNING 2025-07-29 16:15:00,231 basehttp 28852 17236 "GET /api/learning-paths/recommended/?user_level=beginner HTTP/1.1" 404 35
WARNING 2025-07-29 16:15:00,246 log 28852 30936 Not Found: /api/learning-paths/recommended/
WARNING 2025-07-29 16:15:00,254 basehttp 28852 31600 "GET /api/learning-paths/recommended/?user_level=beginner HTTP/1.1" 404 35
WARNING 2025-07-29 16:15:00,255 log 28852 24612 Not Found: /api/learning-paths/recommended/
WARNING 2025-07-29 16:15:00,278 basehttp 28852 30936 "GET /api/learning-paths/recommended/?user_level=beginner HTTP/1.1" 404 35
WARNING 2025-07-29 16:15:00,280 log 28852 27028 Not Found: /api/learning-paths/recommended/
WARNING 2025-07-29 16:15:00,295 log 28852 13444 Not Found: /api/learning-paths/recommended/
WARNING 2025-07-29 16:15:00,298 basehttp 28852 24612 "GET /api/learning-paths/recommended/?user_level=beginner HTTP/1.1" 404 35
WARNING 2025-07-29 16:15:00,309 basehttp 28852 27028 "GET /api/learning-paths/recommended/?user_level=beginner HTTP/1.1" 404 35
WARNING 2025-07-29 16:15:00,315 log 28852 17236 Not Found: /api/learning-paths/recommended/
WARNING 2025-07-29 16:15:00,318 basehttp 28852 13444 "GET /api/learning-paths/recommended/?user_level=beginner HTTP/1.1" 404 35
WARNING 2025-07-29 16:15:00,327 log 28852 30936 Not Found: /api/learning-paths/recommended/
WARNING 2025-07-29 16:15:00,335 log 28852 31600 Not Found: /api/learning-paths/recommended/
WARNING 2025-07-29 16:15:00,341 basehttp 28852 17236 "GET /api/learning-paths/recommended/?user_level=beginner HTTP/1.1" 404 35
WARNING 2025-07-29 16:15:00,350 basehttp 28852 30936 "GET /api/learning-paths/recommended/?user_level=beginner HTTP/1.1" 404 35
WARNING 2025-07-29 16:15:00,353 basehttp 28852 31600 "GET /api/learning-paths/recommended/?user_level=beginner HTTP/1.1" 404 35
WARNING 2025-07-29 16:15:00,396 log 28852 30936 Not Found: /api/learning-paths/recommended/
WARNING 2025-07-29 16:15:00,400 basehttp 28852 30936 "GET /api/learning-paths/recommended/?user_level=beginner HTTP/1.1" 404 35
WARNING 2025-07-29 16:15:00,403 log 28852 13444 Not Found: /api/learning-paths/recommended/
WARNING 2025-07-29 16:15:00,406 log 28852 27028 Not Found: /api/learning-paths/recommended/
WARNING 2025-07-29 16:15:00,407 log 28852 17236 Not Found: /api/learning-paths/recommended/
WARNING 2025-07-29 16:15:00,419 log 28852 24612 Not Found: /api/learning-paths/recommended/
WARNING 2025-07-29 16:15:00,422 basehttp 28852 13444 "GET /api/learning-paths/recommended/?user_level=beginner HTTP/1.1" 404 35
WARNING 2025-07-29 16:15:00,424 basehttp 28852 27028 "GET /api/learning-paths/recommended/?user_level=beginner HTTP/1.1" 404 35
WARNING 2025-07-29 16:15:00,426 log 28852 30936 Not Found: /api/learning-paths/recommended/
WARNING 2025-07-29 16:15:00,427 basehttp 28852 17236 "GET /api/learning-paths/recommended/?user_level=beginner HTTP/1.1" 404 35
WARNING 2025-07-29 16:15:00,431 basehttp 28852 24612 "GET /api/learning-paths/recommended/?user_level=beginner HTTP/1.1" 404 35
WARNING 2025-07-29 16:15:00,442 log 28852 31600 Not Found: /api/learning-paths/recommended/
WARNING 2025-07-29 16:15:00,454 log 28852 27028 Not Found: /api/learning-paths/recommended/
WARNING 2025-07-29 16:15:00,459 log 28852 13444 Not Found: /api/learning-paths/recommended/
WARNING 2025-07-29 16:15:00,465 basehttp 28852 30936 "GET /api/learning-paths/recommended/?user_level=beginner HTTP/1.1" 404 35
WARNING 2025-07-29 16:15:00,490 log 28852 17236 Not Found: /api/learning-paths/recommended/
WARNING 2025-07-29 16:15:00,499 log 28852 24612 Not Found: /api/learning-paths/recommended/
WARNING 2025-07-29 16:15:00,500 basehttp 28852 31600 "GET /api/learning-paths/recommended/?user_level=beginner HTTP/1.1" 404 35
WARNING 2025-07-29 16:15:00,505 basehttp 28852 27028 "GET /api/learning-paths/recommended/?user_level=beginner HTTP/1.1" 404 35
WARNING 2025-07-29 16:15:00,507 basehttp 28852 13444 "GET /api/learning-paths/recommended/?user_level=beginner HTTP/1.1" 404 35
WARNING 2025-07-29 16:15:00,520 log 28852 30936 Not Found: /api/learning-paths/recommended/
WARNING 2025-07-29 16:15:00,522 basehttp 28852 17236 "GET /api/learning-paths/recommended/?user_level=beginner HTTP/1.1" 404 35
WARNING 2025-07-29 16:15:00,523 basehttp 28852 24612 "GET /api/learning-paths/recommended/?user_level=beginner HTTP/1.1" 404 35
WARNING 2025-07-29 16:15:00,535 log 28852 31600 Not Found: /api/learning-paths/recommended/
WARNING 2025-07-29 16:15:00,549 basehttp 28852 30936 "GET /api/learning-paths/recommended/?user_level=beginner HTTP/1.1" 404 35
WARNING 2025-07-29 16:15:00,559 log 28852 27028 Not Found: /api/learning-paths/recommended/
WARNING 2025-07-29 16:15:00,565 log 28852 13444 Not Found: /api/learning-paths/recommended/
WARNING 2025-07-29 16:15:00,571 log 28852 24612 Not Found: /api/learning-paths/recommended/
WARNING 2025-07-29 16:15:00,571 basehttp 28852 31600 "GET /api/learning-paths/recommended/?user_level=beginner HTTP/1.1" 404 35
WARNING 2025-07-29 16:15:00,579 log 28852 17236 Not Found: /api/learning-paths/recommended/
WARNING 2025-07-29 16:15:00,581 basehttp 28852 27028 "GET /api/learning-paths/recommended/?user_level=beginner HTTP/1.1" 404 35
WARNING 2025-07-29 16:15:00,584 log 28852 30936 Not Found: /api/learning-paths/recommended/
WARNING 2025-07-29 16:15:00,588 basehttp 28852 24612 "GET /api/learning-paths/recommended/?user_level=beginner HTTP/1.1" 404 35
WARNING 2025-07-29 16:15:00,593 basehttp 28852 13444 "GET /api/learning-paths/recommended/?user_level=beginner HTTP/1.1" 404 35
WARNING 2025-07-29 16:15:00,595 log 28852 31600 Not Found: /api/learning-paths/recommended/
WARNING 2025-07-29 16:15:00,599 basehttp 28852 17236 "GET /api/learning-paths/recommended/?user_level=beginner HTTP/1.1" 404 35
WARNING 2025-07-29 16:15:00,609 basehttp 28852 30936 "GET /api/learning-paths/recommended/?user_level=beginner HTTP/1.1" 404 35
WARNING 2025-07-29 16:15:00,626 basehttp 28852 31600 "GET /api/learning-paths/recommended/?user_level=beginner HTTP/1.1" 404 35
WARNING 2025-07-29 16:15:00,650 log 28852 24612 Not Found: /api/learning-paths/recommended/
WARNING 2025-07-29 16:15:00,657 log 28852 13444 Not Found: /api/learning-paths/recommended/
WARNING 2025-07-29 16:15:00,658 log 28852 27028 Not Found: /api/learning-paths/recommended/
WARNING 2025-07-29 16:15:00,662 log 28852 17236 Not Found: /api/learning-paths/recommended/
WARNING 2025-07-29 16:15:00,667 basehttp 28852 27028 "GET /api/learning-paths/recommended/?user_level=beginner HTTP/1.1" 404 35
WARNING 2025-07-29 16:15:00,668 basehttp 28852 13444 "GET /api/learning-paths/recommended/?user_level=beginner HTTP/1.1" 404 35
WARNING 2025-07-29 16:15:00,669 basehttp 28852 24612 "GET /api/learning-paths/recommended/?user_level=beginner HTTP/1.1" 404 35
WARNING 2025-07-29 16:15:00,678 basehttp 28852 17236 "GET /api/learning-paths/recommended/?user_level=beginner HTTP/1.1" 404 35
WARNING 2025-07-29 16:15:00,680 log 28852 31600 Not Found: /api/learning-paths/recommended/
WARNING 2025-07-29 16:15:00,686 log 28852 30936 Not Found: /api/learning-paths/recommended/
WARNING 2025-07-29 16:15:00,701 log 28852 27028 Not Found: /api/learning-paths/recommended/
WARNING 2025-07-29 16:15:00,711 basehttp 28852 31600 "GET /api/learning-paths/recommended/?user_level=beginner HTTP/1.1" 404 35
WARNING 2025-07-29 16:15:00,716 log 28852 24612 Not Found: /api/learning-paths/recommended/
WARNING 2025-07-29 16:15:00,718 basehttp 28852 30936 "GET /api/learning-paths/recommended/?user_level=beginner HTTP/1.1" 404 35
WARNING 2025-07-29 16:15:00,720 log 28852 13444 Not Found: /api/learning-paths/recommended/
WARNING 2025-07-29 16:15:00,723 basehttp 28852 27028 "GET /api/learning-paths/recommended/?user_level=beginner HTTP/1.1" 404 35
WARNING 2025-07-29 16:15:00,735 basehttp 28852 24612 "GET /api/learning-paths/recommended/?user_level=beginner HTTP/1.1" 404 35
WARNING 2025-07-29 16:15:00,742 log 28852 17236 Not Found: /api/learning-paths/recommended/
WARNING 2025-07-29 16:15:00,783 basehttp 28852 13444 "GET /api/learning-paths/recommended/?user_level=beginner HTTP/1.1" 404 35
WARNING 2025-07-29 16:15:00,792 log 28852 31600 Not Found: /api/learning-paths/recommended/
WARNING 2025-07-29 16:15:00,812 log 28852 30936 Not Found: /api/learning-paths/recommended/
WARNING 2025-07-29 16:15:00,814 basehttp 28852 17236 "GET /api/learning-paths/recommended/?user_level=beginner HTTP/1.1" 404 35
WARNING 2025-07-29 16:15:00,826 basehttp 28852 31600 "GET /api/learning-paths/recommended/?user_level=beginner HTTP/1.1" 404 35
WARNING 2025-07-29 16:15:00,833 log 28852 13444 Not Found: /api/learning-paths/recommended/
WARNING 2025-07-29 16:15:00,834 log 28852 27028 Not Found: /api/learning-paths/recommended/
WARNING 2025-07-29 16:15:00,837 basehttp 28852 30936 "GET /api/learning-paths/recommended/?user_level=beginner HTTP/1.1" 404 35
WARNING 2025-07-29 16:15:00,858 basehttp 28852 13444 "GET /api/learning-paths/recommended/?user_level=beginner HTTP/1.1" 404 35
WARNING 2025-07-29 16:15:00,861 basehttp 28852 27028 "GET /api/learning-paths/recommended/?user_level=beginner HTTP/1.1" 404 35
INFO 2025-07-29 16:15:00,883 basehttp 28852 24612 "GET /api/learning-paths/ HTTP/1.1" 200 769
INFO 2025-07-29 16:15:00,931 basehttp 28852 30936 "GET /api/learning-paths/ HTTP/1.1" 200 769
INFO 2025-07-29 16:15:00,941 basehttp 28852 13444 "GET /api/learning-paths/ HTTP/1.1" 200 769
INFO 2025-07-29 16:15:00,960 basehttp 28852 17236 "GET /api/curated/videos/ HTTP/1.1" 200 23776
INFO 2025-07-29 16:15:00,987 basehttp 28852 31600 "GET /api/curated/videos/ HTTP/1.1" 200 23776
INFO 2025-07-29 16:15:01,002 basehttp 28852 30936 "GET /api/learning-paths/ HTTP/1.1" 200 769
INFO 2025-07-29 16:15:01,038 basehttp 28852 17236 "GET /api/learning-paths/ HTTP/1.1" 200 769
INFO 2025-07-29 16:15:01,039 basehttp 28852 24612 "GET /api/curated/videos/ HTTP/1.1" 200 23776
INFO 2025-07-29 16:15:01,042 basehttp 28852 27028 "GET /api/curated/videos/ HTTP/1.1" 200 23776
INFO 2025-07-29 16:15:01,081 basehttp 28852 31600 "GET /api/curated/videos/ HTTP/1.1" 200 23776
INFO 2025-07-29 16:15:01,095 basehttp 28852 30936 "GET /api/learning-paths/ HTTP/1.1" 200 769
INFO 2025-07-29 16:15:01,100 basehttp 28852 13444 "GET /api/curated/videos/ HTTP/1.1" 200 23776
INFO 2025-07-29 16:15:01,208 basehttp 28852 17236 "GET /api/learning-paths/ HTTP/1.1" 200 769
INFO 2025-07-29 16:15:01,222 basehttp 28852 24612 "GET /api/curated/videos/ HTTP/1.1" 200 23776
INFO 2025-07-29 16:15:01,249 basehttp 28852 27028 "GET /api/curated/videos/ HTTP/1.1" 200 23776
INFO 2025-07-29 16:15:01,265 basehttp 28852 31600 "GET /api/learning-paths/ HTTP/1.1" 200 769
INFO 2025-07-29 16:15:01,265 basehttp 28852 13444 "GET /api/learning-paths/ HTTP/1.1" 200 769
WARNING 2025-07-29 16:15:01,266 log 28852 27028 Not Found: /api/learning-paths/recommended/
WARNING 2025-07-29 16:15:01,290 basehttp 28852 27028 "GET /api/learning-paths/recommended/?user_level=beginner HTTP/1.1" 404 35
INFO 2025-07-29 16:15:01,290 basehttp 28852 17236 "GET /api/curated/videos/ HTTP/1.1" 200 23776
INFO 2025-07-29 16:15:01,293 basehttp 28852 24612 "GET /api/learning-paths/ HTTP/1.1" 200 769
INFO 2025-07-29 16:15:01,328 basehttp 28852 30936 "GET /api/curated/videos/ HTTP/1.1" 200 23776
INFO 2025-07-29 16:15:01,353 basehttp 28852 13444 "GET /api/learning-paths/ HTTP/1.1" 200 769
INFO 2025-07-29 16:15:01,370 basehttp 28852 27028 "GET /api/curated/videos/ HTTP/1.1" 200 23776
INFO 2025-07-29 16:15:01,371 basehttp 28852 17236 "GET /api/learning-paths/ HTTP/1.1" 200 769
INFO 2025-07-29 16:15:01,397 basehttp 28852 24612 "GET /api/curated/videos/ HTTP/1.1" 200 23776
INFO 2025-07-29 16:15:01,397 basehttp 28852 31600 "GET /api/curated/videos/ HTTP/1.1" 200 23776
INFO 2025-07-29 16:15:01,398 basehttp 28852 30936 "GET /api/learning-paths/ HTTP/1.1" 200 769
INFO 2025-07-29 16:15:01,435 basehttp 28852 13444 "GET /api/curated/videos/ HTTP/1.1" 200 23776
INFO 2025-07-29 16:15:01,456 basehttp 28852 27028 "GET /api/learning-paths/ HTTP/1.1" 200 769
INFO 2025-07-29 16:15:01,457 basehttp 28852 17236 "GET /api/curated/videos/ HTTP/1.1" 200 23776
INFO 2025-07-29 16:15:01,465 basehttp 28852 24612 "GET /api/learning-paths/ HTTP/1.1" 200 769
INFO 2025-07-29 16:15:01,484 basehttp 28852 30936 "GET /api/learning-paths/ HTTP/1.1" 200 769
INFO 2025-07-29 16:15:01,528 basehttp 28852 13444 "GET /api/curated/videos/ HTTP/1.1" 200 23776
INFO 2025-07-29 16:15:01,554 basehttp 28852 31600 "GET /api/curated/videos/ HTTP/1.1" 200 23776
INFO 2025-07-29 16:15:01,555 basehttp 28852 27028 "GET /api/learning-paths/ HTTP/1.1" 200 769
INFO 2025-07-29 16:15:01,599 basehttp 28852 17236 "GET /api/curated/videos/ HTTP/1.1" 200 23776
INFO 2025-07-29 16:15:01,615 basehttp 28852 24612 "GET /api/curated/videos/ HTTP/1.1" 200 23776
INFO 2025-07-29 16:15:01,648 basehttp 28852 30936 "GET /api/learning-paths/ HTTP/1.1" 200 769
INFO 2025-07-29 16:15:01,683 basehttp 28852 13444 "GET /api/learning-paths/ HTTP/1.1" 200 769
INFO 2025-07-29 16:15:01,825 basehttp 28852 31600 "GET /api/curated/videos/ HTTP/1.1" 200 23776
INFO 2025-07-29 16:15:01,853 basehttp 28852 27028 "GET /api/learning-paths/ HTTP/1.1" 200 769
INFO 2025-07-29 16:15:02,023 basehttp 28852 17236 "GET /api/curated/videos/ HTTP/1.1" 200 23776
INFO 2025-07-29 16:15:02,089 basehttp 28852 24612 "GET /api/learning-paths/ HTTP/1.1" 200 769
WARNING 2025-07-29 16:15:02,171 log 28852 30936 Not Found: /api/learning-paths/recommended/
INFO 2025-07-29 16:15:02,210 basehttp 28852 31600 "GET /api/learning-paths/ HTTP/1.1" 200 769
INFO 2025-07-29 16:15:02,229 basehttp 28852 13444 "GET /api/curated/videos/ HTTP/1.1" 200 23776
INFO 2025-07-29 16:15:02,336 basehttp 28852 27028 "GET /api/curated/videos/ HTTP/1.1" 200 23776
INFO 2025-07-29 16:15:02,337 basehttp 28852 17236 "GET /api/learning-paths/ HTTP/1.1" 200 769
WARNING 2025-07-29 16:15:02,350 basehttp 28852 30936 "GET /api/learning-paths/recommended/?user_level=beginner HTTP/1.1" 404 35
INFO 2025-07-29 16:15:02,360 basehttp 28852 24612 "GET /api/curated/videos/ HTTP/1.1" 200 23776
INFO 2025-07-29 16:15:02,415 basehttp 28852 31600 "GET /api/curated/videos/ HTTP/1.1" 200 23776
INFO 2025-07-29 16:15:02,451 basehttp 28852 27028 "GET /api/learning-paths/ HTTP/1.1" 200 769
INFO 2025-07-29 16:15:02,468 basehttp 28852 13444 "GET /api/learning-paths/ HTTP/1.1" 200 769
INFO 2025-07-29 16:15:02,499 basehttp 28852 17236 "GET /api/curated/videos/ HTTP/1.1" 200 23776
INFO 2025-07-29 16:15:02,509 basehttp 28852 24612 "GET /api/learning-paths/ HTTP/1.1" 200 769
INFO 2025-07-29 16:15:02,536 basehttp 28852 31600 "GET /api/learning-paths/ HTTP/1.1" 200 769
INFO 2025-07-29 16:15:02,537 basehttp 28852 27028 "GET /api/curated/videos/ HTTP/1.1" 200 23776
INFO 2025-07-29 16:15:02,550 basehttp 28852 13444 "GET /api/learning-paths/ HTTP/1.1" 200 769
INFO 2025-07-29 16:15:02,557 basehttp 28852 30936 "GET /api/curated/videos/ HTTP/1.1" 200 23776
INFO 2025-07-29 16:15:02,584 basehttp 28852 24612 "GET /api/learning-paths/ HTTP/1.1" 200 769
INFO 2025-07-29 16:15:02,618 basehttp 28852 31600 "GET /api/learning-paths/ HTTP/1.1" 200 769
INFO 2025-07-29 16:15:02,640 basehttp 28852 17236 "GET /api/curated/videos/ HTTP/1.1" 200 23776
INFO 2025-07-29 16:15:02,640 basehttp 28852 27028 "GET /api/curated/videos/ HTTP/1.1" 200 23776
INFO 2025-07-29 16:15:02,654 basehttp 28852 13444 "GET /api/curated/videos/ HTTP/1.1" 200 23776
INFO 2025-07-29 16:15:02,657 basehttp 28852 30936 "GET /api/learning-paths/ HTTP/1.1" 200 769
INFO 2025-07-29 16:15:02,689 basehttp 28852 24612 "GET /api/curated/videos/ HTTP/1.1" 200 23776
INFO 2025-07-29 16:15:02,695 basehttp 28852 31600 "GET /api/learning-paths/ HTTP/1.1" 200 769
INFO 2025-07-29 16:15:02,783 basehttp 28852 31600 "GET /api/learning-paths/ HTTP/1.1" 200 769
INFO 2025-07-29 16:15:02,785 basehttp 28852 17236 "GET /api/curated/videos/ HTTP/1.1" 200 23776
INFO 2025-07-29 16:15:02,792 basehttp 28852 27028 "GET /api/curated/videos/ HTTP/1.1" 200 23776
INFO 2025-07-29 16:15:02,808 basehttp 28852 30936 "GET /api/learning-paths/ HTTP/1.1" 200 769
INFO 2025-07-29 16:15:02,809 basehttp 28852 13444 "GET /api/learning-paths/ HTTP/1.1" 200 769
INFO 2025-07-29 16:15:02,862 basehttp 28852 24612 "GET /api/curated/videos/ HTTP/1.1" 200 23776
INFO 2025-07-29 16:15:02,865 basehttp 28852 31600 "GET /api/curated/videos/ HTTP/1.1" 200 23776
INFO 2025-07-29 16:15:02,895 basehttp 28852 17236 "GET /api/learning-paths/ HTTP/1.1" 200 769
INFO 2025-07-29 16:15:02,895 basehttp 28852 27028 "GET /api/curated/videos/ HTTP/1.1" 200 23776
INFO 2025-07-29 16:15:02,898 basehttp 28852 30936 "GET /api/learning-paths/ HTTP/1.1" 200 769
INFO 2025-07-29 16:15:02,930 basehttp 28852 13444 "GET /api/curated/videos/ HTTP/1.1" 200 23776
INFO 2025-07-29 16:15:02,933 basehttp 28852 24612 "GET /api/learning-paths/ HTTP/1.1" 200 769
INFO 2025-07-29 16:15:02,985 basehttp 28852 17236 "GET /api/curated/videos/ HTTP/1.1" 200 23776
INFO 2025-07-29 16:15:02,986 basehttp 28852 27028 "GET /api/learning-paths/ HTTP/1.1" 200 769
INFO 2025-07-29 16:15:03,010 basehttp 28852 30936 "GET /api/learning-paths/ HTTP/1.1" 200 769
INFO 2025-07-29 16:15:03,011 basehttp 28852 31600 "GET /api/curated/videos/ HTTP/1.1" 200 23776
INFO 2025-07-29 16:15:03,034 basehttp 28852 13444 "GET /api/curated/videos/ HTTP/1.1" 200 23776
INFO 2025-07-29 16:15:03,035 basehttp 28852 24612 "GET /api/learning-paths/ HTTP/1.1" 200 769
INFO 2025-07-29 16:15:03,063 basehttp 28852 27028 "GET /api/curated/videos/ HTTP/1.1" 200 23776
INFO 2025-07-29 16:15:03,065 basehttp 28852 17236 "GET /api/learning-paths/ HTTP/1.1" 200 769
INFO 2025-07-29 16:15:03,095 basehttp 28852 30936 "GET /api/curated/videos/ HTTP/1.1" 200 23776
INFO 2025-07-29 16:15:03,097 basehttp 28852 31600 "GET /api/learning-paths/ HTTP/1.1" 200 769
INFO 2025-07-29 16:15:03,121 basehttp 28852 13444 "GET /api/curated/videos/ HTTP/1.1" 200 23776
INFO 2025-07-29 16:15:03,122 basehttp 28852 24612 "GET /api/learning-paths/ HTTP/1.1" 200 769
INFO 2025-07-29 16:15:03,148 basehttp 28852 27028 "GET /api/curated/videos/ HTTP/1.1" 200 23776
INFO 2025-07-29 16:15:03,148 basehttp 28852 17236 "GET /api/learning-paths/ HTTP/1.1" 200 769
INFO 2025-07-29 16:15:03,173 basehttp 28852 30936 "GET /api/curated/videos/ HTTP/1.1" 200 23776
INFO 2025-07-29 16:15:03,174 basehttp 28852 31600 "GET /api/learning-paths/ HTTP/1.1" 200 769
INFO 2025-07-29 16:15:03,239 basehttp 28852 13444 "GET /api/curated/videos/ HTTP/1.1" 200 23776
INFO 2025-07-29 16:15:03,240 basehttp 28852 24612 "GET /api/learning-paths/ HTTP/1.1" 200 769
INFO 2025-07-29 16:15:03,240 basehttp 28852 27028 "GET /api/curated/videos/ HTTP/1.1" 200 23776
INFO 2025-07-29 16:15:03,241 basehttp 28852 17236 "GET /api/learning-paths/ HTTP/1.1" 200 769
WARNING 2025-07-29 16:15:03,275 log 28852 17236 Not Found: /api/learning-paths/recommended/
INFO 2025-07-29 16:15:03,278 basehttp 28852 31600 "GET /api/curated/videos/ HTTP/1.1" 200 23776
WARNING 2025-07-29 16:15:03,282 basehttp 28852 17236 "GET /api/learning-paths/recommended/?user_level=beginner HTTP/1.1" 404 35
INFO 2025-07-29 16:15:03,282 basehttp 28852 30936 "GET /api/learning-paths/ HTTP/1.1" 200 769
INFO 2025-07-29 16:15:03,324 basehttp 28852 13444 "GET /api/learning-paths/ HTTP/1.1" 200 769
INFO 2025-07-29 16:15:03,325 basehttp 28852 27028 "GET /api/curated/videos/ HTTP/1.1" 200 23776
INFO 2025-07-29 16:15:03,344 basehttp 28852 24612 "GET /api/curated/videos/ HTTP/1.1" 200 23776
INFO 2025-07-29 16:15:03,367 basehttp 28852 31600 "GET /api/learning-paths/ HTTP/1.1" 200 769
INFO 2025-07-29 16:15:03,389 basehttp 28852 30936 "GET /api/curated/videos/ HTTP/1.1" 200 23776
INFO 2025-07-29 16:15:03,390 basehttp 28852 17236 "GET /api/learning-paths/ HTTP/1.1" 200 769
INFO 2025-07-29 16:15:03,424 basehttp 28852 13444 "GET /api/learning-paths/ HTTP/1.1" 200 769
INFO 2025-07-29 16:15:03,425 basehttp 28852 27028 "GET /api/curated/videos/ HTTP/1.1" 200 23776
INFO 2025-07-29 16:15:03,426 basehttp 28852 24612 "GET /api/curated/videos/ HTTP/1.1" 200 23776
INFO 2025-07-29 16:15:03,434 basehttp 28852 31600 "GET /api/learning-paths/ HTTP/1.1" 200 769
INFO 2025-07-29 16:15:03,473 basehttp 28852 17236 "GET /api/learning-paths/ HTTP/1.1" 200 769
INFO 2025-07-29 16:15:03,475 basehttp 28852 30936 "GET /api/curated/videos/ HTTP/1.1" 200 23776
INFO 2025-07-29 16:15:03,507 basehttp 28852 13444 "GET /api/curated/videos/ HTTP/1.1" 200 23776
INFO 2025-07-29 16:15:03,515 basehttp 28852 27028 "GET /api/learning-paths/ HTTP/1.1" 200 769
INFO 2025-07-29 16:15:03,542 basehttp 28852 24612 "GET /api/curated/videos/ HTTP/1.1" 200 23776
INFO 2025-07-29 16:15:03,558 basehttp 28852 31600 "GET /api/learning-paths/ HTTP/1.1" 200 769
INFO 2025-07-29 16:15:03,589 basehttp 28852 17236 "GET /api/curated/videos/ HTTP/1.1" 200 23776
INFO 2025-07-29 16:15:03,592 basehttp 28852 30936 "GET /api/learning-paths/ HTTP/1.1" 200 769
INFO 2025-07-29 16:15:03,680 basehttp 28852 27028 "GET /api/learning-paths/ HTTP/1.1" 200 769
INFO 2025-07-29 16:15:03,711 basehttp 28852 24612 "GET /api/learning-paths/ HTTP/1.1" 200 769
INFO 2025-07-29 16:15:03,712 basehttp 28852 31600 "GET /api/curated/videos/ HTTP/1.1" 200 23776
INFO 2025-07-29 16:15:03,716 basehttp 28852 13444 "GET /api/curated/videos/ HTTP/1.1" 200 23776
INFO 2025-07-29 16:15:03,777 basehttp 28852 17236 "GET /api/curated/videos/ HTTP/1.1" 200 23776
INFO 2025-07-29 16:15:03,800 basehttp 28852 30936 "GET /api/learning-paths/ HTTP/1.1" 200 769
WARNING 2025-07-29 16:15:03,801 log 28852 24612 Not Found: /api/learning-paths/recommended/
INFO 2025-07-29 16:15:03,814 basehttp 28852 31600 "GET /api/learning-paths/ HTTP/1.1" 200 769
INFO 2025-07-29 16:15:03,815 basehttp 28852 27028 "GET /api/curated/videos/ HTTP/1.1" 200 23776
WARNING 2025-07-29 16:15:03,817 basehttp 28852 24612 "GET /api/learning-paths/recommended/?user_level=beginner HTTP/1.1" 404 35
INFO 2025-07-29 16:15:03,838 basehttp 28852 13444 "GET /api/learning-paths/ HTTP/1.1" 200 769
WARNING 2025-07-29 16:15:03,844 log 28852 31600 Not Found: /api/learning-paths/recommended/
INFO 2025-07-29 16:15:03,867 basehttp 28852 17236 "GET /api/curated/videos/ HTTP/1.1" 200 23776
WARNING 2025-07-29 16:15:03,874 basehttp 28852 31600 "GET /api/learning-paths/recommended/?user_level=beginner HTTP/1.1" 404 35
INFO 2025-07-29 16:15:03,900 basehttp 28852 27028 "GET /api/learning-paths/ HTTP/1.1" 200 769
WARNING 2025-07-29 16:15:03,908 log 28852 17236 Not Found: /api/learning-paths/recommended/
WARNING 2025-07-29 16:15:03,948 basehttp 28852 17236 "GET /api/learning-paths/recommended/?user_level=beginner HTTP/1.1" 404 35
INFO 2025-07-29 16:15:03,964 basehttp 28852 13444 "GET /api/curated/videos/ HTTP/1.1" 200 23776
WARNING 2025-07-29 16:15:03,985 log 28852 27028 Not Found: /api/learning-paths/recommended/
INFO 2025-07-29 16:15:03,995 basehttp 28852 31600 "GET /api/learning-paths/ HTTP/1.1" 200 769
WARNING 2025-07-29 16:15:04,002 basehttp 28852 27028 "GET /api/learning-paths/recommended/?user_level=beginner HTTP/1.1" 404 35
WARNING 2025-07-29 16:15:04,040 log 28852 31600 Not Found: /api/learning-paths/recommended/
INFO 2025-07-29 16:15:04,066 basehttp 28852 17236 "GET /api/curated/videos/ HTTP/1.1" 200 23776
WARNING 2025-07-29 16:15:04,066 basehttp 28852 31600 "GET /api/learning-paths/recommended/?user_level=beginner HTTP/1.1" 404 35
INFO 2025-07-29 16:15:04,086 basehttp 28852 13444 "GET /api/learning-paths/ HTTP/1.1" 200 769
WARNING 2025-07-29 16:15:04,164 log 28852 24612 Not Found: /api/learning-paths/recommended/
INFO 2025-07-29 16:15:04,184 basehttp 28852 17236 "GET /api/learning-paths/ HTTP/1.1" 200 769
INFO 2025-07-29 16:15:04,184 basehttp 28852 27028 "GET /api/curated/videos/ HTTP/1.1" 200 23776
WARNING 2025-07-29 16:15:04,189 basehttp 28852 24612 "GET /api/learning-paths/recommended/?user_level=beginner HTTP/1.1" 404 35
WARNING 2025-07-29 16:15:04,248 log 28852 17236 Not Found: /api/learning-paths/recommended/
INFO 2025-07-29 16:15:04,284 basehttp 28852 13444 "GET /api/curated/videos/ HTTP/1.1" 200 23776
INFO 2025-07-29 16:15:04,285 basehttp 28852 31600 "GET /api/learning-paths/ HTTP/1.1" 200 769
WARNING 2025-07-29 16:15:04,288 basehttp 28852 17236 "GET /api/learning-paths/recommended/?user_level=beginner HTTP/1.1" 404 35
WARNING 2025-07-29 16:15:04,331 log 28852 30936 Not Found: /api/learning-paths/recommended/
WARNING 2025-07-29 16:15:04,340 basehttp 28852 30936 "GET /api/learning-paths/recommended/?user_level=beginner HTTP/1.1" 404 35
WARNING 2025-07-29 16:15:04,367 log 28852 13444 Not Found: /api/learning-paths/recommended/
INFO 2025-07-29 16:15:04,385 basehttp 28852 24612 "GET /api/curated/videos/ HTTP/1.1" 200 23776
INFO 2025-07-29 16:15:04,386 basehttp 28852 27028 "GET /api/learning-paths/ HTTP/1.1" 200 769
WARNING 2025-07-29 16:15:04,387 basehttp 28852 13444 "GET /api/learning-paths/recommended/?user_level=beginner HTTP/1.1" 404 35
WARNING 2025-07-29 16:15:04,463 log 28852 13444 Not Found: /api/learning-paths/recommended/
WARNING 2025-07-29 16:15:04,471 basehttp 28852 13444 "GET /api/learning-paths/recommended/?user_level=beginner HTTP/1.1" 404 35
INFO 2025-07-29 16:15:04,487 basehttp 28852 30936 "GET /api/curated/videos/ HTTP/1.1" 200 23776
INFO 2025-07-29 16:15:04,521 basehttp 28852 17236 "GET /api/learning-paths/ HTTP/1.1" 200 769
WARNING 2025-07-29 16:15:04,581 log 28852 27028 Not Found: /api/learning-paths/recommended/
WARNING 2025-07-29 16:15:04,586 basehttp 28852 27028 "GET /api/learning-paths/recommended/?user_level=beginner HTTP/1.1" 404 35
INFO 2025-07-29 16:15:04,639 basehttp 28852 13444 "GET /api/curated/videos/ HTTP/1.1" 200 23776
INFO 2025-07-29 16:15:04,640 basehttp 28852 30936 "GET /api/learning-paths/ HTTP/1.1" 200 769
WARNING 2025-07-29 16:15:04,672 log 28852 17236 Not Found: /api/learning-paths/recommended/
WARNING 2025-07-29 16:15:04,714 basehttp 28852 17236 "GET /api/learning-paths/recommended/?user_level=beginner HTTP/1.1" 404 35
INFO 2025-07-29 16:15:04,739 basehttp 28852 27028 "GET /api/curated/videos/ HTTP/1.1" 200 23776
INFO 2025-07-29 16:15:04,741 basehttp 28852 24612 "GET /api/learning-paths/ HTTP/1.1" 200 769
WARNING 2025-07-29 16:15:04,851 log 28852 30936 Not Found: /api/learning-paths/recommended/
WARNING 2025-07-29 16:15:04,868 basehttp 28852 30936 "GET /api/learning-paths/recommended/?user_level=beginner HTTP/1.1" 404 35
WARNING 2025-07-29 16:15:04,912 log 28852 24612 Not Found: /api/learning-paths/recommended/
INFO 2025-07-29 16:15:04,916 basehttp 28852 13444 "GET /api/learning-paths/ HTTP/1.1" 200 769
INFO 2025-07-29 16:15:04,917 basehttp 28852 17236 "GET /api/curated/videos/ HTTP/1.1" 200 23776
WARNING 2025-07-29 16:15:04,920 basehttp 28852 24612 "GET /api/learning-paths/recommended/?user_level=beginner HTTP/1.1" 404 35
INFO 2025-07-29 16:15:04,998 basehttp 28852 30936 "GET /api/learning-paths/ HTTP/1.1" 200 769
INFO 2025-07-29 16:15:05,013 basehttp 28852 13444 "GET /api/curated/videos/ HTTP/1.1" 200 23776
WARNING 2025-07-29 16:15:05,019 log 28852 17236 Not Found: /api/learning-paths/recommended/
WARNING 2025-07-29 16:15:05,108 basehttp 28852 17236 "GET /api/learning-paths/recommended/?user_level=beginner HTTP/1.1" 404 35
INFO 2025-07-29 16:15:05,122 basehttp 28852 24612 "GET /api/learning-paths/ HTTP/1.1" 200 769
WARNING 2025-07-29 16:15:05,183 log 28852 13444 Not Found: /api/learning-paths/recommended/
INFO 2025-07-29 16:15:05,185 basehttp 28852 30936 "GET /api/curated/videos/ HTTP/1.1" 200 23776
WARNING 2025-07-29 16:15:05,197 basehttp 28852 13444 "GET /api/learning-paths/recommended/?user_level=beginner HTTP/1.1" 404 35
WARNING 2025-07-29 16:15:05,233 log 28852 27028 Not Found: /api/learning-paths/recommended/
INFO 2025-07-29 16:15:05,238 basehttp 28852 17236 "GET /api/learning-paths/ HTTP/1.1" 200 769
WARNING 2025-07-29 16:15:05,239 basehttp 28852 27028 "GET /api/learning-paths/recommended/?user_level=beginner HTTP/1.1" 404 35
WARNING 2025-07-29 16:15:05,269 log 28852 13444 Not Found: /api/learning-paths/recommended/
WARNING 2025-07-29 16:15:05,273 basehttp 28852 13444 "GET /api/learning-paths/recommended/?user_level=beginner HTTP/1.1" 404 35
INFO 2025-07-29 16:15:05,286 basehttp 28852 24612 "GET /api/curated/videos/ HTTP/1.1" 200 23776
WARNING 2025-07-29 16:15:05,291 log 28852 17236 Not Found: /api/learning-paths/recommended/
WARNING 2025-07-29 16:15:05,299 basehttp 28852 17236 "GET /api/learning-paths/recommended/?user_level=beginner HTTP/1.1" 404 35
WARNING 2025-07-29 16:15:05,312 log 28852 24612 Not Found: /api/learning-paths/recommended/
WARNING 2025-07-29 16:15:05,315 basehttp 28852 24612 "GET /api/learning-paths/recommended/?user_level=beginner HTTP/1.1" 404 35
INFO 2025-07-29 16:15:05,326 basehttp 28852 30936 "GET /api/learning-paths/ HTTP/1.1" 200 769
WARNING 2025-07-29 16:15:05,330 log 28852 17236 Not Found: /api/learning-paths/recommended/
WARNING 2025-07-29 16:15:05,342 basehttp 28852 17236 "GET /api/learning-paths/recommended/?user_level=beginner HTTP/1.1" 404 35
INFO 2025-07-29 16:15:05,381 basehttp 28852 13444 "GET /api/curated/videos/ HTTP/1.1" 200 23776
WARNING 2025-07-29 16:15:05,383 log 28852 30936 Not Found: /api/learning-paths/recommended/
INFO 2025-07-29 16:15:05,407 basehttp 28852 24612 "GET /api/learning-paths/ HTTP/1.1" 200 769
WARNING 2025-07-29 16:15:05,407 basehttp 28852 30936 "GET /api/learning-paths/recommended/?user_level=beginner HTTP/1.1" 404 35
INFO 2025-07-29 16:15:05,474 basehttp 28852 17236 "GET /api/curated/videos/ HTTP/1.1" 200 23776
INFO 2025-07-29 16:15:05,527 basehttp 28852 30936 "GET /api/learning-paths/ HTTP/1.1" 200 769
INFO 2025-07-29 16:15:05,574 basehttp 28852 24612 "GET /api/curated/videos/ HTTP/1.1" 200 23776
WARNING 2025-07-29 16:15:05,707 log 28852 13444 Not Found: /api/learning-paths/recommended/
INFO 2025-07-29 16:15:06,000 basehttp 28852 17236 "GET /api/curated/videos/ HTTP/1.1" 200 23776
WARNING 2025-07-29 16:15:06,040 basehttp 28852 13444 "GET /api/learning-paths/recommended/?user_level=beginner HTTP/1.1" 404 35
INFO 2025-07-29 16:15:06,076 basehttp 28852 30936 "GET /api/learning-paths/ HTTP/1.1" 200 769
INFO 2025-07-29 16:15:06,165 basehttp 28852 24612 "GET /api/curated/videos/ HTTP/1.1" 200 23776
WARNING 2025-07-29 16:15:06,237 log 28852 17236 Not Found: /api/learning-paths/recommended/
WARNING 2025-07-29 16:15:06,250 basehttp 28852 17236 "GET /api/learning-paths/recommended/?user_level=beginner HTTP/1.1" 404 35
WARNING 2025-07-29 16:15:06,267 log 28852 24612 Not Found: /api/learning-paths/recommended/
INFO 2025-07-29 16:15:06,275 basehttp 28852 13444 "GET /api/learning-paths/ HTTP/1.1" 200 769
WARNING 2025-07-29 16:15:06,276 basehttp 28852 24612 "GET /api/learning-paths/recommended/?user_level=beginner HTTP/1.1" 404 35
INFO 2025-07-29 16:15:06,293 basehttp 28852 27028 "GET /api/curated/videos/ HTTP/1.1" 200 23776
WARNING 2025-07-29 16:15:06,335 log 28852 30936 Not Found: /api/learning-paths/recommended/
WARNING 2025-07-29 16:15:06,343 basehttp 28852 30936 "GET /api/learning-paths/recommended/?user_level=beginner HTTP/1.1" 404 35
WARNING 2025-07-29 16:15:06,358 log 28852 27028 Not Found: /api/learning-paths/recommended/
WARNING 2025-07-29 16:15:06,367 basehttp 28852 27028 "GET /api/learning-paths/recommended/?user_level=beginner HTTP/1.1" 404 35
INFO 2025-07-29 16:15:06,370 basehttp 28852 17236 "GET /api/learning-paths/ HTTP/1.1" 200 769
WARNING 2025-07-29 16:15:06,425 log 28852 30936 Not Found: /api/learning-paths/recommended/
WARNING 2025-07-29 16:15:06,427 basehttp 28852 30936 "GET /api/learning-paths/recommended/?user_level=beginner HTTP/1.1" 404 35
INFO 2025-07-29 16:15:06,465 basehttp 28852 13444 "GET /api/learning-paths/ HTTP/1.1" 200 769
INFO 2025-07-29 16:15:06,466 basehttp 28852 24612 "GET /api/curated/videos/ HTTP/1.1" 200 23776
WARNING 2025-07-29 16:15:06,475 log 28852 17236 Not Found: /api/learning-paths/recommended/
WARNING 2025-07-29 16:15:06,513 basehttp 28852 17236 "GET /api/learning-paths/recommended/?user_level=beginner HTTP/1.1" 404 35
INFO 2025-07-29 16:15:06,545 basehttp 28852 30936 "GET /api/learning-paths/ HTTP/1.1" 200 769
INFO 2025-07-29 16:15:06,565 basehttp 28852 27028 "GET /api/curated/videos/ HTTP/1.1" 200 23776
WARNING 2025-07-29 16:15:06,569 log 28852 31600 Not Found: /api/learning-paths/recommended/
WARNING 2025-07-29 16:15:06,584 basehttp 28852 31600 "GET /api/learning-paths/recommended/?user_level=beginner HTTP/1.1" 404 35
INFO 2025-07-29 16:15:07,290 basehttp 28852 13444 "GET /api/learning-paths/ HTTP/1.1" 200 769
INFO 2025-07-29 16:15:07,300 basehttp 28852 24612 "GET /api/learning-paths/ HTTP/1.1" 200 769
INFO 2025-07-29 16:15:07,326 basehttp 28852 27028 "GET /api/learning-paths/ HTTP/1.1" 200 769
INFO 2025-07-29 16:15:07,326 basehttp 28852 31600 "GET /api/learning-paths/ HTTP/1.1" 200 769
INFO 2025-07-29 16:15:07,335 basehttp 28852 30936 "GET /api/learning-paths/ HTTP/1.1" 200 769
INFO 2025-07-29 16:15:07,373 basehttp 28852 13444 "GET /api/learning-paths/ HTTP/1.1" 200 769
INFO 2025-07-29 16:15:07,375 basehttp 28852 17236 "GET /api/learning-paths/ HTTP/1.1" 200 769
INFO 2025-07-29 16:15:07,377 basehttp 28852 24612 "GET /api/learning-paths/ HTTP/1.1" 200 769
INFO 2025-07-29 16:15:07,440 basehttp 28852 27028 "GET /api/learning-paths/ HTTP/1.1" 200 769
INFO 2025-07-29 16:15:07,441 basehttp 28852 31600 "GET /api/learning-paths/ HTTP/1.1" 200 769
INFO 2025-07-29 16:15:07,442 basehttp 28852 30936 "GET /api/learning-paths/ HTTP/1.1" 200 769
INFO 2025-07-29 16:15:07,477 basehttp 28852 13444 "GET /api/learning-paths/ HTTP/1.1" 200 769
INFO 2025-07-29 16:15:07,491 basehttp 28852 17236 "GET /api/learning-paths/ HTTP/1.1" 200 769
INFO 2025-07-29 16:15:07,516 basehttp 28852 24612 "GET /api/learning-paths/ HTTP/1.1" 200 769
INFO 2025-07-29 16:15:07,587 basehttp 28852 27028 "GET /api/learning-paths/ HTTP/1.1" 200 769
INFO 2025-07-29 16:15:07,604 basehttp 28852 31600 "GET /api/learning-paths/ HTTP/1.1" 200 769
INFO 2025-07-29 16:15:07,605 basehttp 28852 30936 "GET /api/learning-paths/ HTTP/1.1" 200 769
INFO 2025-07-29 16:15:07,667 basehttp 28852 17236 "GET /api/learning-paths/ HTTP/1.1" 200 769
INFO 2025-07-29 16:15:07,668 basehttp 28852 13444 "GET /api/learning-paths/ HTTP/1.1" 200 769
INFO 2025-07-29 16:15:07,673 basehttp 28852 24612 "GET /api/learning-paths/ HTTP/1.1" 200 769
INFO 2025-07-29 16:15:07,724 basehttp 28852 31600 "GET /api/learning-paths/ HTTP/1.1" 200 769
INFO 2025-07-29 16:15:07,729 basehttp 28852 30936 "GET /api/learning-paths/ HTTP/1.1" 200 769
INFO 2025-07-29 16:15:07,732 basehttp 28852 27028 "GET /api/learning-paths/ HTTP/1.1" 200 769
INFO 2025-07-29 16:15:07,779 basehttp 28852 13444 "GET /api/learning-paths/ HTTP/1.1" 200 769
INFO 2025-07-29 16:15:07,782 basehttp 28852 17236 "GET /api/learning-paths/ HTTP/1.1" 200 769
INFO 2025-07-29 16:15:07,821 basehttp 28852 24612 "GET /api/learning-paths/ HTTP/1.1" 200 769
INFO 2025-07-29 16:15:07,825 basehttp 28852 31600 "GET /api/learning-paths/ HTTP/1.1" 200 769
INFO 2025-07-29 16:15:07,839 basehttp 28852 30936 "GET /api/learning-paths/ HTTP/1.1" 200 769
INFO 2025-07-29 16:15:07,957 basehttp 28852 27028 "GET /api/learning-paths/ HTTP/1.1" 200 769
INFO 2025-07-29 16:15:07,970 basehttp 28852 13444 "GET /api/learning-paths/ HTTP/1.1" 200 769
INFO 2025-07-29 16:15:07,973 basehttp 28852 24612 "GET /api/learning-paths/ HTTP/1.1" 200 769
INFO 2025-07-29 16:15:07,988 basehttp 28852 17236 "GET /api/learning-paths/ HTTP/1.1" 200 769
INFO 2025-07-29 16:15:07,996 basehttp 28852 31600 "GET /api/learning-paths/ HTTP/1.1" 200 769
INFO 2025-07-29 16:15:08,028 basehttp 28852 30936 "GET /api/learning-paths/ HTTP/1.1" 200 769
INFO 2025-07-29 16:15:08,056 basehttp 28852 24612 "GET /api/learning-paths/ HTTP/1.1" 200 769
INFO 2025-07-29 16:15:08,058 basehttp 28852 27028 "GET /api/learning-paths/ HTTP/1.1" 200 769
INFO 2025-07-29 16:15:08,060 basehttp 28852 13444 "GET /api/learning-paths/ HTTP/1.1" 200 769
INFO 2025-07-29 16:15:08,098 basehttp 28852 31600 "GET /api/learning-paths/ HTTP/1.1" 200 769
INFO 2025-07-29 16:15:08,099 basehttp 28852 17236 "GET /api/learning-paths/ HTTP/1.1" 200 769
INFO 2025-07-29 16:15:08,107 basehttp 28852 30936 "GET /api/learning-paths/ HTTP/1.1" 200 769
INFO 2025-07-29 16:15:08,134 basehttp 28852 24612 "GET /api/learning-paths/ HTTP/1.1" 200 769
INFO 2025-07-29 16:15:08,159 basehttp 28852 27028 "GET /api/learning-paths/ HTTP/1.1" 200 769
INFO 2025-07-29 16:15:08,188 basehttp 28852 13444 "GET /api/learning-paths/ HTTP/1.1" 200 769
INFO 2025-07-29 16:15:08,213 basehttp 28852 31600 "GET /api/learning-paths/ HTTP/1.1" 200 769
INFO 2025-07-29 16:15:08,264 basehttp 28852 17236 "GET /api/learning-paths/ HTTP/1.1" 200 769
INFO 2025-07-29 16:15:08,303 basehttp 28852 30936 "GET /api/learning-paths/ HTTP/1.1" 200 769
INFO 2025-07-29 16:15:08,339 basehttp 28852 27028 "GET /api/learning-paths/ HTTP/1.1" 200 769
INFO 2025-07-29 16:15:08,364 basehttp 28852 24612 "GET /api/learning-paths/ HTTP/1.1" 200 769
INFO 2025-07-29 16:15:08,406 basehttp 28852 13444 "GET /api/learning-paths/ HTTP/1.1" 200 769
INFO 2025-07-29 16:15:08,445 basehttp 28852 31600 "GET /api/learning-paths/ HTTP/1.1" 200 769
INFO 2025-07-29 16:15:08,524 basehttp 28852 27028 "GET /api/learning-paths/ HTTP/1.1" 200 769
INFO 2025-07-29 16:15:08,525 basehttp 28852 30936 "GET /api/learning-paths/ HTTP/1.1" 200 769
INFO 2025-07-29 16:15:08,525 basehttp 28852 17236 "GET /api/learning-paths/ HTTP/1.1" 200 769
INFO 2025-07-29 16:15:08,562 basehttp 28852 24612 "GET /api/learning-paths/ HTTP/1.1" 200 769
INFO 2025-07-29 16:15:08,582 basehttp 28852 13444 "GET /api/learning-paths/ HTTP/1.1" 200 769
INFO 2025-07-29 16:15:08,650 basehttp 28852 31600 "GET /api/learning-paths/ HTTP/1.1" 200 769
INFO 2025-07-29 16:15:08,652 basehttp 28852 30936 "GET /api/learning-paths/ HTTP/1.1" 200 769
INFO 2025-07-29 16:15:08,653 basehttp 28852 27028 "GET /api/learning-paths/ HTTP/1.1" 200 769
INFO 2025-07-29 16:15:08,654 basehttp 28852 17236 "GET /api/learning-paths/ HTTP/1.1" 200 769
INFO 2025-07-29 16:15:08,667 basehttp 28852 24612 "GET /api/learning-paths/ HTTP/1.1" 200 769
INFO 2025-07-29 16:15:08,724 basehttp 28852 13444 "GET /api/learning-paths/ HTTP/1.1" 200 769
INFO 2025-07-29 16:15:09,377 basehttp 28852 27028 "GET /api/learning-paths/ HTTP/1.1" 200 769
INFO 2025-07-29 16:15:09,383 basehttp 28852 30936 "GET /api/learning-paths/ HTTP/1.1" 200 769
INFO 2025-07-29 16:15:09,384 basehttp 28852 31600 "GET /api/learning-paths/ HTTP/1.1" 200 769
INFO 2025-07-29 16:15:09,438 basehttp 28852 24612 "GET /api/learning-paths/ HTTP/1.1" 200 769
INFO 2025-07-29 16:15:09,439 basehttp 28852 17236 "GET /api/learning-paths/ HTTP/1.1" 200 769
INFO 2025-07-29 16:15:09,586 basehttp 28852 13444 "GET /api/learning-paths/ HTTP/1.1" 200 769
INFO 2025-07-29 16:15:09,614 basehttp 28852 27028 "GET /api/learning-paths/ HTTP/1.1" 200 769
INFO 2025-07-29 16:15:09,648 basehttp 28852 30936 "GET /api/learning-paths/ HTTP/1.1" 200 769
INFO 2025-07-29 16:15:09,797 basehttp 28852 31600 "GET /api/learning-paths/ HTTP/1.1" 200 769
INFO 2025-07-29 16:15:09,809 basehttp 28852 24612 "GET /api/learning-paths/ HTTP/1.1" 200 769
INFO 2025-07-29 16:15:09,817 basehttp 28852 17236 "GET /api/learning-paths/ HTTP/1.1" 200 769
INFO 2025-07-29 16:15:09,876 basehttp 28852 13444 "GET /api/learning-paths/ HTTP/1.1" 200 769
INFO 2025-07-29 16:15:09,942 basehttp 28852 30936 "GET /api/learning-paths/ HTTP/1.1" 200 769
INFO 2025-07-29 16:15:09,943 basehttp 28852 27028 "GET /api/learning-paths/ HTTP/1.1" 200 769
INFO 2025-07-29 16:15:09,974 basehttp 28852 31600 "GET /api/learning-paths/ HTTP/1.1" 200 769
INFO 2025-07-29 16:15:10,013 basehttp 28852 24612 "GET /api/learning-paths/ HTTP/1.1" 200 769
INFO 2025-07-29 16:15:10,026 basehttp 28852 13444 "GET /api/learning-paths/ HTTP/1.1" 200 769
INFO 2025-07-29 16:15:10,049 basehttp 28852 17236 "GET /api/learning-paths/ HTTP/1.1" 200 769
INFO 2025-07-29 16:15:10,087 basehttp 28852 30936 "GET /api/learning-paths/ HTTP/1.1" 200 769
INFO 2025-07-29 16:15:10,088 basehttp 28852 31600 "GET /api/learning-paths/ HTTP/1.1" 200 769
INFO 2025-07-29 16:15:10,127 basehttp 28852 24612 "GET /api/learning-paths/ HTTP/1.1" 200 769
INFO 2025-07-29 16:15:10,128 basehttp 28852 27028 "GET /api/learning-paths/ HTTP/1.1" 200 769
INFO 2025-07-29 16:15:10,176 basehttp 28852 30936 "GET /api/learning-paths/ HTTP/1.1" 200 769
INFO 2025-07-29 16:15:10,188 basehttp 28852 17236 "GET /api/learning-paths/ HTTP/1.1" 200 769
INFO 2025-07-29 16:15:10,190 basehttp 28852 13444 "GET /api/learning-paths/ HTTP/1.1" 200 769
INFO 2025-07-29 16:15:10,193 basehttp 28852 31600 "GET /api/learning-paths/ HTTP/1.1" 200 769
INFO 2025-07-29 16:15:10,201 basehttp 28852 24612 "GET /api/learning-paths/ HTTP/1.1" 200 769
INFO 2025-07-29 16:15:10,278 basehttp 28852 27028 "GET /api/learning-paths/ HTTP/1.1" 200 769
INFO 2025-07-29 16:15:10,342 basehttp 28852 30936 "GET /api/learning-paths/ HTTP/1.1" 200 769
INFO 2025-07-29 16:15:10,368 basehttp 28852 17236 "GET /api/learning-paths/ HTTP/1.1" 200 769
INFO 2025-07-29 16:15:10,376 basehttp 28852 13444 "GET /api/learning-paths/ HTTP/1.1" 200 769
INFO 2025-07-29 16:15:10,390 basehttp 28852 31600 "GET /api/learning-paths/ HTTP/1.1" 200 769
INFO 2025-07-29 16:15:10,399 basehttp 28852 24612 "GET /api/learning-paths/ HTTP/1.1" 200 769
INFO 2025-07-29 16:15:10,409 basehttp 28852 27028 "GET /api/learning-paths/ HTTP/1.1" 200 769
INFO 2025-07-29 16:15:10,410 basehttp 28852 30936 "GET /api/learning-paths/ HTTP/1.1" 200 769
INFO 2025-07-29 16:15:10,441 basehttp 28852 17236 "GET /api/learning-paths/ HTTP/1.1" 200 769
INFO 2025-07-29 16:15:10,442 basehttp 28852 13444 "GET /api/learning-paths/ HTTP/1.1" 200 769
INFO 2025-07-29 16:15:10,457 basehttp 28852 31600 "GET /api/learning-paths/ HTTP/1.1" 200 769
INFO 2025-07-29 16:15:10,466 basehttp 28852 24612 "GET /api/learning-paths/ HTTP/1.1" 200 769
INFO 2025-07-29 16:15:10,483 basehttp 28852 30936 "GET /api/learning-paths/ HTTP/1.1" 200 769
INFO 2025-07-29 16:15:10,484 basehttp 28852 27028 "GET /api/learning-paths/ HTTP/1.1" 200 769
INFO 2025-07-29 16:15:10,507 basehttp 28852 17236 "GET /api/learning-paths/ HTTP/1.1" 200 769
INFO 2025-07-29 16:15:10,521 basehttp 28852 13444 "GET /api/learning-paths/ HTTP/1.1" 200 769
INFO 2025-07-29 16:15:10,523 basehttp 28852 31600 "GET /api/learning-paths/ HTTP/1.1" 200 769
INFO 2025-07-29 16:15:10,532 basehttp 28852 24612 "GET /api/learning-paths/ HTTP/1.1" 200 769
INFO 2025-07-29 16:15:10,560 basehttp 28852 27028 "GET /api/learning-paths/ HTTP/1.1" 200 769
INFO 2025-07-29 16:15:10,561 basehttp 28852 30936 "GET /api/learning-paths/ HTTP/1.1" 200 769
INFO 2025-07-29 16:15:10,571 basehttp 28852 17236 "GET /api/learning-paths/ HTTP/1.1" 200 769
INFO 2025-07-29 16:15:10,609 basehttp 28852 31600 "GET /api/learning-paths/ HTTP/1.1" 200 769
INFO 2025-07-29 16:15:10,619 basehttp 28852 13444 "GET /api/learning-paths/ HTTP/1.1" 200 769
INFO 2025-07-29 16:15:10,627 basehttp 28852 24612 "GET /api/learning-paths/ HTTP/1.1" 200 769
INFO 2025-07-29 16:15:10,628 basehttp 28852 30936 "GET /api/learning-paths/ HTTP/1.1" 200 769
INFO 2025-07-29 16:15:10,641 basehttp 28852 17236 "GET /api/learning-paths/ HTTP/1.1" 200 769
INFO 2025-07-29 16:15:10,642 basehttp 28852 27028 "GET /api/learning-paths/ HTTP/1.1" 200 769
INFO 2025-07-29 16:15:10,675 basehttp 28852 31600 "GET /api/learning-paths/ HTTP/1.1" 200 769
INFO 2025-07-29 16:15:10,686 basehttp 28852 13444 "GET /api/learning-paths/ HTTP/1.1" 200 769
INFO 2025-07-29 16:15:10,689 basehttp 28852 24612 "GET /api/learning-paths/ HTTP/1.1" 200 769
INFO 2025-07-29 16:15:10,706 basehttp 28852 30936 "GET /api/learning-paths/ HTTP/1.1" 200 769
INFO 2025-07-29 16:15:10,718 basehttp 28852 17236 "GET /api/learning-paths/ HTTP/1.1" 200 769
INFO 2025-07-29 16:15:10,728 basehttp 28852 27028 "GET /api/learning-paths/ HTTP/1.1" 200 769
INFO 2025-07-29 16:15:10,738 basehttp 28852 31600 "GET /api/learning-paths/ HTTP/1.1" 200 769
INFO 2025-07-29 16:15:10,756 basehttp 28852 13444 "GET /api/learning-paths/ HTTP/1.1" 200 769
INFO 2025-07-29 16:15:10,766 basehttp 28852 24612 "GET /api/learning-paths/ HTTP/1.1" 200 769
INFO 2025-07-29 16:15:10,775 basehttp 28852 30936 "GET /api/learning-paths/ HTTP/1.1" 200 769
INFO 2025-07-29 16:15:10,792 basehttp 28852 17236 "GET /api/learning-paths/ HTTP/1.1" 200 769
INFO 2025-07-29 16:15:10,796 basehttp 28852 31600 "GET /api/learning-paths/ HTTP/1.1" 200 769
INFO 2025-07-29 16:15:10,811 basehttp 28852 27028 "GET /api/learning-paths/ HTTP/1.1" 200 769
INFO 2025-07-29 16:15:10,822 basehttp 28852 13444 "GET /api/learning-paths/ HTTP/1.1" 200 769
INFO 2025-07-29 16:15:10,831 basehttp 28852 24612 "GET /api/learning-paths/ HTTP/1.1" 200 769
INFO 2025-07-29 16:15:10,840 basehttp 28852 30936 "GET /api/learning-paths/ HTTP/1.1" 200 769
INFO 2025-07-29 16:15:10,860 basehttp 28852 17236 "GET /api/learning-paths/ HTTP/1.1" 200 769
INFO 2025-07-29 16:15:10,876 basehttp 28852 31600 "GET /api/learning-paths/ HTTP/1.1" 200 769
INFO 2025-07-29 16:15:10,886 basehttp 28852 13444 "GET /api/learning-paths/ HTTP/1.1" 200 769
INFO 2025-07-29 16:15:10,887 basehttp 28852 27028 "GET /api/learning-paths/ HTTP/1.1" 200 769
INFO 2025-07-29 16:15:10,895 basehttp 28852 24612 "GET /api/learning-paths/ HTTP/1.1" 200 769
INFO 2025-07-29 16:15:10,909 basehttp 28852 30936 "GET /api/learning-paths/ HTTP/1.1" 200 769
INFO 2025-07-29 16:15:10,926 basehttp 28852 17236 "GET /api/learning-paths/ HTTP/1.1" 200 769
INFO 2025-07-29 16:15:10,948 basehttp 28852 31600 "GET /api/learning-paths/ HTTP/1.1" 200 769
INFO 2025-07-29 16:15:10,952 basehttp 28852 13444 "GET /api/learning-paths/ HTTP/1.1" 200 769
INFO 2025-07-29 16:15:10,968 basehttp 28852 24612 "GET /api/learning-paths/ HTTP/1.1" 200 769
INFO 2025-07-29 16:15:10,969 basehttp 28852 27028 "GET /api/learning-paths/ HTTP/1.1" 200 769
INFO 2025-07-29 16:15:10,970 basehttp 28852 30936 "GET /api/learning-paths/ HTTP/1.1" 200 769
INFO 2025-07-29 16:15:10,988 basehttp 28852 17236 "GET /api/learning-paths/ HTTP/1.1" 200 769
INFO 2025-07-29 16:15:11,026 basehttp 28852 13444 "GET /api/learning-paths/ HTTP/1.1" 200 769
INFO 2025-07-29 16:15:11,028 basehttp 28852 31600 "GET /api/learning-paths/ HTTP/1.1" 200 769
INFO 2025-07-29 16:15:11,038 basehttp 28852 30936 "GET /api/learning-paths/ HTTP/1.1" 200 769
INFO 2025-07-29 16:15:11,044 basehttp 28852 24612 "GET /api/learning-paths/ HTTP/1.1" 200 769
INFO 2025-07-29 16:15:11,056 basehttp 28852 27028 "GET /api/learning-paths/ HTTP/1.1" 200 769
INFO 2025-07-29 16:15:11,057 basehttp 28852 17236 "GET /api/learning-paths/ HTTP/1.1" 200 769
INFO 2025-07-29 16:15:11,095 basehttp 28852 13444 "GET /api/learning-paths/ HTTP/1.1" 200 769
INFO 2025-07-29 16:15:11,111 basehttp 28852 31600 "GET /api/learning-paths/ HTTP/1.1" 200 769
INFO 2025-07-29 16:15:11,131 basehttp 28852 30936 "GET /api/learning-paths/ HTTP/1.1" 200 769
INFO 2025-07-29 16:15:11,140 basehttp 28852 27028 "GET /api/learning-paths/ HTTP/1.1" 200 769
INFO 2025-07-29 16:15:11,140 basehttp 28852 24612 "GET /api/learning-paths/ HTTP/1.1" 200 769
INFO 2025-07-29 16:15:11,160 basehttp 28852 17236 "GET /api/learning-paths/ HTTP/1.1" 200 769
INFO 2025-07-29 16:15:11,167 basehttp 28852 13444 "GET /api/learning-paths/ HTTP/1.1" 200 769
INFO 2025-07-29 16:15:11,179 basehttp 28852 31600 "GET /api/learning-paths/ HTTP/1.1" 200 769
INFO 2025-07-29 16:15:11,199 basehttp 28852 30936 "GET /api/learning-paths/ HTTP/1.1" 200 769
INFO 2025-07-29 16:15:11,208 basehttp 28852 27028 "GET /api/learning-paths/ HTTP/1.1" 200 769
INFO 2025-07-29 16:15:11,214 basehttp 28852 24612 "GET /api/learning-paths/ HTTP/1.1" 200 769
INFO 2025-07-29 16:15:11,232 basehttp 28852 13444 "GET /api/learning-paths/ HTTP/1.1" 200 769
INFO 2025-07-29 16:15:11,233 basehttp 28852 17236 "GET /api/learning-paths/ HTTP/1.1" 200 769
INFO 2025-07-29 16:15:11,246 basehttp 28852 31600 "GET /api/learning-paths/ HTTP/1.1" 200 769
INFO 2025-07-29 16:15:11,268 basehttp 28852 27028 "GET /api/learning-paths/ HTTP/1.1" 200 769
INFO 2025-07-29 16:15:11,278 basehttp 28852 24612 "GET /api/learning-paths/ HTTP/1.1" 200 769
INFO 2025-07-29 16:15:11,285 basehttp 28852 30936 "GET /api/learning-paths/ HTTP/1.1" 200 769
INFO 2025-07-29 16:15:11,296 basehttp 28852 17236 "GET /api/learning-paths/ HTTP/1.1" 200 769
INFO 2025-07-29 16:15:11,314 basehttp 28852 31600 "GET /api/learning-paths/ HTTP/1.1" 200 769
INFO 2025-07-29 16:15:11,314 basehttp 28852 13444 "GET /api/learning-paths/ HTTP/1.1" 200 769
INFO 2025-07-29 16:15:11,336 basehttp 28852 27028 "GET /api/learning-paths/ HTTP/1.1" 200 769
INFO 2025-07-29 16:15:11,346 basehttp 28852 24612 "GET /api/learning-paths/ HTTP/1.1" 200 769
INFO 2025-07-29 16:15:11,355 basehttp 28852 30936 "GET /api/learning-paths/ HTTP/1.1" 200 769
INFO 2025-07-29 16:15:11,367 basehttp 28852 17236 "GET /api/learning-paths/ HTTP/1.1" 200 769
INFO 2025-07-29 16:15:11,381 basehttp 28852 31600 "GET /api/learning-paths/ HTTP/1.1" 200 769
INFO 2025-07-29 16:15:11,403 basehttp 28852 27028 "GET /api/learning-paths/ HTTP/1.1" 200 769
INFO 2025-07-29 16:15:11,405 basehttp 28852 13444 "GET /api/learning-paths/ HTTP/1.1" 200 769
INFO 2025-07-29 16:15:11,412 basehttp 28852 24612 "GET /api/learning-paths/ HTTP/1.1" 200 769
INFO 2025-07-29 16:15:11,432 basehttp 28852 30936 "GET /api/learning-paths/ HTTP/1.1" 200 769
INFO 2025-07-29 16:15:11,444 basehttp 28852 17236 "GET /api/learning-paths/ HTTP/1.1" 200 769
INFO 2025-07-29 16:15:11,459 basehttp 28852 31600 "GET /api/learning-paths/ HTTP/1.1" 200 769
INFO 2025-07-29 16:15:11,479 basehttp 28852 27028 "GET /api/learning-paths/ HTTP/1.1" 200 769
INFO 2025-07-29 16:15:11,492 basehttp 28852 13444 "GET /api/learning-paths/ HTTP/1.1" 200 769
INFO 2025-07-29 16:15:11,493 basehttp 28852 24612 "GET /api/learning-paths/ HTTP/1.1" 200 769
INFO 2025-07-29 16:15:11,513 basehttp 28852 30936 "GET /api/learning-paths/ HTTP/1.1" 200 769
INFO 2025-07-29 16:15:11,530 basehttp 28852 31600 "GET /api/learning-paths/ HTTP/1.1" 200 769
INFO 2025-07-29 16:15:11,530 basehttp 28852 17236 "GET /api/learning-paths/ HTTP/1.1" 200 769
INFO 2025-07-29 16:15:11,548 basehttp 28852 27028 "GET /api/learning-paths/ HTTP/1.1" 200 769
INFO 2025-07-29 16:15:11,565 basehttp 28852 13444 "GET /api/learning-paths/ HTTP/1.1" 200 769
INFO 2025-07-29 16:15:11,583 basehttp 28852 30936 "GET /api/learning-paths/ HTTP/1.1" 200 769
INFO 2025-07-29 16:15:11,584 basehttp 28852 24612 "GET /api/learning-paths/ HTTP/1.1" 200 769
INFO 2025-07-29 16:15:11,600 basehttp 28852 31600 "GET /api/learning-paths/ HTTP/1.1" 200 769
INFO 2025-07-29 16:15:11,614 basehttp 28852 27028 "GET /api/learning-paths/ HTTP/1.1" 200 769
INFO 2025-07-29 16:15:11,615 basehttp 28852 17236 "GET /api/learning-paths/ HTTP/1.1" 200 769
INFO 2025-07-29 16:15:11,633 basehttp 28852 13444 "GET /api/learning-paths/ HTTP/1.1" 200 769
INFO 2025-07-29 16:15:11,649 basehttp 28852 30936 "GET /api/learning-paths/ HTTP/1.1" 200 769
INFO 2025-07-29 16:15:11,662 basehttp 28852 31600 "GET /api/learning-paths/ HTTP/1.1" 200 769
INFO 2025-07-29 16:15:11,672 basehttp 28852 24612 "GET /api/learning-paths/ HTTP/1.1" 200 769
INFO 2025-07-29 16:15:11,685 basehttp 28852 27028 "GET /api/learning-paths/ HTTP/1.1" 200 769
INFO 2025-07-29 16:15:11,698 basehttp 28852 13444 "GET /api/learning-paths/ HTTP/1.1" 200 769
INFO 2025-07-29 16:15:11,698 basehttp 28852 17236 "GET /api/learning-paths/ HTTP/1.1" 200 769
INFO 2025-07-29 16:15:11,719 basehttp 28852 30936 "GET /api/learning-paths/ HTTP/1.1" 200 769
INFO 2025-07-29 16:15:11,748 basehttp 28852 31600 "GET /api/learning-paths/ HTTP/1.1" 200 769
INFO 2025-07-29 16:15:11,748 basehttp 28852 24612 "GET /api/learning-paths/ HTTP/1.1" 200 769
INFO 2025-07-29 16:15:11,769 basehttp 28852 27028 "GET /api/learning-paths/ HTTP/1.1" 200 769
INFO 2025-07-29 16:15:11,772 basehttp 28852 13444 "GET /api/learning-paths/ HTTP/1.1" 200 769
INFO 2025-07-29 16:15:11,809 basehttp 28852 30936 "GET /api/learning-paths/ HTTP/1.1" 200 769
INFO 2025-07-29 16:15:11,812 basehttp 28852 17236 "GET /api/learning-paths/ HTTP/1.1" 200 769
INFO 2025-07-29 16:15:11,847 basehttp 28852 24612 "GET /api/learning-paths/ HTTP/1.1" 200 769
INFO 2025-07-29 16:15:11,850 basehttp 28852 27028 "GET /api/learning-paths/ HTTP/1.1" 200 769
INFO 2025-07-29 16:15:11,850 basehttp 28852 31600 "GET /api/learning-paths/ HTTP/1.1" 200 769
INFO 2025-07-29 16:15:11,879 basehttp 28852 13444 "GET /api/learning-paths/ HTTP/1.1" 200 769
INFO 2025-07-29 16:15:11,891 basehttp 28852 30936 "GET /api/learning-paths/ HTTP/1.1" 200 769
INFO 2025-07-29 16:15:11,898 basehttp 28852 17236 "GET /api/learning-paths/ HTTP/1.1" 200 769
INFO 2025-07-29 16:15:11,924 basehttp 28852 24612 "GET /api/learning-paths/ HTTP/1.1" 200 769
INFO 2025-07-29 16:15:11,935 basehttp 28852 27028 "GET /api/learning-paths/ HTTP/1.1" 200 769
INFO 2025-07-29 16:15:11,946 basehttp 28852 31600 "GET /api/learning-paths/ HTTP/1.1" 200 769
INFO 2025-07-29 16:15:11,971 basehttp 28852 30936 "GET /api/learning-paths/ HTTP/1.1" 200 769
INFO 2025-07-29 16:15:11,972 basehttp 28852 17236 "GET /api/learning-paths/ HTTP/1.1" 200 769
INFO 2025-07-29 16:15:11,972 basehttp 28852 13444 "GET /api/learning-paths/ HTTP/1.1" 200 769
INFO 2025-07-29 16:15:12,002 basehttp 28852 24612 "GET /api/learning-paths/ HTTP/1.1" 200 769
INFO 2025-07-29 16:15:12,007 basehttp 28852 27028 "GET /api/learning-paths/ HTTP/1.1" 200 769
INFO 2025-07-29 16:15:12,035 basehttp 28852 31600 "GET /api/learning-paths/ HTTP/1.1" 200 769
INFO 2025-07-29 16:15:12,053 basehttp 28852 17236 "GET /api/learning-paths/ HTTP/1.1" 200 769
INFO 2025-07-29 16:15:12,067 basehttp 28852 30936 "GET /api/learning-paths/ HTTP/1.1" 200 769
INFO 2025-07-29 16:15:12,077 basehttp 28852 13444 "GET /api/learning-paths/ HTTP/1.1" 200 769
INFO 2025-07-29 16:15:12,089 basehttp 28852 24612 "GET /api/learning-paths/ HTTP/1.1" 200 769
INFO 2025-07-29 16:15:12,101 basehttp 28852 27028 "GET /api/learning-paths/ HTTP/1.1" 200 769
INFO 2025-07-29 16:15:12,118 basehttp 28852 31600 "GET /api/learning-paths/ HTTP/1.1" 200 769
INFO 2025-07-29 16:15:12,122 basehttp 28852 17236 "GET /api/learning-paths/ HTTP/1.1" 200 769
INFO 2025-07-29 16:15:12,147 basehttp 28852 30936 "GET /api/learning-paths/ HTTP/1.1" 200 769
INFO 2025-07-29 16:15:12,147 basehttp 28852 13444 "GET /api/learning-paths/ HTTP/1.1" 200 769
INFO 2025-07-29 16:15:12,171 basehttp 28852 24612 "GET /api/learning-paths/ HTTP/1.1" 200 769
INFO 2025-07-29 16:15:12,182 basehttp 28852 27028 "GET /api/learning-paths/ HTTP/1.1" 200 769
INFO 2025-07-29 16:15:12,205 basehttp 28852 31600 "GET /api/learning-paths/ HTTP/1.1" 200 769
INFO 2025-07-29 16:15:12,210 basehttp 28852 17236 "GET /api/learning-paths/ HTTP/1.1" 200 769
INFO 2025-07-29 16:15:12,216 basehttp 28852 30936 "GET /api/learning-paths/ HTTP/1.1" 200 769
INFO 2025-07-29 16:15:12,233 basehttp 28852 13444 "GET /api/learning-paths/ HTTP/1.1" 200 769
INFO 2025-07-29 16:15:12,282 basehttp 28852 24612 "GET /api/learning-paths/ HTTP/1.1" 200 769
INFO 2025-07-29 16:15:12,284 basehttp 28852 27028 "GET /api/learning-paths/ HTTP/1.1" 200 769
INFO 2025-07-29 16:15:12,373 basehttp 28852 31600 "GET /api/learning-paths/ HTTP/1.1" 200 769
INFO 2025-07-29 16:15:12,378 basehttp 28852 17236 "GET /api/learning-paths/ HTTP/1.1" 200 769
INFO 2025-07-29 16:15:12,392 basehttp 28852 27028 "GET /api/learning-paths/ HTTP/1.1" 200 769
INFO 2025-07-29 16:15:12,425 basehttp 28852 13444 "GET /api/learning-paths/ HTTP/1.1" 200 769
INFO 2025-07-29 16:15:12,428 basehttp 28852 24612 "GET /api/learning-paths/ HTTP/1.1" 200 769
INFO 2025-07-29 16:15:12,431 basehttp 28852 30936 "GET /api/learning-paths/ HTTP/1.1" 200 769
INFO 2025-07-29 16:15:12,451 basehttp 28852 31600 "GET /api/learning-paths/ HTTP/1.1" 200 769
INFO 2025-07-29 16:15:12,470 basehttp 28852 17236 "GET /api/learning-paths/ HTTP/1.1" 200 769
INFO 2025-07-29 16:15:12,497 basehttp 28852 27028 "GET /api/learning-paths/ HTTP/1.1" 200 769
INFO 2025-07-29 16:15:12,524 basehttp 28852 13444 "GET /api/learning-paths/ HTTP/1.1" 200 769
INFO 2025-07-29 16:15:12,543 basehttp 28852 31600 "GET /api/learning-paths/ HTTP/1.1" 200 769
INFO 2025-07-29 16:15:12,563 basehttp 28852 30936 "GET /api/learning-paths/ HTTP/1.1" 200 769
INFO 2025-07-29 16:15:12,564 basehttp 28852 17236 "GET /api/learning-paths/ HTTP/1.1" 200 769
INFO 2025-07-29 16:15:12,567 basehttp 28852 24612 "GET /api/learning-paths/ HTTP/1.1" 200 769
INFO 2025-07-29 16:15:12,584 basehttp 28852 27028 "GET /api/learning-paths/ HTTP/1.1" 200 769
INFO 2025-07-29 16:15:12,598 basehttp 28852 13444 "GET /api/learning-paths/ HTTP/1.1" 200 769
INFO 2025-07-29 16:15:12,618 basehttp 28852 31600 "GET /api/learning-paths/ HTTP/1.1" 200 769
INFO 2025-07-29 16:15:12,640 basehttp 28852 30936 "GET /api/learning-paths/ HTTP/1.1" 200 769
INFO 2025-07-29 16:15:12,642 basehttp 28852 17236 "GET /api/learning-paths/ HTTP/1.1" 200 769
INFO 2025-07-29 16:15:12,660 basehttp 28852 24612 "GET /api/learning-paths/ HTTP/1.1" 200 769
INFO 2025-07-29 16:15:12,673 basehttp 28852 13444 "GET /api/learning-paths/ HTTP/1.1" 200 769
INFO 2025-07-29 16:15:12,675 basehttp 28852 27028 "GET /api/learning-paths/ HTTP/1.1" 200 769
INFO 2025-07-29 16:15:12,696 basehttp 28852 31600 "GET /api/learning-paths/ HTTP/1.1" 200 769
INFO 2025-07-29 16:15:12,707 basehttp 28852 30936 "GET /api/learning-paths/ HTTP/1.1" 200 769
INFO 2025-07-29 16:15:12,722 basehttp 28852 17236 "GET /api/learning-paths/ HTTP/1.1" 200 769
INFO 2025-07-29 16:15:12,733 basehttp 28852 24612 "GET /api/learning-paths/ HTTP/1.1" 200 769
INFO 2025-07-29 16:15:12,752 basehttp 28852 27028 "GET /api/learning-paths/ HTTP/1.1" 200 769
INFO 2025-07-29 16:15:12,752 basehttp 28852 13444 "GET /api/learning-paths/ HTTP/1.1" 200 769
INFO 2025-07-29 16:15:12,769 basehttp 28852 31600 "GET /api/learning-paths/ HTTP/1.1" 200 769
INFO 2025-07-29 16:15:12,780 basehttp 28852 30936 "GET /api/learning-paths/ HTTP/1.1" 200 769
INFO 2025-07-29 16:15:12,790 basehttp 28852 17236 "GET /api/learning-paths/ HTTP/1.1" 200 769
INFO 2025-07-29 16:15:12,806 basehttp 28852 24612 "GET /api/learning-paths/ HTTP/1.1" 200 769
INFO 2025-07-29 16:15:12,878 basehttp 28852 13444 "GET /api/curated/videos/ HTTP/1.1" 200 23776
INFO 2025-07-29 16:15:12,915 basehttp 28852 27028 "GET /api/curated/videos/ HTTP/1.1" 200 23776
INFO 2025-07-29 16:15:12,916 basehttp 28852 31600 "GET /api/curated/videos/ HTTP/1.1" 200 23776
INFO 2025-07-29 16:15:12,922 basehttp 28852 17236 "GET /api/curated/videos/ HTTP/1.1" 200 23776
INFO 2025-07-29 16:15:12,928 basehttp 28852 30936 "GET /api/curated/videos/ HTTP/1.1" 200 23776
INFO 2025-07-29 16:15:12,956 basehttp 28852 24612 "GET /api/curated/videos/ HTTP/1.1" 200 23776
INFO 2025-07-29 16:15:12,962 basehttp 28852 13444 "GET /api/curated/videos/ HTTP/1.1" 200 23776
INFO 2025-07-29 16:15:13,038 basehttp 28852 27028 "GET /api/curated/videos/ HTTP/1.1" 200 23776
INFO 2025-07-29 16:15:13,084 basehttp 28852 13444 "GET /api/curated/videos/ HTTP/1.1" 200 23776
INFO 2025-07-29 16:15:13,103 basehttp 28852 17236 "GET /api/curated/videos/ HTTP/1.1" 200 23776
INFO 2025-07-29 16:15:13,105 basehttp 28852 30936 "GET /api/curated/videos/ HTTP/1.1" 200 23776
INFO 2025-07-29 16:15:13,107 basehttp 28852 31600 "GET /api/curated/videos/ HTTP/1.1" 200 23776
INFO 2025-07-29 16:15:13,145 basehttp 28852 24612 "GET /api/curated/videos/ HTTP/1.1" 200 23776
INFO 2025-07-29 16:15:13,192 basehttp 28852 27028 "GET /api/curated/videos/ HTTP/1.1" 200 23776
INFO 2025-07-29 16:15:13,284 basehttp 28852 13444 "GET /api/curated/videos/ HTTP/1.1" 200 23776
INFO 2025-07-29 16:15:13,348 basehttp 28852 30936 "GET /api/curated/videos/ HTTP/1.1" 200 23776
INFO 2025-07-29 16:15:13,348 basehttp 28852 17236 "GET /api/curated/videos/ HTTP/1.1" 200 23776
INFO 2025-07-29 16:15:13,349 basehttp 28852 31600 "GET /api/curated/videos/ HTTP/1.1" 200 23776
INFO 2025-07-29 16:15:13,396 basehttp 28852 13444 "GET /api/curated/videos/ HTTP/1.1" 200 23776
INFO 2025-07-29 16:15:13,416 basehttp 28852 24612 "GET /api/curated/videos/ HTTP/1.1" 200 23776
INFO 2025-07-29 16:15:13,429 basehttp 28852 30936 "GET /api/curated/videos/ HTTP/1.1" 200 23776
INFO 2025-07-29 16:15:13,442 basehttp 28852 17236 "GET /api/curated/videos/ HTTP/1.1" 200 23776
INFO 2025-07-29 16:15:13,450 basehttp 28852 27028 "GET /api/curated/videos/ HTTP/1.1" 200 23776
INFO 2025-07-29 16:15:13,495 basehttp 28852 31600 "GET /api/curated/videos/ HTTP/1.1" 200 23776
INFO 2025-07-29 16:15:13,497 basehttp 28852 13444 "GET /api/curated/videos/ HTTP/1.1" 200 23776
INFO 2025-07-29 16:15:13,541 basehttp 28852 24612 "GET /api/curated/videos/ HTTP/1.1" 200 23776
INFO 2025-07-29 16:15:13,559 basehttp 28852 30936 "GET /api/curated/videos/ HTTP/1.1" 200 23776
INFO 2025-07-29 16:15:13,564 basehttp 28852 27028 "GET /api/curated/videos/ HTTP/1.1" 200 23776
INFO 2025-07-29 16:15:13,572 basehttp 28852 17236 "GET /api/curated/videos/ HTTP/1.1" 200 23776
INFO 2025-07-29 16:15:13,600 basehttp 28852 31600 "GET /api/curated/videos/ HTTP/1.1" 200 23776
INFO 2025-07-29 16:15:13,614 basehttp 28852 13444 "GET /api/curated/videos/ HTTP/1.1" 200 23776
INFO 2025-07-29 16:15:13,635 basehttp 28852 24612 "GET /api/curated/videos/ HTTP/1.1" 200 23776
INFO 2025-07-29 16:15:13,647 basehttp 28852 30936 "GET /api/curated/videos/ HTTP/1.1" 200 23776
INFO 2025-07-29 16:15:13,674 basehttp 28852 31600 "GET /api/curated/videos/ HTTP/1.1" 200 23776
INFO 2025-07-29 16:15:13,674 basehttp 28852 17236 "GET /api/curated/videos/ HTTP/1.1" 200 23776
INFO 2025-07-29 16:15:13,674 basehttp 28852 27028 "GET /api/curated/videos/ HTTP/1.1" 200 23776
INFO 2025-07-29 16:15:13,694 basehttp 28852 13444 "GET /api/curated/videos/ HTTP/1.1" 200 23776
INFO 2025-07-29 16:15:13,711 basehttp 28852 24612 "GET /api/curated/videos/ HTTP/1.1" 200 23776
INFO 2025-07-29 16:15:13,718 basehttp 28852 30936 "GET /api/curated/videos/ HTTP/1.1" 200 23776
INFO 2025-07-29 16:15:13,863 basehttp 28852 31600 "GET /api/curated/videos/ HTTP/1.1" 200 23776
INFO 2025-07-29 16:15:13,869 basehttp 28852 13444 "GET /api/curated/videos/ HTTP/1.1" 200 23776
INFO 2025-07-29 16:15:13,898 basehttp 28852 24612 "GET /api/curated/videos/ HTTP/1.1" 200 23776
INFO 2025-07-29 16:15:13,915 basehttp 28852 27028 "GET /api/curated/videos/ HTTP/1.1" 200 23776
INFO 2025-07-29 16:15:13,916 basehttp 28852 17236 "GET /api/curated/videos/ HTTP/1.1" 200 23776
INFO 2025-07-29 16:15:13,944 basehttp 28852 30936 "GET /api/curated/videos/ HTTP/1.1" 200 23776
INFO 2025-07-29 16:15:13,962 basehttp 28852 31600 "GET /api/curated/videos/ HTTP/1.1" 200 23776
INFO 2025-07-29 16:15:13,990 basehttp 28852 13444 "GET /api/curated/videos/ HTTP/1.1" 200 23776
INFO 2025-07-29 16:15:13,991 basehttp 28852 24612 "GET /api/curated/videos/ HTTP/1.1" 200 23776
INFO 2025-07-29 16:15:14,003 basehttp 28852 27028 "GET /api/curated/videos/ HTTP/1.1" 200 23776
INFO 2025-07-29 16:15:14,034 basehttp 28852 17236 "GET /api/curated/videos/ HTTP/1.1" 200 23776
INFO 2025-07-29 16:15:14,055 basehttp 28852 30936 "GET /api/curated/videos/ HTTP/1.1" 200 23776
INFO 2025-07-29 16:15:14,056 basehttp 28852 31600 "GET /api/curated/videos/ HTTP/1.1" 200 23776
INFO 2025-07-29 16:15:14,094 basehttp 28852 13444 "GET /api/curated/videos/ HTTP/1.1" 200 23776
INFO 2025-07-29 16:15:14,112 basehttp 28852 24612 "GET /api/curated/videos/ HTTP/1.1" 200 23776
INFO 2025-07-29 16:15:14,129 basehttp 28852 27028 "GET /api/curated/videos/ HTTP/1.1" 200 23776
INFO 2025-07-29 16:15:14,148 basehttp 28852 30936 "GET /api/curated/videos/ HTTP/1.1" 200 23776
INFO 2025-07-29 16:15:14,154 basehttp 28852 17236 "GET /api/curated/videos/ HTTP/1.1" 200 23776
INFO 2025-07-29 16:15:14,154 basehttp 28852 31600 "GET /api/curated/videos/ HTTP/1.1" 200 23776
INFO 2025-07-29 16:15:14,180 basehttp 28852 13444 "GET /api/curated/videos/ HTTP/1.1" 200 23776
INFO 2025-07-29 16:15:14,208 basehttp 28852 24612 "GET /api/curated/videos/ HTTP/1.1" 200 23776
INFO 2025-07-29 16:15:14,210 basehttp 28852 27028 "GET /api/curated/videos/ HTTP/1.1" 200 23776
INFO 2025-07-29 16:15:14,239 basehttp 28852 30936 "GET /api/curated/videos/ HTTP/1.1" 200 23776
INFO 2025-07-29 16:15:14,260 basehttp 28852 31600 "GET /api/curated/videos/ HTTP/1.1" 200 23776
INFO 2025-07-29 16:15:14,260 basehttp 28852 17236 "GET /api/curated/videos/ HTTP/1.1" 200 23776
INFO 2025-07-29 16:15:14,270 basehttp 28852 13444 "GET /api/curated/videos/ HTTP/1.1" 200 23776
INFO 2025-07-29 16:15:14,289 basehttp 28852 24612 "GET /api/curated/videos/ HTTP/1.1" 200 23776
INFO 2025-07-29 16:15:14,298 basehttp 28852 27028 "GET /api/curated/videos/ HTTP/1.1" 200 23776
INFO 2025-07-29 16:15:14,312 basehttp 28852 30936 "GET /api/curated/videos/ HTTP/1.1" 200 23776
INFO 2025-07-29 16:15:14,349 basehttp 28852 31600 "GET /api/curated/videos/ HTTP/1.1" 200 23776
INFO 2025-07-29 16:15:14,362 basehttp 28852 17236 "GET /api/curated/videos/ HTTP/1.1" 200 23776
INFO 2025-07-29 16:15:14,375 basehttp 28852 13444 "GET /api/curated/videos/ HTTP/1.1" 200 23776
INFO 2025-07-29 16:15:14,390 basehttp 28852 24612 "GET /api/curated/videos/ HTTP/1.1" 200 23776
INFO 2025-07-29 16:15:14,391 basehttp 28852 27028 "GET /api/curated/videos/ HTTP/1.1" 200 23776
INFO 2025-07-29 16:15:14,407 basehttp 28852 30936 "GET /api/curated/videos/ HTTP/1.1" 200 23776
INFO 2025-07-29 16:15:14,425 basehttp 28852 31600 "GET /api/curated/videos/ HTTP/1.1" 200 23776
INFO 2025-07-29 16:15:14,437 basehttp 28852 17236 "GET /api/curated/videos/ HTTP/1.1" 200 23776
INFO 2025-07-29 16:15:14,449 basehttp 28852 13444 "GET /api/curated/videos/ HTTP/1.1" 200 23776
INFO 2025-07-29 16:15:14,461 basehttp 28852 24612 "GET /api/curated/videos/ HTTP/1.1" 200 23776
INFO 2025-07-29 16:15:14,475 basehttp 28852 27028 "GET /api/curated/videos/ HTTP/1.1" 200 23776
INFO 2025-07-29 16:15:14,477 basehttp 28852 30936 "GET /api/curated/videos/ HTTP/1.1" 200 23776
INFO 2025-07-29 16:15:14,500 basehttp 28852 31600 "GET /api/curated/videos/ HTTP/1.1" 200 23776
INFO 2025-07-29 16:15:14,514 basehttp 28852 17236 "GET /api/curated/videos/ HTTP/1.1" 200 23776
INFO 2025-07-29 16:15:14,526 basehttp 28852 13444 "GET /api/curated/videos/ HTTP/1.1" 200 23776
INFO 2025-07-29 16:15:14,553 basehttp 28852 24612 "GET /api/curated/videos/ HTTP/1.1" 200 23776
INFO 2025-07-29 16:15:14,554 basehttp 28852 27028 "GET /api/curated/videos/ HTTP/1.1" 200 23776
INFO 2025-07-29 16:15:14,562 basehttp 28852 30936 "GET /api/curated/videos/ HTTP/1.1" 200 23776
INFO 2025-07-29 16:15:14,578 basehttp 28852 31600 "GET /api/curated/videos/ HTTP/1.1" 200 23776
INFO 2025-07-29 16:15:14,596 basehttp 28852 13444 "GET /api/curated/videos/ HTTP/1.1" 200 23776
INFO 2025-07-29 16:15:14,597 basehttp 28852 17236 "GET /api/curated/videos/ HTTP/1.1" 200 23776
INFO 2025-07-29 16:15:14,623 basehttp 28852 24612 "GET /api/curated/videos/ HTTP/1.1" 200 23776
INFO 2025-07-29 16:15:14,635 basehttp 28852 27028 "GET /api/curated/videos/ HTTP/1.1" 200 23776
INFO 2025-07-29 16:15:14,643 basehttp 28852 30936 "GET /api/curated/videos/ HTTP/1.1" 200 23776
INFO 2025-07-29 16:15:14,658 basehttp 28852 31600 "GET /api/curated/videos/ HTTP/1.1" 200 23776
INFO 2025-07-29 16:15:14,680 basehttp 28852 13444 "GET /api/curated/videos/ HTTP/1.1" 200 23776
INFO 2025-07-29 16:15:14,681 basehttp 28852 17236 "GET /api/curated/videos/ HTTP/1.1" 200 23776
INFO 2025-07-29 16:15:14,697 basehttp 28852 24612 "GET /api/curated/videos/ HTTP/1.1" 200 23776
INFO 2025-07-29 16:15:14,707 basehttp 28852 27028 "GET /api/curated/videos/ HTTP/1.1" 200 23776
INFO 2025-07-29 16:15:14,717 basehttp 28852 30936 "GET /api/curated/videos/ HTTP/1.1" 200 23776
INFO 2025-07-29 16:15:14,737 basehttp 28852 31600 "GET /api/curated/videos/ HTTP/1.1" 200 23776
INFO 2025-07-29 16:15:14,751 basehttp 28852 13444 "GET /api/curated/videos/ HTTP/1.1" 200 23776
INFO 2025-07-29 16:15:14,780 basehttp 28852 17236 "GET /api/curated/videos/ HTTP/1.1" 200 23776
INFO 2025-07-29 16:15:14,780 basehttp 28852 27028 "GET /api/curated/videos/ HTTP/1.1" 200 23776
INFO 2025-07-29 16:15:14,781 basehttp 28852 24612 "GET /api/curated/videos/ HTTP/1.1" 200 23776
INFO 2025-07-29 16:15:14,794 basehttp 28852 30936 "GET /api/curated/videos/ HTTP/1.1" 200 23776
INFO 2025-07-29 16:15:14,827 basehttp 28852 31600 "GET /api/curated/videos/ HTTP/1.1" 200 23776
INFO 2025-07-29 16:15:14,843 basehttp 28852 13444 "GET /api/curated/videos/ HTTP/1.1" 200 23776
INFO 2025-07-29 16:15:14,855 basehttp 28852 17236 "GET /api/curated/videos/ HTTP/1.1" 200 23776
INFO 2025-07-29 16:15:14,877 basehttp 28852 30936 "GET /api/curated/videos/ HTTP/1.1" 200 23776
INFO 2025-07-29 16:15:14,878 basehttp 28852 27028 "GET /api/curated/videos/ HTTP/1.1" 200 23776
INFO 2025-07-29 16:15:14,898 basehttp 28852 24612 "GET /api/curated/videos/ HTTP/1.1" 200 23776
INFO 2025-07-29 16:15:14,904 basehttp 28852 31600 "GET /api/curated/videos/ HTTP/1.1" 200 23776
INFO 2025-07-29 16:15:14,922 basehttp 28852 13444 "GET /api/curated/videos/ HTTP/1.1" 200 23776
INFO 2025-07-29 16:15:14,940 basehttp 28852 17236 "GET /api/curated/videos/ HTTP/1.1" 200 23776
INFO 2025-07-29 16:15:14,961 basehttp 28852 30936 "GET /api/curated/videos/ HTTP/1.1" 200 23776
INFO 2025-07-29 16:15:14,962 basehttp 28852 27028 "GET /api/curated/videos/ HTTP/1.1" 200 23776
INFO 2025-07-29 16:15:14,990 basehttp 28852 24612 "GET /api/curated/videos/ HTTP/1.1" 200 23776
INFO 2025-07-29 16:15:14,991 basehttp 28852 31600 "GET /api/curated/videos/ HTTP/1.1" 200 23776
INFO 2025-07-29 16:15:15,017 basehttp 28852 17236 "GET /api/curated/videos/ HTTP/1.1" 200 23776
INFO 2025-07-29 16:15:15,018 basehttp 28852 13444 "GET /api/curated/videos/ HTTP/1.1" 200 23776
INFO 2025-07-29 16:15:15,036 basehttp 28852 30936 "GET /api/curated/videos/ HTTP/1.1" 200 23776
INFO 2025-07-29 16:15:15,047 basehttp 28852 27028 "GET /api/curated/videos/ HTTP/1.1" 200 23776
INFO 2025-07-29 16:15:15,060 basehttp 28852 24612 "GET /api/curated/videos/ HTTP/1.1" 200 23776
INFO 2025-07-29 16:15:15,087 basehttp 28852 31600 "GET /api/curated/videos/ HTTP/1.1" 200 23776
INFO 2025-07-29 16:15:15,093 basehttp 28852 13444 "GET /api/curated/videos/ HTTP/1.1" 200 23776
INFO 2025-07-29 16:15:15,113 basehttp 28852 17236 "GET /api/curated/videos/ HTTP/1.1" 200 23776
INFO 2025-07-29 16:15:15,121 basehttp 28852 30936 "GET /api/curated/videos/ HTTP/1.1" 200 23776
INFO 2025-07-29 16:15:15,138 basehttp 28852 27028 "GET /api/curated/videos/ HTTP/1.1" 200 23776
INFO 2025-07-29 16:15:15,139 basehttp 28852 24612 "GET /api/curated/videos/ HTTP/1.1" 200 23776
INFO 2025-07-29 16:15:15,160 basehttp 28852 31600 "GET /api/curated/videos/ HTTP/1.1" 200 23776
INFO 2025-07-29 16:15:15,178 basehttp 28852 17236 "GET /api/curated/videos/ HTTP/1.1" 200 23776
INFO 2025-07-29 16:15:15,179 basehttp 28852 13444 "GET /api/curated/videos/ HTTP/1.1" 200 23776
INFO 2025-07-29 16:15:15,201 basehttp 28852 30936 "GET /api/curated/videos/ HTTP/1.1" 200 23776
INFO 2025-07-29 16:15:15,225 basehttp 28852 27028 "GET /api/curated/videos/ HTTP/1.1" 200 23776
INFO 2025-07-29 16:15:15,235 basehttp 28852 24612 "GET /api/curated/videos/ HTTP/1.1" 200 23776
INFO 2025-07-29 16:15:15,241 basehttp 28852 31600 "GET /api/curated/videos/ HTTP/1.1" 200 23776
INFO 2025-07-29 16:15:15,259 basehttp 28852 13444 "GET /api/curated/videos/ HTTP/1.1" 200 23776
INFO 2025-07-29 16:15:15,261 basehttp 28852 17236 "GET /api/curated/videos/ HTTP/1.1" 200 23776
INFO 2025-07-29 16:15:15,281 basehttp 28852 30936 "GET /api/curated/videos/ HTTP/1.1" 200 23776
INFO 2025-07-29 16:15:15,303 basehttp 28852 27028 "GET /api/curated/videos/ HTTP/1.1" 200 23776
INFO 2025-07-29 16:15:15,328 basehttp 28852 24612 "GET /api/curated/videos/ HTTP/1.1" 200 23776
INFO 2025-07-29 16:15:15,334 basehttp 28852 31600 "GET /api/curated/videos/ HTTP/1.1" 200 23776
INFO 2025-07-29 16:15:15,336 basehttp 28852 13444 "GET /api/curated/videos/ HTTP/1.1" 200 23776
INFO 2025-07-29 16:15:15,348 basehttp 28852 17236 "GET /api/curated/videos/ HTTP/1.1" 200 23776
INFO 2025-07-29 16:15:15,375 basehttp 28852 30936 "GET /api/curated/videos/ HTTP/1.1" 200 23776
INFO 2025-07-29 16:15:15,389 basehttp 28852 27028 "GET /api/curated/videos/ HTTP/1.1" 200 23776
INFO 2025-07-29 16:15:15,414 basehttp 28852 24612 "GET /api/curated/videos/ HTTP/1.1" 200 23776
INFO 2025-07-29 16:15:15,429 basehttp 28852 31600 "GET /api/curated/videos/ HTTP/1.1" 200 23776
INFO 2025-07-29 16:15:15,443 basehttp 28852 17236 "GET /api/curated/videos/ HTTP/1.1" 200 23776
INFO 2025-07-29 16:15:15,473 basehttp 28852 13444 "GET /api/curated/videos/ HTTP/1.1" 200 23776
INFO 2025-07-29 16:15:15,474 basehttp 28852 27028 "GET /api/curated/videos/ HTTP/1.1" 200 23776
INFO 2025-07-29 16:15:15,474 basehttp 28852 30936 "GET /api/curated/videos/ HTTP/1.1" 200 23776
INFO 2025-07-29 16:15:15,508 basehttp 28852 31600 "GET /api/curated/videos/ HTTP/1.1" 200 23776
INFO 2025-07-29 16:15:15,508 basehttp 28852 24612 "GET /api/curated/videos/ HTTP/1.1" 200 23776
INFO 2025-07-29 16:15:15,537 basehttp 28852 17236 "GET /api/curated/videos/ HTTP/1.1" 200 23776
INFO 2025-07-29 16:15:15,562 basehttp 28852 13444 "GET /api/curated/videos/ HTTP/1.1" 200 23776
INFO 2025-07-29 16:15:15,593 basehttp 28852 27028 "GET /api/curated/videos/ HTTP/1.1" 200 23776
INFO 2025-07-29 16:15:15,593 basehttp 28852 30936 "GET /api/curated/videos/ HTTP/1.1" 200 23776
INFO 2025-07-29 16:15:15,595 basehttp 28852 31600 "GET /api/curated/videos/ HTTP/1.1" 200 23776
INFO 2025-07-29 16:15:15,596 basehttp 28852 24612 "GET /api/curated/videos/ HTTP/1.1" 200 23776
INFO 2025-07-29 16:15:15,635 basehttp 28852 17236 "GET /api/curated/videos/ HTTP/1.1" 200 23776
INFO 2025-07-29 16:15:15,636 basehttp 28852 13444 "GET /api/curated/videos/ HTTP/1.1" 200 23776
INFO 2025-07-29 16:15:15,665 basehttp 28852 27028 "GET /api/curated/videos/ HTTP/1.1" 200 23776
INFO 2025-07-29 16:15:15,688 basehttp 28852 30936 "GET /api/curated/videos/ HTTP/1.1" 200 23776
INFO 2025-07-29 16:15:15,697 basehttp 28852 31600 "GET /api/curated/videos/ HTTP/1.1" 200 23776
INFO 2025-07-29 16:15:15,733 basehttp 28852 17236 "GET /api/curated/videos/ HTTP/1.1" 200 23776
INFO 2025-07-29 16:15:15,737 basehttp 28852 24612 "GET /api/curated/videos/ HTTP/1.1" 200 23776
INFO 2025-07-29 16:15:15,745 basehttp 28852 13444 "GET /api/curated/videos/ HTTP/1.1" 200 23776
INFO 2025-07-29 16:15:15,745 basehttp 28852 27028 "GET /api/curated/videos/ HTTP/1.1" 200 23776
INFO 2025-07-29 16:15:15,776 basehttp 28852 30936 "GET /api/curated/videos/ HTTP/1.1" 200 23776
INFO 2025-07-29 16:15:15,816 basehttp 28852 17236 "GET /api/curated/videos/ HTTP/1.1" 200 23776
INFO 2025-07-29 16:15:15,817 basehttp 28852 31600 "GET /api/curated/videos/ HTTP/1.1" 200 23776
INFO 2025-07-29 16:15:15,841 basehttp 28852 27028 "GET /api/curated/videos/ HTTP/1.1" 200 23776
INFO 2025-07-29 16:15:15,855 basehttp 28852 13444 "GET /api/curated/videos/ HTTP/1.1" 200 23776
INFO 2025-07-29 16:15:15,857 basehttp 28852 24612 "GET /api/curated/videos/ HTTP/1.1" 200 23776
INFO 2025-07-29 16:15:15,864 basehttp 28852 30936 "GET /api/curated/videos/ HTTP/1.1" 200 23776
INFO 2025-07-29 16:15:15,915 basehttp 28852 17236 "GET /api/curated/videos/ HTTP/1.1" 200 23776
INFO 2025-07-29 16:15:15,944 basehttp 28852 31600 "GET /api/curated/videos/ HTTP/1.1" 200 23776
INFO 2025-07-29 16:15:15,968 basehttp 28852 13444 "GET /api/curated/videos/ HTTP/1.1" 200 23776
INFO 2025-07-29 16:15:15,974 basehttp 28852 27028 "GET /api/curated/videos/ HTTP/1.1" 200 23776
INFO 2025-07-29 16:15:15,982 basehttp 28852 24612 "GET /api/curated/videos/ HTTP/1.1" 200 23776
INFO 2025-07-29 16:15:16,028 basehttp 28852 30936 "GET /api/curated/videos/ HTTP/1.1" 200 23776
INFO 2025-07-29 16:15:16,035 basehttp 28852 17236 "GET /api/curated/videos/ HTTP/1.1" 200 23776
INFO 2025-07-29 16:15:16,051 basehttp 28852 31600 "GET /api/curated/videos/ HTTP/1.1" 200 23776
INFO 2025-07-29 16:15:16,061 basehttp 28852 13444 "GET /api/curated/videos/ HTTP/1.1" 200 23776
INFO 2025-07-29 16:15:16,062 basehttp 28852 27028 "GET /api/curated/videos/ HTTP/1.1" 200 23776
INFO 2025-07-29 16:15:16,069 basehttp 28852 24612 "GET /api/curated/videos/ HTTP/1.1" 200 23776
INFO 2025-07-29 16:15:16,115 basehttp 28852 30936 "GET /api/curated/videos/ HTTP/1.1" 200 23776
INFO 2025-07-29 16:15:16,158 basehttp 28852 17236 "GET /api/curated/videos/ HTTP/1.1" 200 23776
INFO 2025-07-29 16:15:16,196 basehttp 28852 31600 "GET /api/curated/videos/ HTTP/1.1" 200 23776
INFO 2025-07-29 16:15:16,339 basehttp 28852 13444 "GET /api/curated/videos/ HTTP/1.1" 200 23776
INFO 2025-07-29 16:15:16,346 basehttp 28852 27028 "GET /api/curated/videos/ HTTP/1.1" 200 23776
INFO 2025-07-29 16:15:16,429 basehttp 28852 24612 "GET /api/curated/videos/ HTTP/1.1" 200 23776
INFO 2025-07-29 16:15:16,640 basehttp 28852 30936 "GET /api/curated/videos/ HTTP/1.1" 200 23776
INFO 2025-07-29 16:18:21,656 autoreload 2104 11376 Watching for file changes with StatReloader
WARNING 2025-07-29 16:18:31,219 log 2104 29100 Not Found: /api/learning-paths/recommended/
WARNING 2025-07-29 16:18:31,228 basehttp 2104 29100 "GET /api/learning-paths/recommended/?user_level=beginner HTTP/1.1" 404 35
WARNING 2025-07-29 16:18:31,281 log 2104 27160 Not Found: /api/learning-paths/recommended/
WARNING 2025-07-29 16:18:31,283 basehttp 2104 27160 "GET /api/learning-paths/recommended/?user_level=beginner HTTP/1.1" 404 35
INFO 2025-07-29 16:18:31,340 basehttp 2104 27548 "GET /api/curated/videos/ HTTP/1.1" 200 23776
WARNING 2025-07-29 16:18:31,365 log 2104 31488 Not Found: /api/learning-paths/recommended/
WARNING 2025-07-29 16:18:31,369 basehttp 2104 31488 "GET /api/learning-paths/recommended/?user_level=beginner HTTP/1.1" 404 35
INFO 2025-07-29 16:18:31,405 basehttp 2104 29100 "GET /api/learning-paths/ HTTP/1.1" 200 769
INFO 2025-07-29 16:18:31,473 basehttp 2104 27160 "GET /api/curated/videos/ HTTP/1.1" 200 23776
WARNING 2025-07-29 16:18:31,478 log 2104 27160 Not Found: /api/learning-paths/recommended/
WARNING 2025-07-29 16:18:31,480 basehttp 2104 27160 "GET /api/learning-paths/recommended/?user_level=beginner HTTP/1.1" 404 35
INFO 2025-07-29 16:18:31,542 basehttp 2104 27548 "GET /api/learning-paths/ HTTP/1.1" 200 769
INFO 2025-07-29 16:18:31,610 basehttp 2104 31488 "GET /api/curated/videos/ HTTP/1.1" 200 23776
WARNING 2025-07-29 16:18:31,618 log 2104 31488 Not Found: /api/learning-paths/recommended/
WARNING 2025-07-29 16:18:31,620 basehttp 2104 31488 "GET /api/learning-paths/recommended/?user_level=beginner HTTP/1.1" 404 35
INFO 2025-07-29 16:18:31,638 basehttp 2104 23672 "GET /api/learning-paths/ HTTP/1.1" 200 769
INFO 2025-07-29 16:18:31,678 basehttp 2104 27548 "GET /api/learning-paths/ HTTP/1.1" 200 769
WARNING 2025-07-29 16:18:31,685 log 2104 27548 Not Found: /api/learning-paths/recommended/
WARNING 2025-07-29 16:18:31,686 basehttp 2104 27548 "GET /api/learning-paths/recommended/?user_level=beginner HTTP/1.1" 404 35
INFO 2025-07-29 16:18:31,720 basehttp 2104 20544 "GET /api/curated/videos/ HTTP/1.1" 200 23776
INFO 2025-07-29 16:18:31,740 basehttp 2104 23672 "GET /api/learning-paths/ HTTP/1.1" 200 769
WARNING 2025-07-29 16:18:31,746 log 2104 23672 Not Found: /api/learning-paths/recommended/
WARNING 2025-07-29 16:18:31,747 basehttp 2104 23672 "GET /api/learning-paths/recommended/?user_level=beginner HTTP/1.1" 404 35
INFO 2025-07-29 16:18:31,777 basehttp 2104 31488 "GET /api/curated/videos/ HTTP/1.1" 200 23776
INFO 2025-07-29 16:18:31,800 basehttp 2104 27548 "GET /api/curated/videos/ HTTP/1.1" 200 23776
INFO 2025-07-29 16:18:31,811 basehttp 2104 20544 "GET /api/learning-paths/ HTTP/1.1" 200 769
WARNING 2025-07-29 16:18:31,812 log 2104 27548 Not Found: /api/learning-paths/recommended/
WARNING 2025-07-29 16:18:31,816 basehttp 2104 27548 "GET /api/learning-paths/recommended/?user_level=beginner HTTP/1.1" 404 35
INFO 2025-07-29 16:18:31,844 basehttp 2104 23672 "GET /api/curated/videos/ HTTP/1.1" 200 23776
WARNING 2025-07-29 16:18:31,852 log 2104 23672 Not Found: /api/learning-paths/recommended/
WARNING 2025-07-29 16:18:31,855 basehttp 2104 23672 "GET /api/learning-paths/recommended/?user_level=beginner HTTP/1.1" 404 35
INFO 2025-07-29 16:18:31,871 basehttp 2104 31488 "GET /api/learning-paths/ HTTP/1.1" 200 769
INFO 2025-07-29 16:18:31,891 basehttp 2104 20544 "GET /api/curated/videos/ HTTP/1.1" 200 23776
INFO 2025-07-29 16:18:31,902 basehttp 2104 27548 "GET /api/learning-paths/ HTTP/1.1" 200 769
WARNING 2025-07-29 16:18:31,903 log 2104 20544 Not Found: /api/learning-paths/recommended/
WARNING 2025-07-29 16:18:31,916 basehttp 2104 20544 "GET /api/learning-paths/recommended/?user_level=beginner HTTP/1.1" 404 35
INFO 2025-07-29 16:18:31,944 basehttp 2104 23672 "GET /api/curated/videos/ HTTP/1.1" 200 23776
WARNING 2025-07-29 16:18:31,952 log 2104 23672 Not Found: /api/learning-paths/recommended/
INFO 2025-07-29 16:18:31,957 basehttp 2104 31488 "GET /api/learning-paths/ HTTP/1.1" 200 769
WARNING 2025-07-29 16:18:31,959 basehttp 2104 23672 "GET /api/learning-paths/recommended/?user_level=beginner HTTP/1.1" 404 35
INFO 2025-07-29 16:18:31,983 basehttp 2104 27548 "GET /api/curated/videos/ HTTP/1.1" 200 23776
WARNING 2025-07-29 16:18:31,996 log 2104 27548 Not Found: /api/learning-paths/recommended/
WARNING 2025-07-29 16:18:31,998 basehttp 2104 27548 "GET /api/learning-paths/recommended/?user_level=beginner HTTP/1.1" 404 35
INFO 2025-07-29 16:18:32,013 basehttp 2104 29100 "GET /api/learning-paths/ HTTP/1.1" 200 769
INFO 2025-07-29 16:18:32,040 basehttp 2104 31488 "GET /api/curated/videos/ HTTP/1.1" 200 23776
INFO 2025-07-29 16:18:32,046 basehttp 2104 23672 "GET /api/learning-paths/ HTTP/1.1" 200 769
INFO 2025-07-29 16:18:32,060 basehttp 2104 27160 "GET /api/curated/videos/ HTTP/1.1" 200 23776
WARNING 2025-07-29 16:18:32,063 log 2104 31488 Not Found: /api/learning-paths/recommended/
WARNING 2025-07-29 16:18:32,072 basehttp 2104 31488 "GET /api/learning-paths/recommended/?user_level=beginner HTTP/1.1" 404 35
WARNING 2025-07-29 16:18:32,092 log 2104 31488 Not Found: /api/learning-paths/recommended/
INFO 2025-07-29 16:18:32,094 basehttp 2104 27548 "GET /api/curated/videos/ HTTP/1.1" 200 23776
WARNING 2025-07-29 16:18:32,096 basehttp 2104 31488 "GET /api/learning-paths/recommended/?user_level=beginner HTTP/1.1" 404 35
INFO 2025-07-29 16:18:32,115 basehttp 2104 29100 "GET /api/learning-paths/ HTTP/1.1" 200 769
WARNING 2025-07-29 16:18:32,132 log 2104 29100 Not Found: /api/learning-paths/recommended/
INFO 2025-07-29 16:18:32,138 basehttp 2104 23672 "GET /api/curated/videos/ HTTP/1.1" 200 23776
WARNING 2025-07-29 16:18:32,139 basehttp 2104 29100 "GET /api/learning-paths/recommended/?user_level=beginner HTTP/1.1" 404 35
INFO 2025-07-29 16:18:32,140 basehttp 2104 27160 "GET /api/learning-paths/ HTTP/1.1" 200 769
WARNING 2025-07-29 16:18:32,171 log 2104 29100 Not Found: /api/learning-paths/recommended/
WARNING 2025-07-29 16:18:32,174 basehttp 2104 29100 "GET /api/learning-paths/recommended/?user_level=beginner HTTP/1.1" 404 35
INFO 2025-07-29 16:18:32,183 basehttp 2104 31488 "GET /api/learning-paths/ HTTP/1.1" 200 769
INFO 2025-07-29 16:18:32,225 basehttp 2104 23672 "GET /api/curated/videos/ HTTP/1.1" 200 23776
INFO 2025-07-29 16:18:32,227 basehttp 2104 27160 "GET /api/learning-paths/ HTTP/1.1" 200 769
INFO 2025-07-29 16:18:32,255 basehttp 2104 27548 "GET /api/curated/videos/ HTTP/1.1" 200 23776
WARNING 2025-07-29 16:18:32,257 log 2104 27160 Not Found: /api/learning-paths/recommended/
INFO 2025-07-29 16:18:32,276 basehttp 2104 31488 "GET /api/learning-paths/ HTTP/1.1" 200 769
INFO 2025-07-29 16:18:32,276 basehttp 2104 29100 "GET /api/curated/videos/ HTTP/1.1" 200 23776
WARNING 2025-07-29 16:18:32,280 basehttp 2104 27160 "GET /api/learning-paths/recommended/?user_level=beginner HTTP/1.1" 404 35
WARNING 2025-07-29 16:18:32,307 log 2104 31488 Not Found: /api/learning-paths/recommended/
WARNING 2025-07-29 16:18:32,311 basehttp 2104 31488 "GET /api/learning-paths/recommended/?user_level=beginner HTTP/1.1" 404 35
WARNING 2025-07-29 16:18:32,330 log 2104 31488 Not Found: /api/learning-paths/recommended/
INFO 2025-07-29 16:18:32,337 basehttp 2104 23672 "GET /api/curated/videos/ HTTP/1.1" 200 23776
WARNING 2025-07-29 16:18:32,338 basehttp 2104 31488 "GET /api/learning-paths/recommended/?user_level=beginner HTTP/1.1" 404 35
INFO 2025-07-29 16:18:32,340 basehttp 2104 27548 "GET /api/learning-paths/ HTTP/1.1" 200 769
INFO 2025-07-29 16:18:32,385 basehttp 2104 20544 "GET /api/learning-paths/ HTTP/1.1" 200 769
WARNING 2025-07-29 16:18:32,392 log 2104 31488 Not Found: /api/learning-paths/recommended/
INFO 2025-07-29 16:18:32,405 basehttp 2104 29100 "GET /api/learning-paths/ HTTP/1.1" 200 769
INFO 2025-07-29 16:18:32,407 basehttp 2104 27160 "GET /api/curated/videos/ HTTP/1.1" 200 23776
WARNING 2025-07-29 16:18:32,428 basehttp 2104 31488 "GET /api/learning-paths/recommended/?user_level=beginner HTTP/1.1" 404 35
INFO 2025-07-29 16:18:32,438 basehttp 2104 23672 "GET /api/curated/videos/ HTTP/1.1" 200 23776
WARNING 2025-07-29 16:18:32,450 log 2104 27160 Not Found: /api/learning-paths/recommended/
INFO 2025-07-29 16:18:32,452 basehttp 2104 27548 "GET /api/learning-paths/ HTTP/1.1" 200 769
WARNING 2025-07-29 16:18:32,472 basehttp 2104 27160 "GET /api/learning-paths/recommended/?user_level=beginner HTTP/1.1" 404 35
WARNING 2025-07-29 16:18:32,478 log 2104 27548 Not Found: /api/learning-paths/recommended/
INFO 2025-07-29 16:18:32,490 basehttp 2104 20544 "GET /api/curated/videos/ HTTP/1.1" 200 23776
INFO 2025-07-29 16:18:32,490 basehttp 2104 29100 "GET /api/learning-paths/ HTTP/1.1" 200 769
WARNING 2025-07-29 16:18:32,492 basehttp 2104 27548 "GET /api/learning-paths/recommended/?user_level=beginner HTTP/1.1" 404 35
WARNING 2025-07-29 16:18:32,530 log 2104 29100 Not Found: /api/learning-paths/recommended/
INFO 2025-07-29 16:18:32,535 basehttp 2104 31488 "GET /api/curated/videos/ HTTP/1.1" 200 23776
INFO 2025-07-29 16:18:32,537 basehttp 2104 23672 "GET /api/learning-paths/ HTTP/1.1" 200 769
WARNING 2025-07-29 16:18:32,538 basehttp 2104 29100 "GET /api/learning-paths/recommended/?user_level=beginner HTTP/1.1" 404 35
WARNING 2025-07-29 16:18:32,571 log 2104 23672 Not Found: /api/learning-paths/recommended/
INFO 2025-07-29 16:18:32,579 basehttp 2104 20544 "GET /api/learning-paths/ HTTP/1.1" 200 769
INFO 2025-07-29 16:18:32,583 basehttp 2104 27160 "GET /api/curated/videos/ HTTP/1.1" 200 23776
WARNING 2025-07-29 16:18:32,587 basehttp 2104 23672 "GET /api/learning-paths/recommended/?user_level=beginner HTTP/1.1" 404 35
INFO 2025-07-29 16:18:32,620 basehttp 2104 27548 "GET /api/curated/videos/ HTTP/1.1" 200 23776
WARNING 2025-07-29 16:18:32,624 log 2104 20544 Not Found: /api/learning-paths/recommended/
INFO 2025-07-29 16:18:32,628 basehttp 2104 31488 "GET /api/learning-paths/ HTTP/1.1" 200 769
WARNING 2025-07-29 16:18:32,630 basehttp 2104 20544 "GET /api/learning-paths/recommended/?user_level=beginner HTTP/1.1" 404 35
WARNING 2025-07-29 16:18:32,641 log 2104 31488 Not Found: /api/learning-paths/recommended/
INFO 2025-07-29 16:18:32,645 basehttp 2104 29100 "GET /api/curated/videos/ HTTP/1.1" 200 23776
WARNING 2025-07-29 16:18:32,645 basehttp 2104 31488 "GET /api/learning-paths/recommended/?user_level=beginner HTTP/1.1" 404 35
WARNING 2025-07-29 16:18:32,655 log 2104 31488 Not Found: /api/learning-paths/recommended/
WARNING 2025-07-29 16:18:32,657 basehttp 2104 31488 "GET /api/learning-paths/recommended/?user_level=beginner HTTP/1.1" 404 35
INFO 2025-07-29 16:18:32,671 basehttp 2104 27160 "GET /api/learning-paths/ HTTP/1.1" 200 769
INFO 2025-07-29 16:18:32,683 basehttp 2104 23672 "GET /api/curated/videos/ HTTP/1.1" 200 23776
WARNING 2025-07-29 16:18:32,689 log 2104 23672 Not Found: /api/learning-paths/recommended/
WARNING 2025-07-29 16:18:32,690 basehttp 2104 23672 "GET /api/learning-paths/recommended/?user_level=beginner HTTP/1.1" 404 35
INFO 2025-07-29 16:18:32,709 basehttp 2104 20544 "GET /api/curated/videos/ HTTP/1.1" 200 23776
INFO 2025-07-29 16:18:32,718 basehttp 2104 29100 "GET /api/learning-paths/ HTTP/1.1" 200 769
INFO 2025-07-29 16:18:32,719 basehttp 2104 27548 "GET /api/learning-paths/ HTTP/1.1" 200 769
INFO 2025-07-29 16:18:32,728 basehttp 2104 31488 "GET /api/curated/videos/ HTTP/1.1" 200 23776
WARNING 2025-07-29 16:18:32,734 log 2104 29100 Not Found: /api/learning-paths/recommended/
INFO 2025-07-29 16:18:32,740 basehttp 2104 27160 "GET /api/learning-paths/ HTTP/1.1" 200 769
WARNING 2025-07-29 16:18:32,740 basehttp 2104 29100 "GET /api/learning-paths/recommended/?user_level=beginner HTTP/1.1" 404 35
WARNING 2025-07-29 16:18:32,750 log 2104 27160 Not Found: /api/learning-paths/recommended/
WARNING 2025-07-29 16:18:32,751 basehttp 2104 27160 "GET /api/learning-paths/recommended/?user_level=beginner HTTP/1.1" 404 35
INFO 2025-07-29 16:18:32,767 basehttp 2104 23672 "GET /api/curated/videos/ HTTP/1.1" 200 23776
WARNING 2025-07-29 16:18:32,773 log 2104 23672 Not Found: /api/learning-paths/recommended/
WARNING 2025-07-29 16:18:32,774 basehttp 2104 23672 "GET /api/learning-paths/recommended/?user_level=beginner HTTP/1.1" 404 35
INFO 2025-07-29 16:18:32,788 basehttp 2104 20544 "GET /api/learning-paths/ HTTP/1.1" 200 769
INFO 2025-07-29 16:18:32,802 basehttp 2104 27548 "GET /api/curated/videos/ HTTP/1.1" 200 23776
WARNING 2025-07-29 16:18:32,808 log 2104 27548 Not Found: /api/learning-paths/recommended/
INFO 2025-07-29 16:18:32,809 basehttp 2104 31488 "GET /api/learning-paths/ HTTP/1.1" 200 769
WARNING 2025-07-29 16:18:32,811 basehttp 2104 27548 "GET /api/learning-paths/recommended/?user_level=beginner HTTP/1.1" 404 35
INFO 2025-07-29 16:18:32,825 basehttp 2104 29100 "GET /api/curated/videos/ HTTP/1.1" 200 23776
INFO 2025-07-29 16:18:32,826 basehttp 2104 27160 "GET /api/learning-paths/ HTTP/1.1" 200 769
WARNING 2025-07-29 16:18:32,836 log 2104 29100 Not Found: /api/learning-paths/recommended/
WARNING 2025-07-29 16:18:32,838 basehttp 2104 29100 "GET /api/learning-paths/recommended/?user_level=beginner HTTP/1.1" 404 35
INFO 2025-07-29 16:18:32,850 basehttp 2104 23672 "GET /api/curated/videos/ HTTP/1.1" 200 23776
WARNING 2025-07-29 16:18:32,857 log 2104 23672 Not Found: /api/learning-paths/recommended/
INFO 2025-07-29 16:18:32,857 basehttp 2104 20544 "GET /api/learning-paths/ HTTP/1.1" 200 769
WARNING 2025-07-29 16:18:32,863 basehttp 2104 23672 "GET /api/learning-paths/recommended/?user_level=beginner HTTP/1.1" 404 35
INFO 2025-07-29 16:18:32,895 basehttp 2104 27548 "GET /api/learning-paths/ HTTP/1.1" 200 769
WARNING 2025-07-29 16:18:32,906 log 2104 27548 Not Found: /api/learning-paths/recommended/
INFO 2025-07-29 16:18:32,907 basehttp 2104 27160 "GET /api/curated/videos/ HTTP/1.1" 200 23776
WARNING 2025-07-29 16:18:32,910 basehttp 2104 27548 "GET /api/learning-paths/recommended/?user_level=beginner HTTP/1.1" 404 35
INFO 2025-07-29 16:18:32,922 basehttp 2104 29100 "GET /api/learning-paths/ HTTP/1.1" 200 769
WARNING 2025-07-29 16:18:32,927 log 2104 29100 Not Found: /api/learning-paths/recommended/
WARNING 2025-07-29 16:18:32,929 basehttp 2104 29100 "GET /api/learning-paths/recommended/?user_level=beginner HTTP/1.1" 404 35
INFO 2025-07-29 16:18:32,938 basehttp 2104 20544 "GET /api/curated/videos/ HTTP/1.1" 200 23776
INFO 2025-07-29 16:18:32,939 basehttp 2104 23672 "GET /api/learning-paths/ HTTP/1.1" 200 769
WARNING 2025-07-29 16:18:32,948 log 2104 23672 Not Found: /api/learning-paths/recommended/
WARNING 2025-07-29 16:18:32,950 basehttp 2104 23672 "GET /api/learning-paths/recommended/?user_level=beginner HTTP/1.1" 404 35
INFO 2025-07-29 16:18:32,966 basehttp 2104 31488 "GET /api/curated/videos/ HTTP/1.1" 200 23776
INFO 2025-07-29 16:18:32,984 basehttp 2104 27160 "GET /api/curated/videos/ HTTP/1.1" 200 23776
WARNING 2025-07-29 16:18:32,992 log 2104 27160 Not Found: /api/learning-paths/recommended/
INFO 2025-07-29 16:18:32,992 basehttp 2104 27548 "GET /api/learning-paths/ HTTP/1.1" 200 769
WARNING 2025-07-29 16:18:32,993 basehttp 2104 27160 "GET /api/learning-paths/recommended/?user_level=beginner HTTP/1.1" 404 35
INFO 2025-07-29 16:18:33,024 basehttp 2104 20544 "GET /api/learning-paths/ HTTP/1.1" 200 769
INFO 2025-07-29 16:18:33,034 basehttp 2104 29100 "GET /api/curated/videos/ HTTP/1.1" 200 23776
INFO 2025-07-29 16:18:33,044 basehttp 2104 23672 "GET /api/curated/videos/ HTTP/1.1" 200 23776
INFO 2025-07-29 16:18:33,044 basehttp 2104 31488 "GET /api/learning-paths/ HTTP/1.1" 200 769
WARNING 2025-07-29 16:18:33,053 log 2104 20544 Not Found: /api/learning-paths/recommended/
WARNING 2025-07-29 16:18:33,075 log 2104 31488 Not Found: /api/learning-paths/recommended/
INFO 2025-07-29 16:18:33,077 basehttp 2104 27548 "GET /api/curated/videos/ HTTP/1.1" 200 23776
WARNING 2025-07-29 16:18:33,081 basehttp 2104 20544 "GET /api/learning-paths/recommended/?user_level=beginner HTTP/1.1" 404 35
INFO 2025-07-29 16:18:33,093 basehttp 2104 27160 "GET /api/learning-paths/ HTTP/1.1" 200 769
WARNING 2025-07-29 16:18:33,103 basehttp 2104 31488 "GET /api/learning-paths/recommended/?user_level=beginner HTTP/1.1" 404 35
WARNING 2025-07-29 16:18:33,135 log 2104 31488 Not Found: /api/learning-paths/recommended/
INFO 2025-07-29 16:18:33,136 basehttp 2104 29100 "GET /api/curated/videos/ HTTP/1.1" 200 23776
INFO 2025-07-29 16:18:33,136 basehttp 2104 23672 "GET /api/learning-paths/ HTTP/1.1" 200 769
WARNING 2025-07-29 16:18:33,139 basehttp 2104 31488 "GET /api/learning-paths/recommended/?user_level=beginner HTTP/1.1" 404 35
WARNING 2025-07-29 16:18:33,177 log 2104 29100 Not Found: /api/learning-paths/recommended/
INFO 2025-07-29 16:18:33,184 basehttp 2104 20544 "GET /api/learning-paths/ HTTP/1.1" 200 769
INFO 2025-07-29 16:18:33,185 basehttp 2104 27548 "GET /api/curated/videos/ HTTP/1.1" 200 23776
WARNING 2025-07-29 16:18:33,199 basehttp 2104 29100 "GET /api/learning-paths/recommended/?user_level=beginner HTTP/1.1" 404 35
INFO 2025-07-29 16:18:33,207 basehttp 2104 27160 "GET /api/curated/videos/ HTTP/1.1" 200 23776
WARNING 2025-07-29 16:18:33,221 log 2104 20544 Not Found: /api/learning-paths/recommended/
INFO 2025-07-29 16:18:33,257 basehttp 2104 23672 "GET /api/learning-paths/ HTTP/1.1" 200 769
INFO 2025-07-29 16:18:33,258 basehttp 2104 31488 "GET /api/curated/videos/ HTTP/1.1" 200 23776
WARNING 2025-07-29 16:18:33,259 basehttp 2104 20544 "GET /api/learning-paths/recommended/?user_level=beginner HTTP/1.1" 404 35
WARNING 2025-07-29 16:18:33,289 log 2104 23672 Not Found: /api/learning-paths/recommended/
INFO 2025-07-29 16:18:33,297 basehttp 2104 27548 "GET /api/learning-paths/ HTTP/1.1" 200 769
INFO 2025-07-29 16:18:33,324 basehttp 2104 27160 "GET /api/learning-paths/ HTTP/1.1" 200 769
INFO 2025-07-29 16:18:33,326 basehttp 2104 29100 "GET /api/curated/videos/ HTTP/1.1" 200 23776
WARNING 2025-07-29 16:18:33,331 basehttp 2104 23672 "GET /api/learning-paths/recommended/?user_level=beginner HTTP/1.1" 404 35
WARNING 2025-07-29 16:18:33,370 log 2104 27548 Not Found: /api/learning-paths/recommended/
INFO 2025-07-29 16:18:33,389 basehttp 2104 31488 "GET /api/learning-paths/ HTTP/1.1" 200 769
INFO 2025-07-29 16:18:33,409 basehttp 2104 20544 "GET /api/curated/videos/ HTTP/1.1" 200 23776
WARNING 2025-07-29 16:18:33,411 log 2104 23672 Not Found: /api/learning-paths/recommended/
WARNING 2025-07-29 16:18:33,424 basehttp 2104 27548 "GET /api/learning-paths/recommended/?user_level=beginner HTTP/1.1" 404 35
INFO 2025-07-29 16:18:33,431 basehttp 2104 27160 "GET /api/learning-paths/ HTTP/1.1" 200 769
WARNING 2025-07-29 16:18:33,433 basehttp 2104 23672 "GET /api/learning-paths/recommended/?user_level=beginner HTTP/1.1" 404 35
INFO 2025-07-29 16:18:33,491 basehttp 2104 29100 "GET /api/curated/videos/ HTTP/1.1" 200 23776
WARNING 2025-07-29 16:18:33,502 log 2104 27548 Not Found: /api/learning-paths/recommended/
INFO 2025-07-29 16:18:33,509 basehttp 2104 20544 "GET /api/learning-paths/ HTTP/1.1" 200 769
INFO 2025-07-29 16:18:33,510 basehttp 2104 31488 "GET /api/curated/videos/ HTTP/1.1" 200 23776
WARNING 2025-07-29 16:18:33,513 log 2104 29100 Not Found: /api/learning-paths/recommended/
WARNING 2025-07-29 16:18:33,519 basehttp 2104 27548 "GET /api/learning-paths/recommended/?user_level=beginner HTTP/1.1" 404 35
WARNING 2025-07-29 16:18:33,547 basehttp 2104 29100 "GET /api/learning-paths/recommended/?user_level=beginner HTTP/1.1" 404 35
INFO 2025-07-29 16:18:33,551 basehttp 2104 27160 "GET /api/curated/videos/ HTTP/1.1" 200 23776
INFO 2025-07-29 16:18:33,566 basehttp 2104 23672 "GET /api/learning-paths/ HTTP/1.1" 200 769
WARNING 2025-07-29 16:18:33,578 log 2104 27548 Not Found: /api/learning-paths/recommended/
WARNING 2025-07-29 16:18:33,605 log 2104 23672 Not Found: /api/learning-paths/recommended/
WARNING 2025-07-29 16:18:33,606 basehttp 2104 27548 "GET /api/learning-paths/recommended/?user_level=beginner HTTP/1.1" 404 35
INFO 2025-07-29 16:18:33,607 basehttp 2104 20544 "GET /api/curated/videos/ HTTP/1.1" 200 23776
WARNING 2025-07-29 16:18:33,619 basehttp 2104 23672 "GET /api/learning-paths/recommended/?user_level=beginner HTTP/1.1" 404 35
INFO 2025-07-29 16:18:33,638 basehttp 2104 31488 "GET /api/learning-paths/ HTTP/1.1" 200 769
WARNING 2025-07-29 16:18:33,659 log 2104 23672 Not Found: /api/learning-paths/recommended/
INFO 2025-07-29 16:18:33,665 basehttp 2104 27160 "GET /api/learning-paths/ HTTP/1.1" 200 769
INFO 2025-07-29 16:18:33,667 basehttp 2104 29100 "GET /api/curated/videos/ HTTP/1.1" 200 23776
WARNING 2025-07-29 16:18:33,670 basehttp 2104 23672 "GET /api/learning-paths/recommended/?user_level=beginner HTTP/1.1" 404 35
WARNING 2025-07-29 16:18:33,702 log 2104 29100 Not Found: /api/learning-paths/recommended/
INFO 2025-07-29 16:18:33,704 basehttp 2104 27548 "GET /api/learning-paths/ HTTP/1.1" 200 769
WARNING 2025-07-29 16:18:33,711 basehttp 2104 29100 "GET /api/learning-paths/recommended/?user_level=beginner HTTP/1.1" 404 35
INFO 2025-07-29 16:18:33,722 basehttp 2104 20544 "GET /api/curated/videos/ HTTP/1.1" 200 23776
INFO 2025-07-29 16:18:33,743 basehttp 2104 31488 "GET /api/curated/videos/ HTTP/1.1" 200 23776
WARNING 2025-07-29 16:18:33,753 log 2104 20544 Not Found: /api/learning-paths/recommended/
WARNING 2025-07-29 16:18:33,766 basehttp 2104 20544 "GET /api/learning-paths/recommended/?user_level=beginner HTTP/1.1" 404 35
INFO 2025-07-29 16:18:33,767 basehttp 2104 27160 "GET /api/learning-paths/ HTTP/1.1" 200 769
INFO 2025-07-29 16:18:33,770 basehttp 2104 23672 "GET /api/curated/videos/ HTTP/1.1" 200 23776
WARNING 2025-07-29 16:18:33,799 log 2104 20544 Not Found: /api/learning-paths/recommended/
INFO 2025-07-29 16:18:33,811 basehttp 2104 27548 "GET /api/learning-paths/ HTTP/1.1" 200 769
INFO 2025-07-29 16:18:33,811 basehttp 2104 29100 "GET /api/curated/videos/ HTTP/1.1" 200 23776
WARNING 2025-07-29 16:18:33,811 basehttp 2104 20544 "GET /api/learning-paths/recommended/?user_level=beginner HTTP/1.1" 404 35
WARNING 2025-07-29 16:18:33,831 log 2104 27548 Not Found: /api/learning-paths/recommended/
INFO 2025-07-29 16:18:33,837 basehttp 2104 31488 "GET /api/learning-paths/ HTTP/1.1" 200 769
WARNING 2025-07-29 16:18:33,838 basehttp 2104 27548 "GET /api/learning-paths/recommended/?user_level=beginner HTTP/1.1" 404 35
WARNING 2025-07-29 16:18:33,844 log 2104 31488 Not Found: /api/learning-paths/recommended/
WARNING 2025-07-29 16:18:33,850 basehttp 2104 31488 "GET /api/learning-paths/recommended/?user_level=beginner HTTP/1.1" 404 35
INFO 2025-07-29 16:18:33,858 basehttp 2104 23672 "GET /api/learning-paths/ HTTP/1.1" 200 769
WARNING 2025-07-29 16:18:33,865 log 2104 23672 Not Found: /api/learning-paths/recommended/
INFO 2025-07-29 16:18:33,868 basehttp 2104 27160 "GET /api/curated/videos/ HTTP/1.1" 200 23776
WARNING 2025-07-29 16:18:33,870 basehttp 2104 23672 "GET /api/learning-paths/recommended/?user_level=beginner HTTP/1.1" 404 35
INFO 2025-07-29 16:18:33,900 basehttp 2104 20544 "GET /api/curated/videos/ HTTP/1.1" 200 23776
WARNING 2025-07-29 16:18:33,910 log 2104 20544 Not Found: /api/learning-paths/recommended/
INFO 2025-07-29 16:18:33,910 basehttp 2104 29100 "GET /api/learning-paths/ HTTP/1.1" 200 769
INFO 2025-07-29 16:18:33,911 basehttp 2104 27548 "GET /api/curated/videos/ HTTP/1.1" 200 23776
WARNING 2025-07-29 16:18:33,912 basehttp 2104 20544 "GET /api/learning-paths/recommended/?user_level=beginner HTTP/1.1" 404 35
WARNING 2025-07-29 16:18:33,927 log 2104 20544 Not Found: /api/learning-paths/recommended/
INFO 2025-07-29 16:18:33,928 basehttp 2104 31488 "GET /api/learning-paths/ HTTP/1.1" 200 769
WARNING 2025-07-29 16:18:33,934 basehttp 2104 20544 "GET /api/learning-paths/recommended/?user_level=beginner HTTP/1.1" 404 35
INFO 2025-07-29 16:18:33,942 basehttp 2104 23672 "GET /api/learning-paths/ HTTP/1.1" 200 769
INFO 2025-07-29 16:18:33,949 basehttp 2104 27160 "GET /api/curated/videos/ HTTP/1.1" 200 23776
WARNING 2025-07-29 16:18:33,951 log 2104 23672 Not Found: /api/learning-paths/recommended/
WARNING 2025-07-29 16:18:33,956 basehttp 2104 23672 "GET /api/learning-paths/recommended/?user_level=beginner HTTP/1.1" 404 35
INFO 2025-07-29 16:18:33,985 basehttp 2104 27548 "GET /api/learning-paths/ HTTP/1.1" 200 769
WARNING 2025-07-29 16:18:33,990 log 2104 27548 Not Found: /api/learning-paths/recommended/
WARNING 2025-07-29 16:18:33,992 basehttp 2104 27548 "GET /api/learning-paths/recommended/?user_level=beginner HTTP/1.1" 404 35
INFO 2025-07-29 16:18:34,002 basehttp 2104 29100 "GET /api/curated/videos/ HTTP/1.1" 200 23776
INFO 2025-07-29 16:18:34,010 basehttp 2104 20544 "GET /api/learning-paths/ HTTP/1.1" 200 769
INFO 2025-07-29 16:18:34,011 basehttp 2104 31488 "GET /api/curated/videos/ HTTP/1.1" 200 23776
WARNING 2025-07-29 16:18:34,022 log 2104 31488 Not Found: /api/learning-paths/recommended/
WARNING 2025-07-29 16:18:34,023 basehttp 2104 31488 "GET /api/learning-paths/recommended/?user_level=beginner HTTP/1.1" 404 35
INFO 2025-07-29 16:18:34,033 basehttp 2104 23672 "GET /api/learning-paths/ HTTP/1.1" 200 769
INFO 2025-07-29 16:18:34,034 basehttp 2104 27160 "GET /api/curated/videos/ HTTP/1.1" 200 23776
WARNING 2025-07-29 16:18:34,042 log 2104 23672 Not Found: /api/learning-paths/recommended/
WARNING 2025-07-29 16:18:34,043 basehttp 2104 23672 "GET /api/learning-paths/recommended/?user_level=beginner HTTP/1.1" 404 35
INFO 2025-07-29 16:18:34,075 basehttp 2104 29100 "GET /api/learning-paths/ HTTP/1.1" 200 769
WARNING 2025-07-29 16:18:34,081 log 2104 29100 Not Found: /api/learning-paths/recommended/
WARNING 2025-07-29 16:18:34,083 basehttp 2104 29100 "GET /api/learning-paths/recommended/?user_level=beginner HTTP/1.1" 404 35
INFO 2025-07-29 16:18:34,093 basehttp 2104 31488 "GET /api/learning-paths/ HTTP/1.1" 200 769
INFO 2025-07-29 16:18:34,100 basehttp 2104 20544 "GET /api/curated/videos/ HTTP/1.1" 200 23776
WARNING 2025-07-29 16:18:34,107 log 2104 20544 Not Found: /api/learning-paths/recommended/
WARNING 2025-07-29 16:18:34,107 basehttp 2104 20544 "GET /api/learning-paths/recommended/?user_level=beginner HTTP/1.1" 404 35
INFO 2025-07-29 16:18:34,118 basehttp 2104 23672 "GET /api/learning-paths/ HTTP/1.1" 200 769
INFO 2025-07-29 16:18:34,118 basehttp 2104 27160 "GET /api/curated/videos/ HTTP/1.1" 200 23776
INFO 2025-07-29 16:18:34,119 basehttp 2104 27548 "GET /api/curated/videos/ HTTP/1.1" 200 23776
WARNING 2025-07-29 16:18:34,132 log 2104 27160 Not Found: /api/learning-paths/recommended/
WARNING 2025-07-29 16:18:34,134 basehttp 2104 27160 "GET /api/learning-paths/recommended/?user_level=beginner HTTP/1.1" 404 35
INFO 2025-07-29 16:18:34,157 basehttp 2104 29100 "GET /api/curated/videos/ HTTP/1.1" 200 23776
WARNING 2025-07-29 16:18:34,162 log 2104 29100 Not Found: /api/learning-paths/recommended/
WARNING 2025-07-29 16:18:34,165 basehttp 2104 29100 "GET /api/learning-paths/recommended/?user_level=beginner HTTP/1.1" 404 35
INFO 2025-07-29 16:18:34,166 basehttp 2104 31488 "GET /api/learning-paths/ HTTP/1.1" 200 769
INFO 2025-07-29 16:18:34,187 basehttp 2104 20544 "GET /api/curated/videos/ HTTP/1.1" 200 23776
INFO 2025-07-29 16:18:34,193 basehttp 2104 23672 "GET /api/learning-paths/ HTTP/1.1" 200 769
WARNING 2025-07-29 16:18:34,194 log 2104 20544 Not Found: /api/learning-paths/recommended/
WARNING 2025-07-29 16:18:34,213 basehttp 2104 20544 "GET /api/learning-paths/recommended/?user_level=beginner HTTP/1.1" 404 35
INFO 2025-07-29 16:18:34,214 basehttp 2104 27160 "GET /api/learning-paths/ HTTP/1.1" 200 769
INFO 2025-07-29 16:18:34,214 basehttp 2104 27548 "GET /api/curated/videos/ HTTP/1.1" 200 23776
WARNING 2025-07-29 16:18:34,237 log 2104 20544 Not Found: /api/learning-paths/recommended/
INFO 2025-07-29 16:18:34,242 basehttp 2104 29100 "GET /api/curated/videos/ HTTP/1.1" 200 23776
INFO 2025-07-29 16:18:34,244 basehttp 2104 31488 "GET /api/learning-paths/ HTTP/1.1" 200 769
WARNING 2025-07-29 16:18:34,247 basehttp 2104 20544 "GET /api/learning-paths/recommended/?user_level=beginner HTTP/1.1" 404 35
WARNING 2025-07-29 16:18:34,274 log 2104 31488 Not Found: /api/learning-paths/recommended/
INFO 2025-07-29 16:18:34,274 basehttp 2104 23672 "GET /api/curated/videos/ HTTP/1.1" 200 23776
WARNING 2025-07-29 16:18:34,284 basehttp 2104 31488 "GET /api/learning-paths/recommended/?user_level=beginner HTTP/1.1" 404 35
INFO 2025-07-29 16:18:34,296 basehttp 2104 27160 "GET /api/learning-paths/ HTTP/1.1" 200 769
WARNING 2025-07-29 16:18:34,304 log 2104 31488 Not Found: /api/learning-paths/recommended/
INFO 2025-07-29 16:18:34,314 basehttp 2104 27548 "GET /api/curated/videos/ HTTP/1.1" 200 23776
WARNING 2025-07-29 16:18:34,316 basehttp 2104 31488 "GET /api/learning-paths/recommended/?user_level=beginner HTTP/1.1" 404 35
INFO 2025-07-29 16:18:34,349 basehttp 2104 23672 "GET /api/learning-paths/ HTTP/1.1" 200 769
INFO 2025-07-29 16:18:34,352 basehttp 2104 29100 "GET /api/learning-paths/ HTTP/1.1" 200 769
WARNING 2025-07-29 16:18:34,352 log 2104 31488 Not Found: /api/learning-paths/recommended/
INFO 2025-07-29 16:18:34,354 basehttp 2104 20544 "GET /api/curated/videos/ HTTP/1.1" 200 23776
WARNING 2025-07-29 16:18:34,390 basehttp 2104 31488 "GET /api/learning-paths/recommended/?user_level=beginner HTTP/1.1" 404 35
WARNING 2025-07-29 16:18:34,394 log 2104 20544 Not Found: /api/learning-paths/recommended/
INFO 2025-07-29 16:18:34,405 basehttp 2104 27160 "GET /api/curated/videos/ HTTP/1.1" 200 23776
INFO 2025-07-29 16:18:34,419 basehttp 2104 27548 "GET /api/learning-paths/ HTTP/1.1" 200 769
WARNING 2025-07-29 16:18:34,420 basehttp 2104 20544 "GET /api/learning-paths/recommended/?user_level=beginner HTTP/1.1" 404 35
WARNING 2025-07-29 16:18:34,445 log 2104 27548 Not Found: /api/learning-paths/recommended/
INFO 2025-07-29 16:18:34,450 basehttp 2104 29100 "GET /api/learning-paths/ HTTP/1.1" 200 769
INFO 2025-07-29 16:18:34,451 basehttp 2104 23672 "GET /api/curated/videos/ HTTP/1.1" 200 23776
WARNING 2025-07-29 16:18:34,452 basehttp 2104 27548 "GET /api/learning-paths/recommended/?user_level=beginner HTTP/1.1" 404 35
WARNING 2025-07-29 16:18:34,471 log 2104 23672 Not Found: /api/learning-paths/recommended/
INFO 2025-07-29 16:18:34,488 basehttp 2104 27160 "GET /api/learning-paths/ HTTP/1.1" 200 769
WARNING 2025-07-29 16:18:34,488 basehttp 2104 23672 "GET /api/learning-paths/recommended/?user_level=beginner HTTP/1.1" 404 35
INFO 2025-07-29 16:18:34,488 basehttp 2104 31488 "GET /api/curated/videos/ HTTP/1.1" 200 23776
WARNING 2025-07-29 16:18:34,536 log 2104 23672 Not Found: /api/learning-paths/recommended/
INFO 2025-07-29 16:18:34,536 basehttp 2104 29100 "GET /api/learning-paths/ HTTP/1.1" 200 769
INFO 2025-07-29 16:18:34,537 basehttp 2104 20544 "GET /api/curated/videos/ HTTP/1.1" 200 23776
WARNING 2025-07-29 16:18:34,553 basehttp 2104 23672 "GET /api/learning-paths/recommended/?user_level=beginner HTTP/1.1" 404 35
INFO 2025-07-29 16:18:34,566 basehttp 2104 27548 "GET /api/curated/videos/ HTTP/1.1" 200 23776
WARNING 2025-07-29 16:18:34,576 log 2104 20544 Not Found: /api/learning-paths/recommended/
INFO 2025-07-29 16:18:34,588 basehttp 2104 27160 "GET /api/learning-paths/ HTTP/1.1" 200 769
WARNING 2025-07-29 16:18:34,601 basehttp 2104 20544 "GET /api/learning-paths/recommended/?user_level=beginner HTTP/1.1" 404 35
INFO 2025-07-29 16:18:34,602 basehttp 2104 31488 "GET /api/curated/videos/ HTTP/1.1" 200 23776
WARNING 2025-07-29 16:18:34,610 log 2104 27160 Not Found: /api/learning-paths/recommended/
INFO 2025-07-29 16:18:34,635 basehttp 2104 29100 "GET /api/learning-paths/ HTTP/1.1" 200 769
WARNING 2025-07-29 16:18:34,636 basehttp 2104 27160 "GET /api/learning-paths/recommended/?user_level=beginner HTTP/1.1" 404 35
INFO 2025-07-29 16:18:34,658 basehttp 2104 23672 "GET /api/curated/videos/ HTTP/1.1" 200 23776
WARNING 2025-07-29 16:18:34,661 log 2104 27160 Not Found: /api/learning-paths/recommended/
INFO 2025-07-29 16:18:34,662 basehttp 2104 27548 "GET /api/learning-paths/ HTTP/1.1" 200 769
WARNING 2025-07-29 16:18:34,683 basehttp 2104 27160 "GET /api/learning-paths/recommended/?user_level=beginner HTTP/1.1" 404 35
WARNING 2025-07-29 16:18:34,688 log 2104 27548 Not Found: /api/learning-paths/recommended/
INFO 2025-07-29 16:18:34,698 basehttp 2104 20544 "GET /api/curated/videos/ HTTP/1.1" 200 23776
INFO 2025-07-29 16:18:34,711 basehttp 2104 31488 "GET /api/learning-paths/ HTTP/1.1" 200 769
WARNING 2025-07-29 16:18:34,716 basehttp 2104 27548 "GET /api/learning-paths/recommended/?user_level=beginner HTTP/1.1" 404 35
WARNING 2025-07-29 16:18:34,737 log 2104 31488 Not Found: /api/learning-paths/recommended/
WARNING 2025-07-29 16:18:34,742 basehttp 2104 31488 "GET /api/learning-paths/recommended/?user_level=beginner HTTP/1.1" 404 35
INFO 2025-07-29 16:18:34,742 basehttp 2104 29100 "GET /api/curated/videos/ HTTP/1.1" 200 23776
INFO 2025-07-29 16:18:34,742 basehttp 2104 23672 "GET /api/learning-paths/ HTTP/1.1" 200 769
WARNING 2025-07-29 16:18:34,777 log 2104 23672 Not Found: /api/learning-paths/recommended/
INFO 2025-07-29 16:18:34,781 basehttp 2104 20544 "GET /api/learning-paths/ HTTP/1.1" 200 769
INFO 2025-07-29 16:18:34,785 basehttp 2104 27160 "GET /api/curated/videos/ HTTP/1.1" 200 23776
WARNING 2025-07-29 16:18:34,787 basehttp 2104 23672 "GET /api/learning-paths/recommended/?user_level=beginner HTTP/1.1" 404 35
WARNING 2025-07-29 16:18:34,829 log 2104 27160 Not Found: /api/learning-paths/recommended/
INFO 2025-07-29 16:18:34,835 basehttp 2104 29100 "GET /api/learning-paths/ HTTP/1.1" 200 769
INFO 2025-07-29 16:18:34,843 basehttp 2104 27548 "GET /api/curated/videos/ HTTP/1.1" 200 23776
INFO 2025-07-29 16:18:34,846 basehttp 2104 31488 "GET /api/curated/videos/ HTTP/1.1" 200 23776
WARNING 2025-07-29 16:18:34,858 basehttp 2104 27160 "GET /api/learning-paths/recommended/?user_level=beginner HTTP/1.1" 404 35
WARNING 2025-07-29 16:18:34,886 log 2104 27548 Not Found: /api/learning-paths/recommended/
INFO 2025-07-29 16:18:34,887 basehttp 2104 20544 "GET /api/learning-paths/ HTTP/1.1" 200 769
WARNING 2025-07-29 16:18:34,888 basehttp 2104 27548 "GET /api/learning-paths/recommended/?user_level=beginner HTTP/1.1" 404 35
WARNING 2025-07-29 16:18:34,915 log 2104 20544 Not Found: /api/learning-paths/recommended/
INFO 2025-07-29 16:18:34,918 basehttp 2104 23672 "GET /api/curated/videos/ HTTP/1.1" 200 23776
WARNING 2025-07-29 16:18:34,929 basehttp 2104 20544 "GET /api/learning-paths/recommended/?user_level=beginner HTTP/1.1" 404 35
INFO 2025-07-29 16:18:34,937 basehttp 2104 29100 "GET /api/learning-paths/ HTTP/1.1" 200 769
WARNING 2025-07-29 16:18:34,964 log 2104 20544 Not Found: /api/learning-paths/recommended/
INFO 2025-07-29 16:18:34,967 basehttp 2104 27160 "GET /api/learning-paths/ HTTP/1.1" 200 769
INFO 2025-07-29 16:18:34,969 basehttp 2104 31488 "GET /api/curated/videos/ HTTP/1.1" 200 23776
WARNING 2025-07-29 16:18:34,971 basehttp 2104 20544 "GET /api/learning-paths/recommended/?user_level=beginner HTTP/1.1" 404 35
WARNING 2025-07-29 16:18:35,003 log 2104 31488 Not Found: /api/learning-paths/recommended/
INFO 2025-07-29 16:18:35,007 basehttp 2104 23672 "GET /api/learning-paths/ HTTP/1.1" 200 769
INFO 2025-07-29 16:18:35,008 basehttp 2104 27548 "GET /api/curated/videos/ HTTP/1.1" 200 23776
WARNING 2025-07-29 16:18:35,011 basehttp 2104 31488 "GET /api/learning-paths/recommended/?user_level=beginner HTTP/1.1" 404 35
WARNING 2025-07-29 16:18:35,041 log 2104 23672 Not Found: /api/learning-paths/recommended/
INFO 2025-07-29 16:18:35,043 basehttp 2104 29100 "GET /api/curated/videos/ HTTP/1.1" 200 23776
WARNING 2025-07-29 16:18:35,044 basehttp 2104 23672 "GET /api/learning-paths/recommended/?user_level=beginner HTTP/1.1" 404 35
INFO 2025-07-29 16:18:35,053 basehttp 2104 27160 "GET /api/learning-paths/ HTTP/1.1" 200 769
WARNING 2025-07-29 16:18:35,060 log 2104 23672 Not Found: /api/learning-paths/recommended/
INFO 2025-07-29 16:18:35,061 basehttp 2104 20544 "GET /api/curated/videos/ HTTP/1.1" 200 23776
WARNING 2025-07-29 16:18:35,063 basehttp 2104 23672 "GET /api/learning-paths/recommended/?user_level=beginner HTTP/1.1" 404 35
WARNING 2025-07-29 16:18:35,072 log 2104 23672 Not Found: /api/learning-paths/recommended/
WARNING 2025-07-29 16:18:35,073 basehttp 2104 23672 "GET /api/learning-paths/recommended/?user_level=beginner HTTP/1.1" 404 35
INFO 2025-07-29 16:18:35,097 basehttp 2104 27548 "GET /api/learning-paths/ HTTP/1.1" 200 769
INFO 2025-07-29 16:18:35,104 basehttp 2104 31488 "GET /api/curated/videos/ HTTP/1.1" 200 23776
WARNING 2025-07-29 16:18:35,109 log 2104 31488 Not Found: /api/learning-paths/recommended/
WARNING 2025-07-29 16:18:35,110 basehttp 2104 31488 "GET /api/learning-paths/recommended/?user_level=beginner HTTP/1.1" 404 35
INFO 2025-07-29 16:18:35,121 basehttp 2104 29100 "GET /api/learning-paths/ HTTP/1.1" 200 769
INFO 2025-07-29 16:18:35,121 basehttp 2104 27160 "GET /api/curated/videos/ HTTP/1.1" 200 23776
WARNING 2025-07-29 16:18:35,130 log 2104 27160 Not Found: /api/learning-paths/recommended/
INFO 2025-07-29 16:18:35,132 basehttp 2104 20544 "GET /api/learning-paths/ HTTP/1.1" 200 769
WARNING 2025-07-29 16:18:35,132 basehttp 2104 27160 "GET /api/learning-paths/recommended/?user_level=beginner HTTP/1.1" 404 35
INFO 2025-07-29 16:18:35,167 basehttp 2104 27548 "GET /api/learning-paths/ HTTP/1.1" 200 769
WARNING 2025-07-29 16:18:35,173 log 2104 27548 Not Found: /api/learning-paths/recommended/
WARNING 2025-07-29 16:18:35,175 basehttp 2104 27548 "GET /api/learning-paths/recommended/?user_level=beginner HTTP/1.1" 404 35
INFO 2025-07-29 16:18:35,185 basehttp 2104 29100 "GET /api/learning-paths/ HTTP/1.1" 200 769
INFO 2025-07-29 16:18:35,193 basehttp 2104 31488 "GET /api/curated/videos/ HTTP/1.1" 200 23776
WARNING 2025-07-29 16:18:35,199 log 2104 31488 Not Found: /api/learning-paths/recommended/
WARNING 2025-07-29 16:18:35,200 basehttp 2104 31488 "GET /api/learning-paths/recommended/?user_level=beginner HTTP/1.1" 404 35
INFO 2025-07-29 16:18:35,213 basehttp 2104 27160 "GET /api/learning-paths/ HTTP/1.1" 200 769
INFO 2025-07-29 16:18:35,213 basehttp 2104 20544 "GET /api/curated/videos/ HTTP/1.1" 200 23776
INFO 2025-07-29 16:18:35,214 basehttp 2104 23672 "GET /api/curated/videos/ HTTP/1.1" 200 23776
WARNING 2025-07-29 16:18:35,229 log 2104 27160 Not Found: /api/learning-paths/recommended/
WARNING 2025-07-29 16:18:35,231 basehttp 2104 27160 "GET /api/learning-paths/recommended/?user_level=beginner HTTP/1.1" 404 35
INFO 2025-07-29 16:18:35,246 basehttp 2104 27548 "GET /api/curated/videos/ HTTP/1.1" 200 23776
WARNING 2025-07-29 16:18:35,252 log 2104 27548 Not Found: /api/learning-paths/recommended/
INFO 2025-07-29 16:18:35,254 basehttp 2104 29100 "GET /api/learning-paths/ HTTP/1.1" 200 769
WARNING 2025-07-29 16:18:35,255 basehttp 2104 27548 "GET /api/learning-paths/recommended/?user_level=beginner HTTP/1.1" 404 35
INFO 2025-07-29 16:18:35,268 basehttp 2104 31488 "GET /api/curated/videos/ HTTP/1.1" 200 23776
WARNING 2025-07-29 16:18:35,275 log 2104 31488 Not Found: /api/learning-paths/recommended/
WARNING 2025-07-29 16:18:35,277 basehttp 2104 31488 "GET /api/learning-paths/recommended/?user_level=beginner HTTP/1.1" 404 35
INFO 2025-07-29 16:18:35,292 basehttp 2104 20544 "GET /api/learning-paths/ HTTP/1.1" 200 769
INFO 2025-07-29 16:18:35,303 basehttp 2104 27160 "GET /api/learning-paths/ HTTP/1.1" 200 769
INFO 2025-07-29 16:18:35,304 basehttp 2104 23672 "GET /api/curated/videos/ HTTP/1.1" 200 23776
WARNING 2025-07-29 16:18:35,313 log 2104 23672 Not Found: /api/learning-paths/recommended/
WARNING 2025-07-29 16:18:35,315 basehttp 2104 23672 "GET /api/learning-paths/recommended/?user_level=beginner HTTP/1.1" 404 35
INFO 2025-07-29 16:18:35,327 basehttp 2104 29100 "GET /api/curated/videos/ HTTP/1.1" 200 23776
WARNING 2025-07-29 16:18:35,333 log 2104 29100 Not Found: /api/learning-paths/recommended/
INFO 2025-07-29 16:18:35,333 basehttp 2104 27548 "GET /api/learning-paths/ HTTP/1.1" 200 769
WARNING 2025-07-29 16:18:35,335 basehttp 2104 29100 "GET /api/learning-paths/recommended/?user_level=beginner HTTP/1.1" 404 35
INFO 2025-07-29 16:18:35,350 basehttp 2104 31488 "GET /api/curated/videos/ HTTP/1.1" 200 23776
WARNING 2025-07-29 16:18:35,355 log 2104 31488 Not Found: /api/learning-paths/recommended/
WARNING 2025-07-29 16:18:35,356 basehttp 2104 31488 "GET /api/learning-paths/recommended/?user_level=beginner HTTP/1.1" 404 35
INFO 2025-07-29 16:18:35,361 basehttp 2104 20544 "GET /api/learning-paths/ HTTP/1.1" 200 769
INFO 2025-07-29 16:18:35,381 basehttp 2104 27160 "GET /api/curated/videos/ HTTP/1.1" 200 23776
INFO 2025-07-29 16:18:35,388 basehttp 2104 23672 "GET /api/learning-paths/ HTTP/1.1" 200 769
WARNING 2025-07-29 16:18:35,389 log 2104 27160 Not Found: /api/learning-paths/recommended/
WARNING 2025-07-29 16:18:35,395 basehttp 2104 27160 "GET /api/learning-paths/recommended/?user_level=beginner HTTP/1.1" 404 35
INFO 2025-07-29 16:18:35,411 basehttp 2104 27548 "GET /api/curated/videos/ HTTP/1.1" 200 23776
INFO 2025-07-29 16:18:35,413 basehttp 2104 29100 "GET /api/learning-paths/ HTTP/1.1" 200 769
WARNING 2025-07-29 16:18:35,435 log 2104 27548 Not Found: /api/learning-paths/recommended/
INFO 2025-07-29 16:18:35,436 basehttp 2104 20544 "GET /api/learning-paths/ HTTP/1.1" 200 769
INFO 2025-07-29 16:18:35,436 basehttp 2104 31488 "GET /api/curated/videos/ HTTP/1.1" 200 23776
WARNING 2025-07-29 16:18:35,439 basehttp 2104 27548 "GET /api/learning-paths/recommended/?user_level=beginner HTTP/1.1" 404 35
INFO 2025-07-29 16:18:35,478 basehttp 2104 27160 "GET /api/learning-paths/ HTTP/1.1" 200 769
INFO 2025-07-29 16:18:35,479 basehttp 2104 23672 "GET /api/curated/videos/ HTTP/1.1" 200 23776
INFO 2025-07-29 16:18:35,511 basehttp 2104 29100 "GET /api/curated/videos/ HTTP/1.1" 200 23776
INFO 2025-07-29 16:18:35,511 basehttp 2104 20544 "GET /api/learning-paths/ HTTP/1.1" 200 769
INFO 2025-07-29 16:18:35,587 basehttp 2104 27548 "GET /api/curated/videos/ HTTP/1.1" 200 23776
INFO 2025-07-29 16:18:35,695 basehttp 2104 23672 "GET /api/learning-paths/ HTTP/1.1" 200 769
INFO 2025-07-29 16:18:35,744 basehttp 2104 29100 "GET /api/curated/videos/ HTTP/1.1" 200 23776
INFO 2025-07-29 16:18:35,754 basehttp 2104 20544 "GET /api/learning-paths/ HTTP/1.1" 200 769
WARNING 2025-07-29 16:18:35,853 log 2104 31488 Not Found: /api/learning-paths/recommended/
WARNING 2025-07-29 16:18:35,859 log 2104 27160 Not Found: /api/learning-paths/recommended/
WARNING 2025-07-29 16:18:35,860 log 2104 27548 Not Found: /api/learning-paths/recommended/
WARNING 2025-07-29 16:18:35,864 basehttp 2104 31488 "GET /api/learning-paths/recommended/?user_level=beginner HTTP/1.1" 404 35
WARNING 2025-07-29 16:18:35,868 log 2104 20544 Not Found: /api/learning-paths/recommended/
WARNING 2025-07-29 16:18:35,872 basehttp 2104 27160 "GET /api/learning-paths/recommended/?user_level=beginner HTTP/1.1" 404 35
WARNING 2025-07-29 16:18:35,875 basehttp 2104 27548 "GET /api/learning-paths/recommended/?user_level=beginner HTTP/1.1" 404 35
INFO 2025-07-29 16:18:35,893 basehttp 2104 23672 "GET /api/curated/videos/ HTTP/1.1" 200 23776
WARNING 2025-07-29 16:18:35,894 basehttp 2104 20544 "GET /api/learning-paths/recommended/?user_level=beginner HTTP/1.1" 404 35
INFO 2025-07-29 16:18:35,925 basehttp 2104 29100 "GET /api/learning-paths/ HTTP/1.1" 200 769
WARNING 2025-07-29 16:18:35,946 log 2104 27548 Not Found: /api/learning-paths/recommended/
INFO 2025-07-29 16:18:35,972 basehttp 2104 31488 "GET /api/curated/videos/ HTTP/1.1" 200 23776
INFO 2025-07-29 16:18:35,975 basehttp 2104 27160 "GET /api/learning-paths/ HTTP/1.1" 200 769
INFO 2025-07-29 16:18:36,000 basehttp 2104 23672 "GET /api/curated/videos/ HTTP/1.1" 200 23776
WARNING 2025-07-29 16:18:36,015 log 2104 29100 Not Found: /api/learning-paths/recommended/
WARNING 2025-07-29 16:18:36,041 basehttp 2104 27548 "GET /api/learning-paths/recommended/?user_level=beginner HTTP/1.1" 404 35
INFO 2025-07-29 16:18:36,050 basehttp 2104 20544 "GET /api/learning-paths/ HTTP/1.1" 200 769
WARNING 2025-07-29 16:18:36,051 basehttp 2104 29100 "GET /api/learning-paths/recommended/?user_level=beginner HTTP/1.1" 404 35
WARNING 2025-07-29 16:18:36,055 log 2104 23672 Not Found: /api/learning-paths/recommended/
WARNING 2025-07-29 16:18:36,083 log 2104 29100 Not Found: /api/learning-paths/recommended/
WARNING 2025-07-29 16:18:36,084 basehttp 2104 23672 "GET /api/learning-paths/recommended/?user_level=beginner HTTP/1.1" 404 35
WARNING 2025-07-29 16:18:36,087 basehttp 2104 29100 "GET /api/learning-paths/recommended/?user_level=beginner HTTP/1.1" 404 35
INFO 2025-07-29 16:18:36,111 basehttp 2104 27160 "GET /api/learning-paths/ HTTP/1.1" 200 769
INFO 2025-07-29 16:18:36,112 basehttp 2104 31488 "GET /api/curated/videos/ HTTP/1.1" 200 23776
WARNING 2025-07-29 16:18:36,135 log 2104 31488 Not Found: /api/learning-paths/recommended/
INFO 2025-07-29 16:18:36,136 basehttp 2104 27548 "GET /api/curated/videos/ HTTP/1.1" 200 23776
WARNING 2025-07-29 16:18:36,139 basehttp 2104 31488 "GET /api/learning-paths/recommended/?user_level=beginner HTTP/1.1" 404 35
INFO 2025-07-29 16:18:36,150 basehttp 2104 20544 "GET /api/learning-paths/ HTTP/1.1" 200 769
WARNING 2025-07-29 16:18:36,162 log 2104 31488 Not Found: /api/learning-paths/recommended/
WARNING 2025-07-29 16:18:36,163 basehttp 2104 31488 "GET /api/learning-paths/recommended/?user_level=beginner HTTP/1.1" 404 35
INFO 2025-07-29 16:18:36,178 basehttp 2104 29100 "GET /api/learning-paths/ HTTP/1.1" 200 769
WARNING 2025-07-29 16:18:36,189 log 2104 29100 Not Found: /api/learning-paths/recommended/
WARNING 2025-07-29 16:18:36,191 basehttp 2104 29100 "GET /api/learning-paths/recommended/?user_level=beginner HTTP/1.1" 404 35
INFO 2025-07-29 16:18:36,215 basehttp 2104 27160 "GET /api/curated/videos/ HTTP/1.1" 200 23776
INFO 2025-07-29 16:18:36,216 basehttp 2104 27548 "GET /api/learning-paths/ HTTP/1.1" 200 769
INFO 2025-07-29 16:18:36,241 basehttp 2104 20544 "GET /api/curated/videos/ HTTP/1.1" 200 23776
WARNING 2025-07-29 16:18:36,242 log 2104 27548 Not Found: /api/learning-paths/recommended/
INFO 2025-07-29 16:18:36,243 basehttp 2104 23672 "GET /api/curated/videos/ HTTP/1.1" 200 23776
INFO 2025-07-29 16:18:36,247 basehttp 2104 31488 "GET /api/learning-paths/ HTTP/1.1" 200 769
WARNING 2025-07-29 16:18:36,248 basehttp 2104 27548 "GET /api/learning-paths/recommended/?user_level=beginner HTTP/1.1" 404 35
WARNING 2025-07-29 16:18:36,258 log 2104 31488 Not Found: /api/learning-paths/recommended/
WARNING 2025-07-29 16:18:36,259 basehttp 2104 31488 "GET /api/learning-paths/recommended/?user_level=beginner HTTP/1.1" 404 35
INFO 2025-07-29 16:18:36,288 basehttp 2104 27160 "GET /api/learning-paths/ HTTP/1.1" 200 769
WARNING 2025-07-29 16:18:36,293 log 2104 27160 Not Found: /api/learning-paths/recommended/
WARNING 2025-07-29 16:18:36,294 basehttp 2104 27160 "GET /api/learning-paths/recommended/?user_level=beginner HTTP/1.1" 404 35
INFO 2025-07-29 16:18:36,313 basehttp 2104 20544 "GET /api/curated/videos/ HTTP/1.1" 200 23776
INFO 2025-07-29 16:18:36,321 basehttp 2104 23672 "GET /api/learning-paths/ HTTP/1.1" 200 769
INFO 2025-07-29 16:18:36,323 basehttp 2104 27548 "GET /api/curated/videos/ HTTP/1.1" 200 23776
WARNING 2025-07-29 16:18:36,328 log 2104 23672 Not Found: /api/learning-paths/recommended/
INFO 2025-07-29 16:18:36,333 basehttp 2104 31488 "GET /api/learning-paths/ HTTP/1.1" 200 769
WARNING 2025-07-29 16:18:36,334 basehttp 2104 23672 "GET /api/learning-paths/recommended/?user_level=beginner HTTP/1.1" 404 35
INFO 2025-07-29 16:18:36,339 basehttp 2104 29100 "GET /api/curated/videos/ HTTP/1.1" 200 23776
WARNING 2025-07-29 16:18:36,346 log 2104 23672 Not Found: /api/learning-paths/recommended/
WARNING 2025-07-29 16:18:36,348 basehttp 2104 23672 "GET /api/learning-paths/recommended/?user_level=beginner HTTP/1.1" 404 35
INFO 2025-07-29 16:18:36,359 basehttp 2104 27160 "GET /api/curated/videos/ HTTP/1.1" 200 23776
WARNING 2025-07-29 16:18:36,365 log 2104 27160 Not Found: /api/learning-paths/recommended/
WARNING 2025-07-29 16:18:36,366 basehttp 2104 27160 "GET /api/learning-paths/recommended/?user_level=beginner HTTP/1.1" 404 35
INFO 2025-07-29 16:18:36,389 basehttp 2104 20544 "GET /api/learning-paths/ HTTP/1.1" 200 769
INFO 2025-07-29 16:18:36,399 basehttp 2104 31488 "GET /api/learning-paths/ HTTP/1.1" 200 769
WARNING 2025-07-29 16:18:36,407 log 2104 31488 Not Found: /api/learning-paths/recommended/
INFO 2025-07-29 16:18:36,408 basehttp 2104 27548 "GET /api/curated/videos/ HTTP/1.1" 200 23776
WARNING 2025-07-29 16:18:36,414 basehttp 2104 31488 "GET /api/learning-paths/recommended/?user_level=beginner HTTP/1.1" 404 35
INFO 2025-07-29 16:18:36,415 basehttp 2104 29100 "GET /api/curated/videos/ HTTP/1.1" 200 23776
INFO 2025-07-29 16:18:36,423 basehttp 2104 23672 "GET /api/learning-paths/ HTTP/1.1" 200 769
WARNING 2025-07-29 16:18:36,425 log 2104 29100 Not Found: /api/learning-paths/recommended/
WARNING 2025-07-29 16:18:36,429 basehttp 2104 29100 "GET /api/learning-paths/recommended/?user_level=beginner HTTP/1.1" 404 35
INFO 2025-07-29 16:18:36,436 basehttp 2104 27160 "GET /api/curated/videos/ HTTP/1.1" 200 23776
WARNING 2025-07-29 16:18:36,442 log 2104 27160 Not Found: /api/learning-paths/recommended/
WARNING 2025-07-29 16:18:36,443 basehttp 2104 27160 "GET /api/learning-paths/recommended/?user_level=beginner HTTP/1.1" 404 35
INFO 2025-07-29 16:18:36,461 basehttp 2104 20544 "GET /api/learning-paths/ HTTP/1.1" 200 769
INFO 2025-07-29 16:18:36,482 basehttp 2104 31488 "GET /api/learning-paths/ HTTP/1.1" 200 769
INFO 2025-07-29 16:18:36,491 basehttp 2104 27548 "GET /api/curated/videos/ HTTP/1.1" 200 23776
WARNING 2025-07-29 16:18:36,492 log 2104 31488 Not Found: /api/learning-paths/recommended/
WARNING 2025-07-29 16:18:36,500 basehttp 2104 31488 "GET /api/learning-paths/recommended/?user_level=beginner HTTP/1.1" 404 35
INFO 2025-07-29 16:18:36,500 basehttp 2104 29100 "GET /api/learning-paths/ HTTP/1.1" 200 769
INFO 2025-07-29 16:18:36,501 basehttp 2104 23672 "GET /api/curated/videos/ HTTP/1.1" 200 23776
INFO 2025-07-29 16:18:36,601 basehttp 2104 20544 "GET /api/learning-paths/ HTTP/1.1" 200 769
INFO 2025-07-29 16:18:36,608 basehttp 2104 27548 "GET /api/curated/videos/ HTTP/1.1" 200 23776
INFO 2025-07-29 16:18:36,616 basehttp 2104 27160 "GET /api/curated/videos/ HTTP/1.1" 200 23776
WARNING 2025-07-29 16:18:36,637 log 2104 27548 Not Found: /api/learning-paths/recommended/
WARNING 2025-07-29 16:18:36,641 log 2104 23672 Not Found: /api/learning-paths/recommended/
WARNING 2025-07-29 16:18:36,645 basehttp 2104 27548 "GET /api/learning-paths/recommended/?user_level=beginner HTTP/1.1" 404 35
WARNING 2025-07-29 16:18:36,654 basehttp 2104 23672 "GET /api/learning-paths/recommended/?user_level=beginner HTTP/1.1" 404 35
INFO 2025-07-29 16:18:36,664 basehttp 2104 31488 "GET /api/learning-paths/ HTTP/1.1" 200 769
WARNING 2025-07-29 16:18:36,669 log 2104 23672 Not Found: /api/learning-paths/recommended/
INFO 2025-07-29 16:18:36,685 basehttp 2104 29100 "GET /api/curated/videos/ HTTP/1.1" 200 23776
WARNING 2025-07-29 16:18:36,686 basehttp 2104 23672 "GET /api/learning-paths/recommended/?user_level=beginner HTTP/1.1" 404 35
WARNING 2025-07-29 16:18:36,711 log 2104 23672 Not Found: /api/learning-paths/recommended/
INFO 2025-07-29 16:18:36,722 basehttp 2104 20544 "GET /api/learning-paths/ HTTP/1.1" 200 769
INFO 2025-07-29 16:18:36,723 basehttp 2104 27548 "GET /api/learning-paths/ HTTP/1.1" 200 769
WARNING 2025-07-29 16:18:36,723 basehttp 2104 23672 "GET /api/learning-paths/recommended/?user_level=beginner HTTP/1.1" 404 35
INFO 2025-07-29 16:18:36,723 basehttp 2104 27160 "GET /api/curated/videos/ HTTP/1.1" 200 23776
WARNING 2025-07-29 16:18:36,763 log 2104 27548 Not Found: /api/learning-paths/recommended/
INFO 2025-07-29 16:18:36,780 basehttp 2104 31488 "GET /api/curated/videos/ HTTP/1.1" 200 23776
WARNING 2025-07-29 16:18:36,787 basehttp 2104 27548 "GET /api/learning-paths/recommended/?user_level=beginner HTTP/1.1" 404 35
INFO 2025-07-29 16:18:36,799 basehttp 2104 29100 "GET /api/learning-paths/ HTTP/1.1" 200 769
WARNING 2025-07-29 16:18:36,826 log 2104 27548 Not Found: /api/learning-paths/recommended/
INFO 2025-07-29 16:18:36,834 basehttp 2104 20544 "GET /api/curated/videos/ HTTP/1.1" 200 23776
INFO 2025-07-29 16:18:36,837 basehttp 2104 23672 "GET /api/learning-paths/ HTTP/1.1" 200 769
INFO 2025-07-29 16:18:36,866 basehttp 2104 27160 "GET /api/curated/videos/ HTTP/1.1" 200 23776
INFO 2025-07-29 16:18:36,870 basehttp 2104 31488 "GET /api/learning-paths/ HTTP/1.1" 200 769
WARNING 2025-07-29 16:18:36,872 basehttp 2104 27548 "GET /api/learning-paths/recommended/?user_level=beginner HTTP/1.1" 404 35
WARNING 2025-07-29 16:18:36,890 log 2104 23672 Not Found: /api/learning-paths/recommended/
INFO 2025-07-29 16:18:36,906 basehttp 2104 29100 "GET /api/curated/videos/ HTTP/1.1" 200 23776
WARNING 2025-07-29 16:18:36,908 log 2104 31488 Not Found: /api/learning-paths/recommended/
INFO 2025-07-29 16:18:36,926 basehttp 2104 20544 "GET /api/learning-paths/ HTTP/1.1" 200 769
WARNING 2025-07-29 16:18:36,937 basehttp 2104 23672 "GET /api/learning-paths/recommended/?user_level=beginner HTTP/1.1" 404 35
WARNING 2025-07-29 16:18:36,974 basehttp 2104 31488 "GET /api/learning-paths/recommended/?user_level=beginner HTTP/1.1" 404 35
INFO 2025-07-29 16:18:36,991 basehttp 2104 27160 "GET /api/curated/videos/ HTTP/1.1" 200 23776
WARNING 2025-07-29 16:18:36,995 log 2104 23672 Not Found: /api/learning-paths/recommended/
INFO 2025-07-29 16:18:36,995 basehttp 2104 27548 "GET /api/learning-paths/ HTTP/1.1" 200 769
INFO 2025-07-29 16:18:37,019 basehttp 2104 20544 "GET /api/learning-paths/ HTTP/1.1" 200 769
WARNING 2025-07-29 16:18:37,020 basehttp 2104 23672 "GET /api/learning-paths/recommended/?user_level=beginner HTTP/1.1" 404 35
INFO 2025-07-29 16:18:37,021 basehttp 2104 29100 "GET /api/curated/videos/ HTTP/1.1" 200 23776
WARNING 2025-07-29 16:18:37,023 log 2104 27548 Not Found: /api/learning-paths/recommended/
WARNING 2025-07-29 16:18:37,047 log 2104 29100 Not Found: /api/learning-paths/recommended/
WARNING 2025-07-29 16:18:37,050 basehttp 2104 27548 "GET /api/learning-paths/recommended/?user_level=beginner HTTP/1.1" 404 35
WARNING 2025-07-29 16:18:37,053 basehttp 2104 29100 "GET /api/learning-paths/recommended/?user_level=beginner HTTP/1.1" 404 35
INFO 2025-07-29 16:18:37,077 basehttp 2104 31488 "GET /api/curated/videos/ HTTP/1.1" 200 23776
INFO 2025-07-29 16:18:37,078 basehttp 2104 27160 "GET /api/learning-paths/ HTTP/1.1" 200 769
WARNING 2025-07-29 16:18:37,093 log 2104 31488 Not Found: /api/learning-paths/recommended/
WARNING 2025-07-29 16:18:37,095 basehttp 2104 31488 "GET /api/learning-paths/recommended/?user_level=beginner HTTP/1.1" 404 35
INFO 2025-07-29 16:18:37,108 basehttp 2104 20544 "GET /api/learning-paths/ HTTP/1.1" 200 769
WARNING 2025-07-29 16:18:37,117 log 2104 20544 Not Found: /api/learning-paths/recommended/
INFO 2025-07-29 16:18:37,123 basehttp 2104 23672 "GET /api/curated/videos/ HTTP/1.1" 200 23776
WARNING 2025-07-29 16:18:37,124 basehttp 2104 20544 "GET /api/learning-paths/recommended/?user_level=beginner HTTP/1.1" 404 35
INFO 2025-07-29 16:18:37,147 basehttp 2104 29100 "GET /api/learning-paths/ HTTP/1.1" 200 769
INFO 2025-07-29 16:18:37,149 basehttp 2104 27548 "GET /api/curated/videos/ HTTP/1.1" 200 23776
WARNING 2025-07-29 16:18:37,170 log 2104 29100 Not Found: /api/learning-paths/recommended/
INFO 2025-07-29 16:18:37,173 basehttp 2104 31488 "GET /api/learning-paths/ HTTP/1.1" 200 769
INFO 2025-07-29 16:18:37,174 basehttp 2104 27160 "GET /api/curated/videos/ HTTP/1.1" 200 23776
WARNING 2025-07-29 16:18:37,178 basehttp 2104 29100 "GET /api/learning-paths/recommended/?user_level=beginner HTTP/1.1" 404 35
WARNING 2025-07-29 16:18:37,204 log 2104 31488 Not Found: /api/learning-paths/recommended/
INFO 2025-07-29 16:18:37,213 basehttp 2104 20544 "GET /api/learning-paths/ HTTP/1.1" 200 769
WARNING 2025-07-29 16:18:37,216 basehttp 2104 31488 "GET /api/learning-paths/recommended/?user_level=beginner HTTP/1.1" 404 35
INFO 2025-07-29 16:18:37,217 basehttp 2104 23672 "GET /api/curated/videos/ HTTP/1.1" 200 23776
WARNING 2025-07-29 16:18:37,254 log 2104 31488 Not Found: /api/learning-paths/recommended/
INFO 2025-07-29 16:18:37,258 basehttp 2104 27160 "GET /api/learning-paths/ HTTP/1.1" 200 769
INFO 2025-07-29 16:18:37,258 basehttp 2104 27548 "GET /api/curated/videos/ HTTP/1.1" 200 23776
WARNING 2025-07-29 16:18:37,262 basehttp 2104 31488 "GET /api/learning-paths/recommended/?user_level=beginner HTTP/1.1" 404 35
INFO 2025-07-29 16:18:37,283 basehttp 2104 29100 "GET /api/curated/videos/ HTTP/1.1" 200 23776
WARNING 2025-07-29 16:18:37,302 log 2104 27548 Not Found: /api/learning-paths/recommended/
INFO 2025-07-29 16:18:37,324 basehttp 2104 20544 "GET /api/learning-paths/ HTTP/1.1" 200 769
INFO 2025-07-29 16:18:37,325 basehttp 2104 23672 "GET /api/curated/videos/ HTTP/1.1" 200 23776
WARNING 2025-07-29 16:18:37,329 basehttp 2104 27548 "GET /api/learning-paths/recommended/?user_level=beginner HTTP/1.1" 404 35
WARNING 2025-07-29 16:18:37,349 log 2104 20544 Not Found: /api/learning-paths/recommended/
INFO 2025-07-29 16:18:37,350 basehttp 2104 27160 "GET /api/learning-paths/ HTTP/1.1" 200 769
WARNING 2025-07-29 16:18:37,359 basehttp 2104 20544 "GET /api/learning-paths/recommended/?user_level=beginner HTTP/1.1" 404 35
WARNING 2025-07-29 16:18:37,363 log 2104 27160 Not Found: /api/learning-paths/recommended/
WARNING 2025-07-29 16:18:37,365 basehttp 2104 27160 "GET /api/learning-paths/recommended/?user_level=beginner HTTP/1.1" 404 35
INFO 2025-07-29 16:18:37,385 basehttp 2104 29100 "GET /api/learning-paths/ HTTP/1.1" 200 769
WARNING 2025-07-29 16:18:37,400 log 2104 29100 Not Found: /api/learning-paths/recommended/
WARNING 2025-07-29 16:18:37,402 basehttp 2104 29100 "GET /api/learning-paths/recommended/?user_level=beginner HTTP/1.1" 404 35
INFO 2025-07-29 16:18:37,419 basehttp 2104 27548 "GET /api/learning-paths/ HTTP/1.1" 200 769
INFO 2025-07-29 16:18:37,419 basehttp 2104 23672 "GET /api/curated/videos/ HTTP/1.1" 200 23776
INFO 2025-07-29 16:18:37,432 basehttp 2104 31488 "GET /api/curated/videos/ HTTP/1.1" 200 23776
WARNING 2025-07-29 16:18:37,434 log 2104 27548 Not Found: /api/learning-paths/recommended/
WARNING 2025-07-29 16:18:37,439 basehttp 2104 27548 "GET /api/learning-paths/recommended/?user_level=beginner HTTP/1.1" 404 35
INFO 2025-07-29 16:18:37,450 basehttp 2104 20544 "GET /api/curated/videos/ HTTP/1.1" 200 23776
WARNING 2025-07-29 16:18:37,457 log 2104 20544 Not Found: /api/learning-paths/recommended/
INFO 2025-07-29 16:18:37,458 basehttp 2104 27160 "GET /api/learning-paths/ HTTP/1.1" 200 769
WARNING 2025-07-29 16:18:37,462 basehttp 2104 20544 "GET /api/learning-paths/recommended/?user_level=beginner HTTP/1.1" 404 35
INFO 2025-07-29 16:18:37,488 basehttp 2104 29100 "GET /api/curated/videos/ HTTP/1.1" 200 23776
WARNING 2025-07-29 16:18:37,495 log 2104 29100 Not Found: /api/learning-paths/recommended/
INFO 2025-07-29 16:18:37,496 basehttp 2104 23672 "GET /api/learning-paths/ HTTP/1.1" 200 769
WARNING 2025-07-29 16:18:37,498 basehttp 2104 29100 "GET /api/learning-paths/recommended/?user_level=beginner HTTP/1.1" 404 35
INFO 2025-07-29 16:18:37,511 basehttp 2104 31488 "GET /api/curated/videos/ HTTP/1.1" 200 23776
INFO 2025-07-29 16:18:37,512 basehttp 2104 27548 "GET /api/learning-paths/ HTTP/1.1" 200 769
WARNING 2025-07-29 16:18:37,521 log 2104 31488 Not Found: /api/learning-paths/recommended/
INFO 2025-07-29 16:18:37,524 basehttp 2104 27160 "GET /api/curated/videos/ HTTP/1.1" 200 23776
WARNING 2025-07-29 16:18:37,525 basehttp 2104 31488 "GET /api/learning-paths/recommended/?user_level=beginner HTTP/1.1" 404 35
INFO 2025-07-29 16:18:37,534 basehttp 2104 20544 "GET /api/learning-paths/ HTTP/1.1" 200 769
WARNING 2025-07-29 16:18:37,535 log 2104 31488 Not Found: /api/learning-paths/recommended/
WARNING 2025-07-29 16:18:37,539 basehttp 2104 31488 "GET /api/learning-paths/recommended/?user_level=beginner HTTP/1.1" 404 35
INFO 2025-07-29 16:18:37,574 basehttp 2104 29100 "GET /api/learning-paths/ HTTP/1.1" 200 769
WARNING 2025-07-29 16:18:37,582 log 2104 29100 Not Found: /api/learning-paths/recommended/
INFO 2025-07-29 16:18:37,583 basehttp 2104 23672 "GET /api/curated/videos/ HTTP/1.1" 200 23776
WARNING 2025-07-29 16:18:37,584 basehttp 2104 29100 "GET /api/learning-paths/recommended/?user_level=beginner HTTP/1.1" 404 35
INFO 2025-07-29 16:18:37,594 basehttp 2104 27548 "GET /api/curated/videos/ HTTP/1.1" 200 23776
INFO 2025-07-29 16:18:37,596 basehttp 2104 27160 "GET /api/learning-paths/ HTTP/1.1" 200 769
WARNING 2025-07-29 16:18:37,609 log 2104 27548 Not Found: /api/learning-paths/recommended/
WARNING 2025-07-29 16:18:37,613 basehttp 2104 27548 "GET /api/learning-paths/recommended/?user_level=beginner HTTP/1.1" 404 35
INFO 2025-07-29 16:18:37,613 basehttp 2104 31488 "GET /api/learning-paths/ HTTP/1.1" 200 769
INFO 2025-07-29 16:18:37,614 basehttp 2104 20544 "GET /api/curated/videos/ HTTP/1.1" 200 23776
WARNING 2025-07-29 16:18:37,625 log 2104 31488 Not Found: /api/learning-paths/recommended/
WARNING 2025-07-29 16:18:37,626 basehttp 2104 31488 "GET /api/learning-paths/recommended/?user_level=beginner HTTP/1.1" 404 35
INFO 2025-07-29 16:18:37,648 basehttp 2104 29100 "GET /api/learning-paths/ HTTP/1.1" 200 769
WARNING 2025-07-29 16:18:37,653 log 2104 29100 Not Found: /api/learning-paths/recommended/
WARNING 2025-07-29 16:18:37,654 basehttp 2104 29100 "GET /api/learning-paths/recommended/?user_level=beginner HTTP/1.1" 404 35
INFO 2025-07-29 16:18:37,662 basehttp 2104 23672 "GET /api/curated/videos/ HTTP/1.1" 200 23776
INFO 2025-07-29 16:18:37,676 basehttp 2104 27160 "GET /api/curated/videos/ HTTP/1.1" 200 23776
WARNING 2025-07-29 16:18:37,683 log 2104 27160 Not Found: /api/learning-paths/recommended/
INFO 2025-07-29 16:18:37,684 basehttp 2104 27548 "GET /api/learning-paths/ HTTP/1.1" 200 769
WARNING 2025-07-29 16:18:37,686 basehttp 2104 27160 "GET /api/learning-paths/recommended/?user_level=beginner HTTP/1.1" 404 35
INFO 2025-07-29 16:18:37,698 basehttp 2104 31488 "GET /api/learning-paths/ HTTP/1.1" 200 769
INFO 2025-07-29 16:18:37,698 basehttp 2104 20544 "GET /api/curated/videos/ HTTP/1.1" 200 23776
WARNING 2025-07-29 16:18:37,707 log 2104 20544 Not Found: /api/learning-paths/recommended/
WARNING 2025-07-29 16:18:37,709 basehttp 2104 20544 "GET /api/learning-paths/recommended/?user_level=beginner HTTP/1.1" 404 35
INFO 2025-07-29 16:18:37,732 basehttp 2104 29100 "GET /api/curated/videos/ HTTP/1.1" 200 23776
WARNING 2025-07-29 16:18:37,737 log 2104 29100 Not Found: /api/learning-paths/recommended/
WARNING 2025-07-29 16:18:37,738 basehttp 2104 29100 "GET /api/learning-paths/recommended/?user_level=beginner HTTP/1.1" 404 35
INFO 2025-07-29 16:18:37,743 basehttp 2104 23672 "GET /api/learning-paths/ HTTP/1.1" 200 769
INFO 2025-07-29 16:18:37,753 basehttp 2104 27548 "GET /api/curated/videos/ HTTP/1.1" 200 23776
WARNING 2025-07-29 16:18:37,759 log 2104 27548 Not Found: /api/learning-paths/recommended/
INFO 2025-07-29 16:18:37,760 basehttp 2104 27160 "GET /api/learning-paths/ HTTP/1.1" 200 769
WARNING 2025-07-29 16:18:37,761 basehttp 2104 27548 "GET /api/learning-paths/recommended/?user_level=beginner HTTP/1.1" 404 35
INFO 2025-07-29 16:18:37,772 basehttp 2104 31488 "GET /api/curated/videos/ HTTP/1.1" 200 23776
INFO 2025-07-29 16:18:37,772 basehttp 2104 20544 "GET /api/learning-paths/ HTTP/1.1" 200 769
WARNING 2025-07-29 16:18:37,780 log 2104 31488 Not Found: /api/learning-paths/recommended/
WARNING 2025-07-29 16:18:37,781 basehttp 2104 31488 "GET /api/learning-paths/recommended/?user_level=beginner HTTP/1.1" 404 35
INFO 2025-07-29 16:18:37,812 basehttp 2104 29100 "GET /api/curated/videos/ HTTP/1.1" 200 23776
INFO 2025-07-29 16:18:37,816 basehttp 2104 23672 "GET /api/learning-paths/ HTTP/1.1" 200 769
WARNING 2025-07-29 16:18:37,835 log 2104 29100 Not Found: /api/learning-paths/recommended/
WARNING 2025-07-29 16:18:37,838 basehttp 2104 29100 "GET /api/learning-paths/recommended/?user_level=beginner HTTP/1.1" 404 35
INFO 2025-07-29 16:18:37,855 basehttp 2104 27160 "GET /api/curated/videos/ HTTP/1.1" 200 23776
INFO 2025-07-29 16:18:37,858 basehttp 2104 20544 "GET /api/curated/videos/ HTTP/1.1" 200 23776
INFO 2025-07-29 16:18:37,859 basehttp 2104 31488 "GET /api/learning-paths/ HTTP/1.1" 200 769
INFO 2025-07-29 16:18:37,859 basehttp 2104 27548 "GET /api/learning-paths/ HTTP/1.1" 200 769
WARNING 2025-07-29 16:18:37,872 log 2104 27160 Not Found: /api/learning-paths/recommended/
WARNING 2025-07-29 16:18:37,890 log 2104 27548 Not Found: /api/learning-paths/recommended/
WARNING 2025-07-29 16:18:37,892 basehttp 2104 27160 "GET /api/learning-paths/recommended/?user_level=beginner HTTP/1.1" 404 35
WARNING 2025-07-29 16:18:37,893 basehttp 2104 27548 "GET /api/learning-paths/recommended/?user_level=beginner HTTP/1.1" 404 35
INFO 2025-07-29 16:18:37,927 basehttp 2104 23672 "GET /api/curated/videos/ HTTP/1.1" 200 23776
INFO 2025-07-29 16:18:37,930 basehttp 2104 29100 "GET /api/learning-paths/ HTTP/1.1" 200 769
WARNING 2025-07-29 16:18:37,953 log 2104 29100 Not Found: /api/learning-paths/recommended/
INFO 2025-07-29 16:18:37,956 basehttp 2104 31488 "GET /api/learning-paths/ HTTP/1.1" 200 769
INFO 2025-07-29 16:18:37,958 basehttp 2104 20544 "GET /api/curated/videos/ HTTP/1.1" 200 23776
WARNING 2025-07-29 16:18:37,961 basehttp 2104 29100 "GET /api/learning-paths/recommended/?user_level=beginner HTTP/1.1" 404 35
WARNING 2025-07-29 16:18:37,984 log 2104 20544 Not Found: /api/learning-paths/recommended/
INFO 2025-07-29 16:18:37,991 basehttp 2104 27548 "GET /api/learning-paths/ HTTP/1.1" 200 769
WARNING 2025-07-29 16:18:37,995 basehttp 2104 20544 "GET /api/learning-paths/recommended/?user_level=beginner HTTP/1.1" 404 35
INFO 2025-07-29 16:18:37,996 basehttp 2104 27160 "GET /api/curated/videos/ HTTP/1.1" 200 23776
INFO 2025-07-29 16:18:38,029 basehttp 2104 23672 "GET /api/curated/videos/ HTTP/1.1" 200 23776
INFO 2025-07-29 16:18:38,038 basehttp 2104 31488 "GET /api/learning-paths/ HTTP/1.1" 200 769
WARNING 2025-07-29 16:18:38,040 log 2104 27160 Not Found: /api/learning-paths/recommended/
INFO 2025-07-29 16:18:38,073 basehttp 2104 29100 "GET /api/curated/videos/ HTTP/1.1" 200 23776
WARNING 2025-07-29 16:18:38,075 log 2104 31488 Not Found: /api/learning-paths/recommended/
INFO 2025-07-29 16:18:38,078 basehttp 2104 27548 "GET /api/learning-paths/ HTTP/1.1" 200 769
WARNING 2025-07-29 16:18:38,081 basehttp 2104 27160 "GET /api/learning-paths/recommended/?user_level=beginner HTTP/1.1" 404 35
INFO 2025-07-29 16:18:38,105 basehttp 2104 20544 "GET /api/curated/videos/ HTTP/1.1" 200 23776
WARNING 2025-07-29 16:18:38,108 basehttp 2104 31488 "GET /api/learning-paths/recommended/?user_level=beginner HTTP/1.1" 404 35
INFO 2025-07-29 16:18:38,128 basehttp 2104 23672 "GET /api/learning-paths/ HTTP/1.1" 200 769
WARNING 2025-07-29 16:18:38,151 log 2104 27160 Not Found: /api/learning-paths/recommended/
WARNING 2025-07-29 16:18:38,180 log 2104 23672 Not Found: /api/learning-paths/recommended/
INFO 2025-07-29 16:18:38,181 basehttp 2104 29100 "GET /api/curated/videos/ HTTP/1.1" 200 23776
WARNING 2025-07-29 16:18:38,184 basehttp 2104 27160 "GET /api/learning-paths/recommended/?user_level=beginner HTTP/1.1" 404 35
WARNING 2025-07-29 16:18:38,187 basehttp 2104 23672 "GET /api/learning-paths/recommended/?user_level=beginner HTTP/1.1" 404 35
INFO 2025-07-29 16:18:38,196 basehttp 2104 27548 "GET /api/learning-paths/ HTTP/1.1" 200 769
WARNING 2025-07-29 16:18:38,243 log 2104 23672 Not Found: /api/learning-paths/recommended/
INFO 2025-07-29 16:18:38,244 basehttp 2104 20544 "GET /api/curated/videos/ HTTP/1.1" 200 23776
INFO 2025-07-29 16:18:38,246 basehttp 2104 31488 "GET /api/learning-paths/ HTTP/1.1" 200 769
WARNING 2025-07-29 16:18:38,250 basehttp 2104 23672 "GET /api/learning-paths/recommended/?user_level=beginner HTTP/1.1" 404 35
INFO 2025-07-29 16:18:38,306 basehttp 2104 27160 "GET /api/learning-paths/ HTTP/1.1" 200 769
WARNING 2025-07-29 16:18:38,308 log 2104 31488 Not Found: /api/learning-paths/recommended/
INFO 2025-07-29 16:18:38,310 basehttp 2104 29100 "GET /api/curated/videos/ HTTP/1.1" 200 23776
INFO 2025-07-29 16:18:38,324 basehttp 2104 27548 "GET /api/curated/videos/ HTTP/1.1" 200 23776
INFO 2025-07-29 16:18:38,335 basehttp 2104 20544 "GET /api/learning-paths/ HTTP/1.1" 200 769
WARNING 2025-07-29 16:18:38,341 log 2104 29100 Not Found: /api/learning-paths/recommended/
WARNING 2025-07-29 16:18:38,344 basehttp 2104 31488 "GET /api/learning-paths/recommended/?user_level=beginner HTTP/1.1" 404 35
WARNING 2025-07-29 16:18:38,355 basehttp 2104 29100 "GET /api/learning-paths/recommended/?user_level=beginner HTTP/1.1" 404 35
WARNING 2025-07-29 16:18:38,371 log 2104 31488 Not Found: /api/learning-paths/recommended/
INFO 2025-07-29 16:18:38,378 basehttp 2104 23672 "GET /api/curated/videos/ HTTP/1.1" 200 23776
WARNING 2025-07-29 16:18:38,380 basehttp 2104 31488 "GET /api/learning-paths/recommended/?user_level=beginner HTTP/1.1" 404 35
WARNING 2025-07-29 16:18:38,396 log 2104 31488 Not Found: /api/learning-paths/recommended/
INFO 2025-07-29 16:18:38,399 basehttp 2104 27160 "GET /api/learning-paths/ HTTP/1.1" 200 769
WARNING 2025-07-29 16:18:38,408 basehttp 2104 31488 "GET /api/learning-paths/recommended/?user_level=beginner HTTP/1.1" 404 35
INFO 2025-07-29 16:18:38,421 basehttp 2104 27548 "GET /api/curated/videos/ HTTP/1.1" 200 23776
INFO 2025-07-29 16:18:38,433 basehttp 2104 20544 "GET /api/learning-paths/ HTTP/1.1" 200 769
WARNING 2025-07-29 16:18:38,434 log 2104 27548 Not Found: /api/learning-paths/recommended/
WARNING 2025-07-29 16:18:38,444 basehttp 2104 27548 "GET /api/learning-paths/recommended/?user_level=beginner HTTP/1.1" 404 35
INFO 2025-07-29 16:18:39,656 basehttp 2104 23672 "GET /api/learning-paths/ HTTP/1.1" 200 769
WARNING 2025-07-29 16:18:39,667 log 2104 23672 Not Found: /api/learning-paths/recommended/
INFO 2025-07-29 16:18:39,667 basehttp 2104 31488 "GET /api/learning-paths/ HTTP/1.1" 200 769
WARNING 2025-07-29 16:18:39,679 basehttp 2104 23672 "GET /api/learning-paths/recommended/?user_level=beginner HTTP/1.1" 404 35
INFO 2025-07-29 16:18:39,686 basehttp 2104 27160 "GET /api/curated/videos/ HTTP/1.1" 200 23776
INFO 2025-07-29 16:18:39,696 basehttp 2104 20544 "GET /api/curated/videos/ HTTP/1.1" 200 23776
INFO 2025-07-29 16:18:39,696 basehttp 2104 27548 "GET /api/learning-paths/ HTTP/1.1" 200 769
WARNING 2025-07-29 16:18:39,715 log 2104 27160 Not Found: /api/learning-paths/recommended/
WARNING 2025-07-29 16:18:39,716 basehttp 2104 27160 "GET /api/learning-paths/recommended/?user_level=beginner HTTP/1.1" 404 35
INFO 2025-07-29 16:18:39,732 basehttp 2104 29100 "GET /api/curated/videos/ HTTP/1.1" 200 23776
WARNING 2025-07-29 16:18:39,734 log 2104 27160 Not Found: /api/learning-paths/recommended/
WARNING 2025-07-29 16:18:39,743 basehttp 2104 27160 "GET /api/learning-paths/recommended/?user_level=beginner HTTP/1.1" 404 35
INFO 2025-07-29 16:18:39,761 basehttp 2104 23672 "GET /api/learning-paths/ HTTP/1.1" 200 769
INFO 2025-07-29 16:18:39,761 basehttp 2104 31488 "GET /api/curated/videos/ HTTP/1.1" 200 23776
WARNING 2025-07-29 16:18:39,783 log 2104 31488 Not Found: /api/learning-paths/recommended/
INFO 2025-07-29 16:18:39,790 basehttp 2104 27548 "GET /api/learning-paths/ HTTP/1.1" 200 769
INFO 2025-07-29 16:18:39,791 basehttp 2104 20544 "GET /api/curated/videos/ HTTP/1.1" 200 23776
WARNING 2025-07-29 16:18:39,793 basehttp 2104 31488 "GET /api/learning-paths/recommended/?user_level=beginner HTTP/1.1" 404 35
WARNING 2025-07-29 16:18:39,818 log 2104 20544 Not Found: /api/learning-paths/recommended/
INFO 2025-07-29 16:18:39,819 basehttp 2104 27160 "GET /api/learning-paths/ HTTP/1.1" 200 769
INFO 2025-07-29 16:18:39,820 basehttp 2104 29100 "GET /api/curated/videos/ HTTP/1.1" 200 23776
WARNING 2025-07-29 16:18:39,824 basehttp 2104 20544 "GET /api/learning-paths/recommended/?user_level=beginner HTTP/1.1" 404 35
WARNING 2025-07-29 16:18:39,832 log 2104 29100 Not Found: /api/learning-paths/recommended/
WARNING 2025-07-29 16:18:39,834 basehttp 2104 29100 "GET /api/learning-paths/recommended/?user_level=beginner HTTP/1.1" 404 35
INFO 2025-07-29 16:18:39,866 basehttp 2104 27548 "GET /api/learning-paths/ HTTP/1.1" 200 769
WARNING 2025-07-29 16:18:39,871 log 2104 27548 Not Found: /api/learning-paths/recommended/
WARNING 2025-07-29 16:18:39,872 basehttp 2104 27548 "GET /api/learning-paths/recommended/?user_level=beginner HTTP/1.1" 404 35
INFO 2025-07-29 16:18:39,887 basehttp 2104 27160 "GET /api/learning-paths/ HTTP/1.1" 200 769
INFO 2025-07-29 16:18:39,901 basehttp 2104 20544 "GET /api/curated/videos/ HTTP/1.1" 200 23776
WARNING 2025-07-29 16:18:39,912 log 2104 20544 Not Found: /api/learning-paths/recommended/
INFO 2025-07-29 16:18:39,913 basehttp 2104 29100 "GET /api/learning-paths/ HTTP/1.1" 200 769
INFO 2025-07-29 16:18:39,914 basehttp 2104 23672 "GET /api/curated/videos/ HTTP/1.1" 200 23776
WARNING 2025-07-29 16:18:39,915 basehttp 2104 20544 "GET /api/learning-paths/recommended/?user_level=beginner HTTP/1.1" 404 35
WARNING 2025-07-29 16:18:39,931 log 2104 20544 Not Found: /api/learning-paths/recommended/
INFO 2025-07-29 16:18:39,932 basehttp 2104 31488 "GET /api/curated/videos/ HTTP/1.1" 200 23776
WARNING 2025-07-29 16:18:39,933 basehttp 2104 20544 "GET /api/learning-paths/recommended/?user_level=beginner HTTP/1.1" 404 35
INFO 2025-07-29 16:18:39,938 basehttp 2104 27548 "GET /api/curated/videos/ HTTP/1.1" 200 23776
WARNING 2025-07-29 16:18:39,953 log 2104 27548 Not Found: /api/learning-paths/recommended/
WARNING 2025-07-29 16:18:39,955 basehttp 2104 27548 "GET /api/learning-paths/recommended/?user_level=beginner HTTP/1.1" 404 35
INFO 2025-07-29 16:18:39,956 basehttp 2104 27160 "GET /api/learning-paths/ HTTP/1.1" 200 769
INFO 2025-07-29 16:18:39,989 basehttp 2104 29100 "GET /api/curated/videos/ HTTP/1.1" 200 23776
INFO 2025-07-29 16:18:39,996 basehttp 2104 23672 "GET /api/learning-paths/ HTTP/1.1" 200 769
WARNING 2025-07-29 16:18:39,997 log 2104 29100 Not Found: /api/learning-paths/recommended/
WARNING 2025-07-29 16:18:40,003 basehttp 2104 29100 "GET /api/learning-paths/recommended/?user_level=beginner HTTP/1.1" 404 35
INFO 2025-07-29 16:18:40,017 basehttp 2104 20544 "GET /api/learning-paths/ HTTP/1.1" 200 769
INFO 2025-07-29 16:18:40,018 basehttp 2104 31488 "GET /api/curated/videos/ HTTP/1.1" 200 23776
INFO 2025-07-29 16:18:40,035 basehttp 2104 27548 "GET /api/curated/videos/ HTTP/1.1" 200 23776
WARNING 2025-07-29 16:18:40,036 log 2104 31488 Not Found: /api/learning-paths/recommended/
INFO 2025-07-29 16:18:40,042 basehttp 2104 27160 "GET /api/learning-paths/ HTTP/1.1" 200 769
WARNING 2025-07-29 16:18:40,042 basehttp 2104 31488 "GET /api/learning-paths/recommended/?user_level=beginner HTTP/1.1" 404 35
WARNING 2025-07-29 16:18:40,059 log 2104 27160 Not Found: /api/learning-paths/recommended/
WARNING 2025-07-29 16:18:40,061 basehttp 2104 27160 "GET /api/learning-paths/recommended/?user_level=beginner HTTP/1.1" 404 35
INFO 2025-07-29 16:18:40,069 basehttp 2104 23672 "GET /api/curated/videos/ HTTP/1.1" 200 23776
INFO 2025-07-29 16:18:40,074 basehttp 2104 29100 "GET /api/learning-paths/ HTTP/1.1" 200 769
WARNING 2025-07-29 16:18:40,075 log 2104 23672 Not Found: /api/learning-paths/recommended/
WARNING 2025-07-29 16:18:40,079 basehttp 2104 23672 "GET /api/learning-paths/recommended/?user_level=beginner HTTP/1.1" 404 35
INFO 2025-07-29 16:18:40,099 basehttp 2104 20544 "GET /api/curated/videos/ HTTP/1.1" 200 23776
WARNING 2025-07-29 16:18:40,103 log 2104 20544 Not Found: /api/learning-paths/recommended/
INFO 2025-07-29 16:18:40,105 basehttp 2104 27548 "GET /api/learning-paths/ HTTP/1.1" 200 769
WARNING 2025-07-29 16:18:40,105 basehttp 2104 20544 "GET /api/learning-paths/recommended/?user_level=beginner HTTP/1.1" 404 35
INFO 2025-07-29 16:18:40,126 basehttp 2104 27160 "GET /api/learning-paths/ HTTP/1.1" 200 769
INFO 2025-07-29 16:18:40,127 basehttp 2104 31488 "GET /api/curated/videos/ HTTP/1.1" 200 23776
WARNING 2025-07-29 16:18:40,135 log 2104 27160 Not Found: /api/learning-paths/recommended/
WARNING 2025-07-29 16:18:40,136 basehttp 2104 27160 "GET /api/learning-paths/recommended/?user_level=beginner HTTP/1.1" 404 35
INFO 2025-07-29 16:18:40,145 basehttp 2104 29100 "GET /api/curated/videos/ HTTP/1.1" 200 23776
INFO 2025-07-29 16:18:40,152 basehttp 2104 23672 "GET /api/learning-paths/ HTTP/1.1" 200 769
WARNING 2025-07-29 16:18:40,153 log 2104 29100 Not Found: /api/learning-paths/recommended/
WARNING 2025-07-29 16:18:40,157 basehttp 2104 29100 "GET /api/learning-paths/recommended/?user_level=beginner HTTP/1.1" 404 35
INFO 2025-07-29 16:18:40,180 basehttp 2104 20544 "GET /api/curated/videos/ HTTP/1.1" 200 23776
WARNING 2025-07-29 16:18:40,184 log 2104 20544 Not Found: /api/learning-paths/recommended/
WARNING 2025-07-29 16:18:40,185 basehttp 2104 20544 "GET /api/learning-paths/recommended/?user_level=beginner HTTP/1.1" 404 35
INFO 2025-07-29 16:18:40,189 basehttp 2104 27548 "GET /api/learning-paths/ HTTP/1.1" 200 769
INFO 2025-07-29 16:18:40,205 basehttp 2104 31488 "GET /api/curated/videos/ HTTP/1.1" 200 23776
INFO 2025-07-29 16:18:40,208 basehttp 2104 27160 "GET /api/learning-paths/ HTTP/1.1" 200 769
WARNING 2025-07-29 16:18:40,216 log 2104 31488 Not Found: /api/learning-paths/recommended/
WARNING 2025-07-29 16:18:40,217 basehttp 2104 31488 "GET /api/learning-paths/recommended/?user_level=beginner HTTP/1.1" 404 35
INFO 2025-07-29 16:18:40,228 basehttp 2104 29100 "GET /api/learning-paths/ HTTP/1.1" 200 769
WARNING 2025-07-29 16:18:40,241 log 2104 29100 Not Found: /api/learning-paths/recommended/
INFO 2025-07-29 16:18:40,243 basehttp 2104 23672 "GET /api/curated/videos/ HTTP/1.1" 200 23776
WARNING 2025-07-29 16:18:40,244 basehttp 2104 29100 "GET /api/learning-paths/recommended/?user_level=beginner HTTP/1.1" 404 35
INFO 2025-07-29 16:18:40,261 basehttp 2104 20544 "GET /api/curated/videos/ HTTP/1.1" 200 23776
INFO 2025-07-29 16:18:40,265 basehttp 2104 27548 "GET /api/learning-paths/ HTTP/1.1" 200 769
WARNING 2025-07-29 16:18:40,283 log 2104 20544 Not Found: /api/learning-paths/recommended/
INFO 2025-07-29 16:18:40,290 basehttp 2104 31488 "GET /api/learning-paths/ HTTP/1.1" 200 769
WARNING 2025-07-29 16:18:40,292 basehttp 2104 20544 "GET /api/learning-paths/recommended/?user_level=beginner HTTP/1.1" 404 35
INFO 2025-07-29 16:18:40,293 basehttp 2104 27160 "GET /api/curated/videos/ HTTP/1.1" 200 23776
WARNING 2025-07-29 16:18:40,316 log 2104 20544 Not Found: /api/learning-paths/recommended/
INFO 2025-07-29 16:18:40,318 basehttp 2104 29100 "GET /api/learning-paths/ HTTP/1.1" 200 769
WARNING 2025-07-29 16:18:40,321 basehttp 2104 20544 "GET /api/learning-paths/recommended/?user_level=beginner HTTP/1.1" 404 35
WARNING 2025-07-29 16:18:40,338 log 2104 20544 Not Found: /api/learning-paths/recommended/
INFO 2025-07-29 16:18:40,340 basehttp 2104 23672 "GET /api/curated/videos/ HTTP/1.1" 200 23776
WARNING 2025-07-29 16:18:40,346 basehttp 2104 20544 "GET /api/learning-paths/recommended/?user_level=beginner HTTP/1.1" 404 35
INFO 2025-07-29 16:18:40,348 basehttp 2104 27548 "GET /api/curated/videos/ HTTP/1.1" 200 23776
WARNING 2025-07-29 16:18:40,365 log 2104 27548 Not Found: /api/learning-paths/recommended/
INFO 2025-07-29 16:18:40,366 basehttp 2104 31488 "GET /api/learning-paths/ HTTP/1.1" 200 769
WARNING 2025-07-29 16:18:40,369 basehttp 2104 27548 "GET /api/learning-paths/recommended/?user_level=beginner HTTP/1.1" 404 35
INFO 2025-07-29 16:18:40,387 basehttp 2104 27160 "GET /api/curated/videos/ HTTP/1.1" 200 23776
WARNING 2025-07-29 16:18:40,396 log 2104 27160 Not Found: /api/learning-paths/recommended/
INFO 2025-07-29 16:18:40,398 basehttp 2104 29100 "GET /api/learning-paths/ HTTP/1.1" 200 769
WARNING 2025-07-29 16:18:40,400 basehttp 2104 27160 "GET /api/learning-paths/recommended/?user_level=beginner HTTP/1.1" 404 35
INFO 2025-07-29 16:18:40,424 basehttp 2104 23672 "GET /api/curated/videos/ HTTP/1.1" 200 23776
WARNING 2025-07-29 16:18:40,432 log 2104 23672 Not Found: /api/learning-paths/recommended/
INFO 2025-07-29 16:18:40,433 basehttp 2104 20544 "GET /api/learning-paths/ HTTP/1.1" 200 769
WARNING 2025-07-29 16:18:40,437 basehttp 2104 23672 "GET /api/learning-paths/recommended/?user_level=beginner HTTP/1.1" 404 35
INFO 2025-07-29 16:18:40,444 basehttp 2104 31488 "GET /api/curated/videos/ HTTP/1.1" 200 23776
WARNING 2025-07-29 16:18:40,450 log 2104 31488 Not Found: /api/learning-paths/recommended/
INFO 2025-07-29 16:18:40,454 basehttp 2104 27548 "GET /api/learning-paths/ HTTP/1.1" 200 769
WARNING 2025-07-29 16:18:40,455 basehttp 2104 31488 "GET /api/learning-paths/recommended/?user_level=beginner HTTP/1.1" 404 35
INFO 2025-07-29 16:18:40,471 basehttp 2104 29100 "GET /api/curated/videos/ HTTP/1.1" 200 23776
WARNING 2025-07-29 16:18:40,476 log 2104 29100 Not Found: /api/learning-paths/recommended/
INFO 2025-07-29 16:18:40,479 basehttp 2104 27160 "GET /api/learning-paths/ HTTP/1.1" 200 769
WARNING 2025-07-29 16:18:40,483 basehttp 2104 29100 "GET /api/learning-paths/recommended/?user_level=beginner HTTP/1.1" 404 35
INFO 2025-07-29 16:18:40,500 basehttp 2104 23672 "GET /api/learning-paths/ HTTP/1.1" 200 769
WARNING 2025-07-29 16:18:40,514 log 2104 23672 Not Found: /api/learning-paths/recommended/
INFO 2025-07-29 16:18:40,516 basehttp 2104 20544 "GET /api/curated/videos/ HTTP/1.1" 200 23776
WARNING 2025-07-29 16:18:40,526 basehttp 2104 23672 "GET /api/learning-paths/recommended/?user_level=beginner HTTP/1.1" 404 35
INFO 2025-07-29 16:18:40,552 basehttp 2104 31488 "GET /api/learning-paths/ HTTP/1.1" 200 769
INFO 2025-07-29 16:18:40,561 basehttp 2104 27160 "GET /api/curated/videos/ HTTP/1.1" 200 23776
INFO 2025-07-29 16:18:40,568 basehttp 2104 29100 "GET /api/learning-paths/ HTTP/1.1" 200 769
INFO 2025-07-29 16:18:40,569 basehttp 2104 27548 "GET /api/curated/videos/ HTTP/1.1" 200 23776
WARNING 2025-07-29 16:18:40,571 log 2104 31488 Not Found: /api/learning-paths/recommended/
WARNING 2025-07-29 16:18:40,589 log 2104 29100 Not Found: /api/learning-paths/recommended/
WARNING 2025-07-29 16:18:40,591 basehttp 2104 31488 "GET /api/learning-paths/recommended/?user_level=beginner HTTP/1.1" 404 35
WARNING 2025-07-29 16:18:40,606 basehttp 2104 29100 "GET /api/learning-paths/recommended/?user_level=beginner HTTP/1.1" 404 35
INFO 2025-07-29 16:18:40,608 basehttp 2104 23672 "GET /api/learning-paths/ HTTP/1.1" 200 769
INFO 2025-07-29 16:18:40,608 basehttp 2104 20544 "GET /api/curated/videos/ HTTP/1.1" 200 23776
WARNING 2025-07-29 16:18:40,630 log 2104 23672 Not Found: /api/learning-paths/recommended/
WARNING 2025-07-29 16:18:40,636 basehttp 2104 23672 "GET /api/learning-paths/recommended/?user_level=beginner HTTP/1.1" 404 35
INFO 2025-07-29 16:18:40,659 basehttp 2104 27160 "GET /api/curated/videos/ HTTP/1.1" 200 23776
INFO 2025-07-29 16:18:40,660 basehttp 2104 27548 "GET /api/learning-paths/ HTTP/1.1" 200 769
WARNING 2025-07-29 16:18:40,680 log 2104 27160 Not Found: /api/learning-paths/recommended/
INFO 2025-07-29 16:18:40,685 basehttp 2104 29100 "GET /api/learning-paths/ HTTP/1.1" 200 769
INFO 2025-07-29 16:18:40,686 basehttp 2104 31488 "GET /api/curated/videos/ HTTP/1.1" 200 23776
WARNING 2025-07-29 16:18:40,686 basehttp 2104 27160 "GET /api/learning-paths/recommended/?user_level=beginner HTTP/1.1" 404 35
WARNING 2025-07-29 16:18:40,695 log 2104 31488 Not Found: /api/learning-paths/recommended/
WARNING 2025-07-29 16:18:40,704 basehttp 2104 31488 "GET /api/learning-paths/recommended/?user_level=beginner HTTP/1.1" 404 35
INFO 2025-07-29 16:18:40,718 basehttp 2104 23672 "GET /api/learning-paths/ HTTP/1.1" 200 769
INFO 2025-07-29 16:18:40,721 basehttp 2104 20544 "GET /api/curated/videos/ HTTP/1.1" 200 23776
WARNING 2025-07-29 16:18:40,731 log 2104 23672 Not Found: /api/learning-paths/recommended/
WARNING 2025-07-29 16:18:40,732 basehttp 2104 23672 "GET /api/learning-paths/recommended/?user_level=beginner HTTP/1.1" 404 35
INFO 2025-07-29 16:18:40,750 basehttp 2104 27548 "GET /api/curated/videos/ HTTP/1.1" 200 23776
WARNING 2025-07-29 16:18:40,756 log 2104 27548 Not Found: /api/learning-paths/recommended/
INFO 2025-07-29 16:18:40,757 basehttp 2104 29100 "GET /api/learning-paths/ HTTP/1.1" 200 769
WARNING 2025-07-29 16:18:40,758 basehttp 2104 27548 "GET /api/learning-paths/recommended/?user_level=beginner HTTP/1.1" 404 35
INFO 2025-07-29 16:18:40,773 basehttp 2104 27160 "GET /api/curated/videos/ HTTP/1.1" 200 23776
WARNING 2025-07-29 16:18:40,778 log 2104 27160 Not Found: /api/learning-paths/recommended/
INFO 2025-07-29 16:18:40,779 basehttp 2104 31488 "GET /api/learning-paths/ HTTP/1.1" 200 769
WARNING 2025-07-29 16:18:40,780 basehttp 2104 27160 "GET /api/learning-paths/recommended/?user_level=beginner HTTP/1.1" 404 35
INFO 2025-07-29 16:18:40,796 basehttp 2104 20544 "GET /api/curated/videos/ HTTP/1.1" 200 23776
WARNING 2025-07-29 16:18:40,801 log 2104 20544 Not Found: /api/learning-paths/recommended/
INFO 2025-07-29 16:18:40,801 basehttp 2104 23672 "GET /api/learning-paths/ HTTP/1.1" 200 769
WARNING 2025-07-29 16:18:40,803 basehttp 2104 20544 "GET /api/learning-paths/recommended/?user_level=beginner HTTP/1.1" 404 35
INFO 2025-07-29 16:18:40,830 basehttp 2104 29100 "GET /api/curated/videos/ HTTP/1.1" 200 23776
WARNING 2025-07-29 16:18:40,836 log 2104 29100 Not Found: /api/learning-paths/recommended/
INFO 2025-07-29 16:18:40,838 basehttp 2104 27548 "GET /api/learning-paths/ HTTP/1.1" 200 769
WARNING 2025-07-29 16:18:40,838 basehttp 2104 29100 "GET /api/learning-paths/recommended/?user_level=beginner HTTP/1.1" 404 35
INFO 2025-07-29 16:18:40,850 basehttp 2104 27160 "GET /api/learning-paths/ HTTP/1.1" 200 769
INFO 2025-07-29 16:18:40,856 basehttp 2104 31488 "GET /api/curated/videos/ HTTP/1.1" 200 23776
WARNING 2025-07-29 16:18:40,857 log 2104 27160 Not Found: /api/learning-paths/recommended/
WARNING 2025-07-29 16:18:40,861 basehttp 2104 27160 "GET /api/learning-paths/recommended/?user_level=beginner HTTP/1.1" 404 35
INFO 2025-07-29 16:18:40,873 basehttp 2104 23672 "GET /api/curated/videos/ HTTP/1.1" 200 23776
WARNING 2025-07-29 16:18:40,879 log 2104 23672 Not Found: /api/learning-paths/recommended/
INFO 2025-07-29 16:18:40,880 basehttp 2104 20544 "GET /api/learning-paths/ HTTP/1.1" 200 769
WARNING 2025-07-29 16:18:40,881 basehttp 2104 23672 "GET /api/learning-paths/recommended/?user_level=beginner HTTP/1.1" 404 35
INFO 2025-07-29 16:18:40,909 basehttp 2104 29100 "GET /api/curated/videos/ HTTP/1.1" 200 23776
WARNING 2025-07-29 16:18:40,914 log 2104 29100 Not Found: /api/learning-paths/recommended/
INFO 2025-07-29 16:18:40,915 basehttp 2104 27548 "GET /api/learning-paths/ HTTP/1.1" 200 769
WARNING 2025-07-29 16:18:40,917 basehttp 2104 29100 "GET /api/learning-paths/recommended/?user_level=beginner HTTP/1.1" 404 35
INFO 2025-07-29 16:18:40,928 basehttp 2104 27160 "GET /api/learning-paths/ HTTP/1.1" 200 769
INFO 2025-07-29 16:18:40,929 basehttp 2104 31488 "GET /api/curated/videos/ HTTP/1.1" 200 23776
WARNING 2025-07-29 16:18:40,938 log 2104 27160 Not Found: /api/learning-paths/recommended/
WARNING 2025-07-29 16:18:40,939 basehttp 2104 27160 "GET /api/learning-paths/recommended/?user_level=beginner HTTP/1.1" 404 35
INFO 2025-07-29 16:18:40,954 basehttp 2104 20544 "GET /api/curated/videos/ HTTP/1.1" 200 23776
WARNING 2025-07-29 16:18:40,961 log 2104 20544 Not Found: /api/learning-paths/recommended/
INFO 2025-07-29 16:18:40,961 basehttp 2104 23672 "GET /api/learning-paths/ HTTP/1.1" 200 769
WARNING 2025-07-29 16:18:40,963 basehttp 2104 20544 "GET /api/learning-paths/recommended/?user_level=beginner HTTP/1.1" 404 35
INFO 2025-07-29 16:18:40,986 basehttp 2104 27548 "GET /api/curated/videos/ HTTP/1.1" 200 23776
INFO 2025-07-29 16:18:40,991 basehttp 2104 29100 "GET /api/learning-paths/ HTTP/1.1" 200 769
WARNING 2025-07-29 16:18:41,001 log 2104 29100 Not Found: /api/learning-paths/recommended/
INFO 2025-07-29 16:18:41,002 basehttp 2104 31488 "GET /api/curated/videos/ HTTP/1.1" 200 23776
WARNING 2025-07-29 16:18:41,006 basehttp 2104 29100 "GET /api/learning-paths/recommended/?user_level=beginner HTTP/1.1" 404 35
INFO 2025-07-29 16:18:41,025 basehttp 2104 27160 "GET /api/learning-paths/ HTTP/1.1" 200 769
INFO 2025-07-29 16:18:41,040 basehttp 2104 23672 "GET /api/curated/topics/ HTTP/1.1" 200 274
WARNING 2025-07-29 16:18:41,059 log 2104 23672 Not Found: /api/learning-paths/recommended/
INFO 2025-07-29 16:18:41,060 basehttp 2104 20544 "GET /api/curated/videos/ HTTP/1.1" 200 23776
INFO 2025-07-29 16:18:41,061 basehttp 2104 27548 "GET /api/learning-paths/ HTTP/1.1" 200 769
WARNING 2025-07-29 16:18:41,063 basehttp 2104 23672 "GET /api/learning-paths/recommended/?user_level=beginner HTTP/1.1" 404 35
INFO 2025-07-29 16:18:41,081 basehttp 2104 31488 "GET /api/curated/videos/ HTTP/1.1" 200 23776
INFO 2025-07-29 16:18:41,094 basehttp 2104 29100 "GET /api/curated/topics/ HTTP/1.1" 200 274
INFO 2025-07-29 16:18:41,102 basehttp 2104 27160 "GET /api/learning-paths/ HTTP/1.1" 200 769
WARNING 2025-07-29 16:19:08,833 log 2104 27548 Not Found: /api/learning-paths/recommended/
WARNING 2025-07-29 16:19:08,835 basehttp 2104 27548 "GET /api/learning-paths/recommended/?user_level=beginner HTTP/1.1" 404 35
INFO 2025-07-29 16:19:08,888 basehttp 2104 31488 "GET /api/learning-paths/ HTTP/1.1" 200 769
INFO 2025-07-29 16:19:08,941 basehttp 2104 29100 "GET /api/curated/topics/ HTTP/1.1" 200 274
INFO 2025-07-29 16:19:08,967 basehttp 2104 27160 "GET /api/curated/videos/ HTTP/1.1" 200 23776
WARNING 2025-07-29 16:24:24,006 log 2104 23100 Not Found: /api/learning-paths/recommended/
WARNING 2025-07-29 16:24:24,030 basehttp 2104 23100 "GET /api/learning-paths/recommended/?user_level=beginner HTTP/1.1" 404 35
INFO 2025-07-29 16:24:24,064 basehttp 2104 8536 "GET /api/learning-paths/ HTTP/1.1" 200 769
WARNING 2025-07-29 16:24:24,207 log 2104 23100 Not Found: /api/learning-paths/recommended/
INFO 2025-07-29 16:24:24,225 basehttp 2104 31396 "GET /api/learning-paths/ HTTP/1.1" 200 769
INFO 2025-07-29 16:24:24,227 basehttp 2104 25064 "GET /api/curated/videos/ HTTP/1.1" 200 23776
INFO 2025-07-29 16:24:24,229 basehttp 2104 32196 "GET /api/curated/topics/ HTTP/1.1" 200 274
WARNING 2025-07-29 16:24:24,234 basehttp 2104 23100 "GET /api/learning-paths/recommended/?user_level=beginner HTTP/1.1" 404 35
INFO 2025-07-29 16:24:24,348 basehttp 2104 8536 "GET /api/curated/videos/ HTTP/1.1" 200 23776
INFO 2025-07-29 16:24:24,350 basehttp 2104 31396 "GET /api/curated/topics/ HTTP/1.1" 200 274
INFO 2025-07-29 16:25:26,693 basehttp 2104 8536 "GET /api/trending-words/ HTTP/1.1" 200 192
INFO 2025-07-29 16:25:26,791 basehttp 2104 31396 "GET /api/trending-words/ HTTP/1.1" 200 192
INFO 2025-07-29 16:25:48,074 basehttp 2104 31396 "GET /api/trending-words/ HTTP/1.1" 200 192
INFO 2025-07-29 16:25:48,151 basehttp 2104 8536 "GET /api/trending-words/ HTTP/1.1" 200 192
INFO 2025-07-29 16:26:54,073 basehttp 2104 32196 "OPTIONS /api/progress/ HTTP/1.1" 200 0
INFO 2025-07-29 16:26:54,075 basehttp 2104 8536 "OPTIONS /api/progress/ HTTP/1.1" 200 0
INFO 2025-07-29 16:26:54,152 basehttp 2104 8536 "GET /api/progress/ HTTP/1.1" 200 25
INFO 2025-07-29 16:26:54,203 basehttp 2104 23100 "GET /api/curated/topics/ HTTP/1.1" 200 274
INFO 2025-07-29 16:26:54,211 basehttp 2104 31396 "GET /api/curated/videos/ HTTP/1.1" 200 23776
INFO 2025-07-29 16:26:54,222 basehttp 2104 32196 "GET /api/progress/ HTTP/1.1" 200 25
INFO 2025-07-29 16:26:54,270 basehttp 2104 8536 "GET /api/curated/topics/ HTTP/1.1" 200 274
INFO 2025-07-29 16:26:54,289 basehttp 2104 23100 "GET /api/curated/videos/ HTTP/1.1" 200 23776
INFO 2025-07-29 16:28:10,198 basehttp 2104 23100 "GET /api/trending-words/ HTTP/1.1" 200 192
INFO 2025-07-29 16:28:10,277 basehttp 2104 8536 "GET /api/trending-words/ HTTP/1.1" 200 192
INFO 2025-07-29 16:28:25,266 basehttp 2104 32196 "GET /api/progress/ HTTP/1.1" 200 25
INFO 2025-07-29 16:28:25,315 basehttp 2104 23100 "GET /api/curated/topics/ HTTP/1.1" 200 274
INFO 2025-07-29 16:28:25,348 basehttp 2104 8536 "GET /api/curated/videos/ HTTP/1.1" 200 23776
INFO 2025-07-29 16:28:25,348 basehttp 2104 31396 "GET /api/progress/ HTTP/1.1" 200 25
INFO 2025-07-29 16:28:25,383 basehttp 2104 32196 "GET /api/curated/topics/ HTTP/1.1" 200 274
INFO 2025-07-29 16:28:25,488 basehttp 2104 23100 "GET /api/curated/videos/ HTTP/1.1" 200 23776
INFO 2025-07-29 16:28:52,595 basehttp 2104 23100 "GET /api/trending-words/ HTTP/1.1" 200 192
INFO 2025-07-29 16:28:52,664 basehttp 2104 32196 "GET /api/trending-words/ HTTP/1.1" 200 192
INFO 2025-07-29 16:30:57,186 basehttp 2104 32196 "OPTIONS /api/practice/sets/ HTTP/1.1" 200 0
INFO 2025-07-29 16:30:57,188 basehttp 2104 23100 "OPTIONS /api/practice/sets/ HTTP/1.1" 200 0
INFO 2025-07-29 16:30:57,439 basehttp 2104 23100 "GET /api/practice/sets/ HTTP/1.1" 200 342
INFO 2025-07-29 16:30:57,516 basehttp 2104 23100 "OPTIONS /api/transcripts/UayIEps9Y70/ HTTP/1.1" 200 0
INFO 2025-07-29 16:30:57,666 basehttp 2104 32196 "GET /api/practice/sets/ HTTP/1.1" 200 342
INFO 2025-07-29 16:30:57,786 basehttp 2104 23100 "GET /api/transcripts/UayIEps9Y70/ HTTP/1.1" 200 9381
INFO 2025-07-29 16:30:57,932 basehttp 2104 32196 "GET /api/transcripts/UayIEps9Y70/ HTTP/1.1" 200 9381
INFO 2025-07-29 16:31:00,938 basehttp 2104 32196 "GET /api/trending-words/ HTTP/1.1" 200 192
INFO 2025-07-29 16:31:01,017 basehttp 2104 23100 "GET /api/trending-words/ HTTP/1.1" 200 192
INFO 2025-07-29 16:36:29,349 basehttp 2104 12968 "GET /api/progress/ HTTP/1.1" 200 25
INFO 2025-07-29 16:36:29,355 basehttp 2104 6688 "GET /api/curated/videos/ HTTP/1.1" 200 23776
INFO 2025-07-29 16:36:29,358 basehttp 2104 23240 "GET /api/curated/topics/ HTTP/1.1" 200 274
INFO 2025-07-29 16:36:29,440 basehttp 2104 16568 "GET /api/curated/videos/ HTTP/1.1" 200 23776
INFO 2025-07-29 16:36:29,492 basehttp 2104 6688 "GET /api/progress/ HTTP/1.1" 200 25
INFO 2025-07-29 16:36:29,573 basehttp 2104 12968 "GET /api/curated/topics/ HTTP/1.1" 200 274
INFO 2025-07-29 16:37:30,624 autoreload 2104 11376 C:\Users\kaler\Desktop\hindi-learning-assistant\backend\api\services\mongo_service.py changed, reloading.
INFO 2025-07-29 16:37:58,696 autoreload 23576 19640 Watching for file changes with StatReloader
INFO 2025-07-29 16:39:42,705 basehttp 23576 16532 "GET /api/trending-words/ HTTP/1.1" 200 192
INFO 2025-07-29 16:39:42,807 basehttp 23576 24588 "GET /api/trending-words/ HTTP/1.1" 200 192
INFO 2025-07-29 16:40:51,450 basehttp 23576 24588 "GET /api/trending-words/ HTTP/1.1" 200 192
INFO 2025-07-29 16:40:51,528 basehttp 23576 16532 "GET /api/trending-words/ HTTP/1.1" 200 192
INFO 2025-07-29 16:41:23,084 basehttp 23576 16532 "GET /api/trending-words/ HTTP/1.1" 200 192
INFO 2025-07-29 16:41:23,176 basehttp 23576 24588 "GET /api/trending-words/ HTTP/1.1" 200 192
INFO 2025-07-29 16:46:49,096 basehttp 23576 23868 "GET /api/progress/ HTTP/1.1" 200 25
INFO 2025-07-29 16:46:49,182 basehttp 23576 23724 "GET /api/progress/ HTTP/1.1" 200 25
INFO 2025-07-29 16:46:49,666 basehttp 23576 28844 "GET /api/curated/topics/ HTTP/1.1" 200 274
INFO 2025-07-29 16:46:49,713 basehttp 23576 2584 "GET /api/curated/videos/ HTTP/1.1" 200 23776
INFO 2025-07-29 16:46:49,750 basehttp 23576 23724 "GET /api/curated/topics/ HTTP/1.1" 200 274
INFO 2025-07-29 16:46:49,795 basehttp 23576 28844 "GET /api/curated/videos/ HTTP/1.1" 200 23776
INFO 2025-07-29 16:49:56,586 autoreload 23576 19640 C:\Users\kaler\Desktop\hindi-learning-assistant\backend\api\services\mongo_service.py changed, reloading.
INFO 2025-07-29 16:50:31,327 autoreload 21880 32424 Watching for file changes with StatReloader
INFO 2025-07-29 16:53:39,948 basehttp 21880 7992 "GET /api/curated/videos/ HTTP/1.1" 200 23776
INFO 2025-07-29 16:53:40,310 basehttp 21880 17204 "GET /api/progress/ HTTP/1.1" 200 25
INFO 2025-07-29 16:53:40,354 basehttp 21880 23956 "GET /api/curated/topics/ HTTP/1.1" 200 274
INFO 2025-07-29 16:58:41,963 basehttp 21880 27752 "GET /api/progress/ HTTP/1.1" 200 25
INFO 2025-07-29 16:58:42,001 basehttp 21880 29412 "GET /api/curated/videos/ HTTP/1.1" 200 23776
INFO 2025-07-29 16:58:42,013 basehttp 21880 25956 "GET /api/curated/topics/ HTTP/1.1" 200 274
INFO 2025-07-29 17:03:16,556 basehttp 21880 29024 "GET /api/trending-words/ HTTP/1.1" 200 192
INFO 2025-07-29 17:03:16,658 basehttp 21880 29024 "GET /api/trending-words/ HTTP/1.1" 200 192
INFO 2025-07-29 17:03:20,802 basehttp 21880 16776 "GET /api/progress/ HTTP/1.1" 200 25
INFO 2025-07-29 17:03:20,814 basehttp 21880 29024 "GET /api/curated/topics/ HTTP/1.1" 200 274
INFO 2025-07-29 17:03:20,929 basehttp 21880 3760 "GET /api/curated/videos/ HTTP/1.1" 200 23776
INFO 2025-07-29 17:03:20,998 basehttp 21880 16776 "GET /api/progress/ HTTP/1.1" 200 25
INFO 2025-07-29 17:03:21,057 basehttp 21880 29024 "GET /api/curated/topics/ HTTP/1.1" 200 274
INFO 2025-07-29 17:03:21,119 basehttp 21880 3760 "GET /api/curated/videos/ HTTP/1.1" 200 23776
INFO 2025-07-29 17:04:33,377 basehttp 21880 16776 "GET /api/progress/ HTTP/1.1" 200 25
INFO 2025-07-29 17:04:33,444 basehttp 21880 3760 "GET /api/curated/videos/ HTTP/1.1" 200 23776
INFO 2025-07-29 17:04:33,445 basehttp 21880 29024 "GET /api/curated/topics/ HTTP/1.1" 200 274
INFO 2025-07-29 17:07:00,230 autoreload 21880 32424 C:\Users\kaler\Desktop\hindi-learning-assistant\backend\api\views.py changed, reloading.
INFO 2025-07-29 17:07:23,767 autoreload 26688 9416 Watching for file changes with StatReloader
INFO 2025-07-29 17:11:41,780 autoreload 26688 9416 C:\Users\kaler\Desktop\hindi-learning-assistant\backend\api\views.py changed, reloading.
INFO 2025-07-29 17:11:46,067 autoreload 28692 11144 Watching for file changes with StatReloader
INFO 2025-07-29 17:14:33,042 autoreload 28692 11144 C:\Users\kaler\Desktop\hindi-learning-assistant\backend\api\views.py changed, reloading.
INFO 2025-07-29 17:14:37,328 autoreload 20704 26692 Watching for file changes with StatReloader
WARNING 2025-07-29 17:15:34,161 log 20704 32440 Unauthorized: /api/curated/videos/
WARNING 2025-07-29 17:15:34,166 log 20704 21416 Unauthorized: /api/progress/
WARNING 2025-07-29 17:15:34,169 log 20704 27856 Unauthorized: /api/curated/topics/
WARNING 2025-07-29 17:15:34,169 basehttp 20704 32440 "GET /api/curated/videos/ HTTP/1.1" 401 183
WARNING 2025-07-29 17:15:34,172 basehttp 20704 21416 "GET /api/progress/ HTTP/1.1" 401 183
WARNING 2025-07-29 17:15:34,173 basehttp 20704 27856 "GET /api/curated/topics/ HTTP/1.1" 401 183
ERROR 2025-07-29 17:15:34,373 log 20704 21416 Internal Server Error: /api/auth/refresh/
Traceback (most recent call last):
  File "C:\Users\kaler\AppData\Local\Programs\Python\Python39\lib\site-packages\django\db\backends\utils.py", line 89, in _execute
    return self.cursor.execute(sql, params)
  File "C:\Users\kaler\AppData\Local\Programs\Python\Python39\lib\site-packages\django\db\backends\sqlite3\base.py", line 328, in execute
    return super().execute(query, params)
sqlite3.OperationalError: no such table: token_blacklist_blacklistedtoken

The above exception was the direct cause of the following exception:

Traceback (most recent call last):
  File "C:\Users\kaler\AppData\Local\Programs\Python\Python39\lib\site-packages\django\core\handlers\exception.py", line 55, in inner
    response = get_response(request)
  File "C:\Users\kaler\AppData\Local\Programs\Python\Python39\lib\site-packages\django\core\handlers\base.py", line 197, in _get_response
    response = wrapped_callback(request, *callback_args, **callback_kwargs)
  File "C:\Users\kaler\AppData\Local\Programs\Python\Python39\lib\site-packages\django\views\decorators\csrf.py", line 56, in wrapper_view
    return view_func(*args, **kwargs)
  File "C:\Users\kaler\AppData\Local\Programs\Python\Python39\lib\site-packages\django\views\generic\base.py", line 104, in view
    return self.dispatch(request, *args, **kwargs)
  File "C:\Users\kaler\AppData\Local\Programs\Python\Python39\lib\site-packages\rest_framework\views.py", line 509, in dispatch
    response = self.handle_exception(exc)
  File "C:\Users\kaler\AppData\Local\Programs\Python\Python39\lib\site-packages\rest_framework\views.py", line 469, in handle_exception
    self.raise_uncaught_exception(exc)
  File "C:\Users\kaler\AppData\Local\Programs\Python\Python39\lib\site-packages\rest_framework\views.py", line 480, in raise_uncaught_exception
    raise exc
  File "C:\Users\kaler\AppData\Local\Programs\Python\Python39\lib\site-packages\rest_framework\views.py", line 506, in dispatch
    response = handler(request, *args, **kwargs)
  File "C:\Users\kaler\AppData\Local\Programs\Python\Python39\lib\site-packages\rest_framework_simplejwt\views.py", line 44, in post
    serializer.is_valid(raise_exception=True)
  File "C:\Users\kaler\AppData\Local\Programs\Python\Python39\lib\site-packages\rest_framework\serializers.py", line 227, in is_valid
    self._validated_data = self.run_validation(self.initial_data)
  File "C:\Users\kaler\AppData\Local\Programs\Python\Python39\lib\site-packages\rest_framework\serializers.py", line 429, in run_validation
    value = self.validate(value)
  File "C:\Users\kaler\AppData\Local\Programs\Python\Python39\lib\site-packages\rest_framework_simplejwt\serializers.py", line 108, in validate
    refresh = self.token_class(attrs["refresh"])
  File "C:\Users\kaler\AppData\Local\Programs\Python\Python39\lib\site-packages\rest_framework_simplejwt\tokens.py", line 61, in __init__
    self.verify()
  File "C:\Users\kaler\AppData\Local\Programs\Python\Python39\lib\site-packages\rest_framework_simplejwt\tokens.py", line 245, in verify
    self.check_blacklist()
  File "C:\Users\kaler\AppData\Local\Programs\Python\Python39\lib\site-packages\rest_framework_simplejwt\tokens.py", line 256, in check_blacklist
    if BlacklistedToken.objects.filter(token__jti=jti).exists():
  File "C:\Users\kaler\AppData\Local\Programs\Python\Python39\lib\site-packages\django\db\models\query.py", line 1241, in exists
    return self.query.has_results(using=self.db)
  File "C:\Users\kaler\AppData\Local\Programs\Python\Python39\lib\site-packages\django\db\models\sql\query.py", line 598, in has_results
    return compiler.has_results()
  File "C:\Users\kaler\AppData\Local\Programs\Python\Python39\lib\site-packages\django\db\models\sql\compiler.py", line 1530, in has_results
    return bool(self.execute_sql(SINGLE))
  File "C:\Users\kaler\AppData\Local\Programs\Python\Python39\lib\site-packages\django\db\models\sql\compiler.py", line 1562, in execute_sql
    cursor.execute(sql, params)
  File "C:\Users\kaler\AppData\Local\Programs\Python\Python39\lib\site-packages\django\db\backends\utils.py", line 102, in execute
    return super().execute(sql, params)
  File "C:\Users\kaler\AppData\Local\Programs\Python\Python39\lib\site-packages\django\db\backends\utils.py", line 67, in execute
    return self._execute_with_wrappers(
  File "C:\Users\kaler\AppData\Local\Programs\Python\Python39\lib\site-packages\django\db\backends\utils.py", line 80, in _execute_with_wrappers
    return executor(sql, params, many, context)
  File "C:\Users\kaler\AppData\Local\Programs\Python\Python39\lib\site-packages\django\db\backends\utils.py", line 89, in _execute
    return self.cursor.execute(sql, params)
  File "C:\Users\kaler\AppData\Local\Programs\Python\Python39\lib\site-packages\django\db\utils.py", line 91, in __exit__
    raise dj_exc_value.with_traceback(traceback) from exc_value
  File "C:\Users\kaler\AppData\Local\Programs\Python\Python39\lib\site-packages\django\db\backends\utils.py", line 89, in _execute
    return self.cursor.execute(sql, params)
  File "C:\Users\kaler\AppData\Local\Programs\Python\Python39\lib\site-packages\django\db\backends\sqlite3\base.py", line 328, in execute
    return super().execute(query, params)
django.db.utils.OperationalError: no such table: token_blacklist_blacklistedtoken
ERROR 2025-07-29 17:15:34,387 log 20704 32440 Internal Server Error: /api/auth/refresh/
Traceback (most recent call last):
  File "C:\Users\kaler\AppData\Local\Programs\Python\Python39\lib\site-packages\django\db\backends\utils.py", line 89, in _execute
    return self.cursor.execute(sql, params)
  File "C:\Users\kaler\AppData\Local\Programs\Python\Python39\lib\site-packages\django\db\backends\sqlite3\base.py", line 328, in execute
    return super().execute(query, params)
sqlite3.OperationalError: no such table: token_blacklist_blacklistedtoken

The above exception was the direct cause of the following exception:

Traceback (most recent call last):
  File "C:\Users\kaler\AppData\Local\Programs\Python\Python39\lib\site-packages\django\core\handlers\exception.py", line 55, in inner
    response = get_response(request)
  File "C:\Users\kaler\AppData\Local\Programs\Python\Python39\lib\site-packages\django\core\handlers\base.py", line 197, in _get_response
    response = wrapped_callback(request, *callback_args, **callback_kwargs)
  File "C:\Users\kaler\AppData\Local\Programs\Python\Python39\lib\site-packages\django\views\decorators\csrf.py", line 56, in wrapper_view
    return view_func(*args, **kwargs)
  File "C:\Users\kaler\AppData\Local\Programs\Python\Python39\lib\site-packages\django\views\generic\base.py", line 104, in view
    return self.dispatch(request, *args, **kwargs)
  File "C:\Users\kaler\AppData\Local\Programs\Python\Python39\lib\site-packages\rest_framework\views.py", line 509, in dispatch
    response = self.handle_exception(exc)
  File "C:\Users\kaler\AppData\Local\Programs\Python\Python39\lib\site-packages\rest_framework\views.py", line 469, in handle_exception
    self.raise_uncaught_exception(exc)
  File "C:\Users\kaler\AppData\Local\Programs\Python\Python39\lib\site-packages\rest_framework\views.py", line 480, in raise_uncaught_exception
    raise exc
  File "C:\Users\kaler\AppData\Local\Programs\Python\Python39\lib\site-packages\rest_framework\views.py", line 506, in dispatch
    response = handler(request, *args, **kwargs)
  File "C:\Users\kaler\AppData\Local\Programs\Python\Python39\lib\site-packages\rest_framework_simplejwt\views.py", line 44, in post
    serializer.is_valid(raise_exception=True)
  File "C:\Users\kaler\AppData\Local\Programs\Python\Python39\lib\site-packages\rest_framework\serializers.py", line 227, in is_valid
    self._validated_data = self.run_validation(self.initial_data)
  File "C:\Users\kaler\AppData\Local\Programs\Python\Python39\lib\site-packages\rest_framework\serializers.py", line 429, in run_validation
    value = self.validate(value)
  File "C:\Users\kaler\AppData\Local\Programs\Python\Python39\lib\site-packages\rest_framework_simplejwt\serializers.py", line 108, in validate
    refresh = self.token_class(attrs["refresh"])
  File "C:\Users\kaler\AppData\Local\Programs\Python\Python39\lib\site-packages\rest_framework_simplejwt\tokens.py", line 61, in __init__
    self.verify()
  File "C:\Users\kaler\AppData\Local\Programs\Python\Python39\lib\site-packages\rest_framework_simplejwt\tokens.py", line 245, in verify
    self.check_blacklist()
  File "C:\Users\kaler\AppData\Local\Programs\Python\Python39\lib\site-packages\rest_framework_simplejwt\tokens.py", line 256, in check_blacklist
    if BlacklistedToken.objects.filter(token__jti=jti).exists():
  File "C:\Users\kaler\AppData\Local\Programs\Python\Python39\lib\site-packages\django\db\models\query.py", line 1241, in exists
    return self.query.has_results(using=self.db)
  File "C:\Users\kaler\AppData\Local\Programs\Python\Python39\lib\site-packages\django\db\models\sql\query.py", line 598, in has_results
    return compiler.has_results()
  File "C:\Users\kaler\AppData\Local\Programs\Python\Python39\lib\site-packages\django\db\models\sql\compiler.py", line 1530, in has_results
    return bool(self.execute_sql(SINGLE))
  File "C:\Users\kaler\AppData\Local\Programs\Python\Python39\lib\site-packages\django\db\models\sql\compiler.py", line 1562, in execute_sql
    cursor.execute(sql, params)
  File "C:\Users\kaler\AppData\Local\Programs\Python\Python39\lib\site-packages\django\db\backends\utils.py", line 102, in execute
    return super().execute(sql, params)
  File "C:\Users\kaler\AppData\Local\Programs\Python\Python39\lib\site-packages\django\db\backends\utils.py", line 67, in execute
    return self._execute_with_wrappers(
  File "C:\Users\kaler\AppData\Local\Programs\Python\Python39\lib\site-packages\django\db\backends\utils.py", line 80, in _execute_with_wrappers
    return executor(sql, params, many, context)
  File "C:\Users\kaler\AppData\Local\Programs\Python\Python39\lib\site-packages\django\db\backends\utils.py", line 89, in _execute
    return self.cursor.execute(sql, params)
  File "C:\Users\kaler\AppData\Local\Programs\Python\Python39\lib\site-packages\django\db\utils.py", line 91, in __exit__
    raise dj_exc_value.with_traceback(traceback) from exc_value
  File "C:\Users\kaler\AppData\Local\Programs\Python\Python39\lib\site-packages\django\db\backends\utils.py", line 89, in _execute
    return self.cursor.execute(sql, params)
  File "C:\Users\kaler\AppData\Local\Programs\Python\Python39\lib\site-packages\django\db\backends\sqlite3\base.py", line 328, in execute
    return super().execute(query, params)
django.db.utils.OperationalError: no such table: token_blacklist_blacklistedtoken
ERROR 2025-07-29 17:15:34,397 log 20704 27856 Internal Server Error: /api/auth/refresh/
Traceback (most recent call last):
  File "C:\Users\kaler\AppData\Local\Programs\Python\Python39\lib\site-packages\django\db\backends\utils.py", line 89, in _execute
    return self.cursor.execute(sql, params)
  File "C:\Users\kaler\AppData\Local\Programs\Python\Python39\lib\site-packages\django\db\backends\sqlite3\base.py", line 328, in execute
    return super().execute(query, params)
sqlite3.OperationalError: no such table: token_blacklist_blacklistedtoken

The above exception was the direct cause of the following exception:

Traceback (most recent call last):
  File "C:\Users\kaler\AppData\Local\Programs\Python\Python39\lib\site-packages\django\core\handlers\exception.py", line 55, in inner
    response = get_response(request)
  File "C:\Users\kaler\AppData\Local\Programs\Python\Python39\lib\site-packages\django\core\handlers\base.py", line 197, in _get_response
    response = wrapped_callback(request, *callback_args, **callback_kwargs)
  File "C:\Users\kaler\AppData\Local\Programs\Python\Python39\lib\site-packages\django\views\decorators\csrf.py", line 56, in wrapper_view
    return view_func(*args, **kwargs)
  File "C:\Users\kaler\AppData\Local\Programs\Python\Python39\lib\site-packages\django\views\generic\base.py", line 104, in view
    return self.dispatch(request, *args, **kwargs)
  File "C:\Users\kaler\AppData\Local\Programs\Python\Python39\lib\site-packages\rest_framework\views.py", line 509, in dispatch
    response = self.handle_exception(exc)
  File "C:\Users\kaler\AppData\Local\Programs\Python\Python39\lib\site-packages\rest_framework\views.py", line 469, in handle_exception
    self.raise_uncaught_exception(exc)
  File "C:\Users\kaler\AppData\Local\Programs\Python\Python39\lib\site-packages\rest_framework\views.py", line 480, in raise_uncaught_exception
    raise exc
  File "C:\Users\kaler\AppData\Local\Programs\Python\Python39\lib\site-packages\rest_framework\views.py", line 506, in dispatch
    response = handler(request, *args, **kwargs)
  File "C:\Users\kaler\AppData\Local\Programs\Python\Python39\lib\site-packages\rest_framework_simplejwt\views.py", line 44, in post
    serializer.is_valid(raise_exception=True)
  File "C:\Users\kaler\AppData\Local\Programs\Python\Python39\lib\site-packages\rest_framework\serializers.py", line 227, in is_valid
    self._validated_data = self.run_validation(self.initial_data)
  File "C:\Users\kaler\AppData\Local\Programs\Python\Python39\lib\site-packages\rest_framework\serializers.py", line 429, in run_validation
    value = self.validate(value)
  File "C:\Users\kaler\AppData\Local\Programs\Python\Python39\lib\site-packages\rest_framework_simplejwt\serializers.py", line 108, in validate
    refresh = self.token_class(attrs["refresh"])
  File "C:\Users\kaler\AppData\Local\Programs\Python\Python39\lib\site-packages\rest_framework_simplejwt\tokens.py", line 61, in __init__
    self.verify()
  File "C:\Users\kaler\AppData\Local\Programs\Python\Python39\lib\site-packages\rest_framework_simplejwt\tokens.py", line 245, in verify
    self.check_blacklist()
  File "C:\Users\kaler\AppData\Local\Programs\Python\Python39\lib\site-packages\rest_framework_simplejwt\tokens.py", line 256, in check_blacklist
    if BlacklistedToken.objects.filter(token__jti=jti).exists():
  File "C:\Users\kaler\AppData\Local\Programs\Python\Python39\lib\site-packages\django\db\models\query.py", line 1241, in exists
    return self.query.has_results(using=self.db)
  File "C:\Users\kaler\AppData\Local\Programs\Python\Python39\lib\site-packages\django\db\models\sql\query.py", line 598, in has_results
    return compiler.has_results()
  File "C:\Users\kaler\AppData\Local\Programs\Python\Python39\lib\site-packages\django\db\models\sql\compiler.py", line 1530, in has_results
    return bool(self.execute_sql(SINGLE))
  File "C:\Users\kaler\AppData\Local\Programs\Python\Python39\lib\site-packages\django\db\models\sql\compiler.py", line 1562, in execute_sql
    cursor.execute(sql, params)
  File "C:\Users\kaler\AppData\Local\Programs\Python\Python39\lib\site-packages\django\db\backends\utils.py", line 102, in execute
    return super().execute(sql, params)
  File "C:\Users\kaler\AppData\Local\Programs\Python\Python39\lib\site-packages\django\db\backends\utils.py", line 67, in execute
    return self._execute_with_wrappers(
  File "C:\Users\kaler\AppData\Local\Programs\Python\Python39\lib\site-packages\django\db\backends\utils.py", line 80, in _execute_with_wrappers
    return executor(sql, params, many, context)
  File "C:\Users\kaler\AppData\Local\Programs\Python\Python39\lib\site-packages\django\db\backends\utils.py", line 89, in _execute
    return self.cursor.execute(sql, params)
  File "C:\Users\kaler\AppData\Local\Programs\Python\Python39\lib\site-packages\django\db\utils.py", line 91, in __exit__
    raise dj_exc_value.with_traceback(traceback) from exc_value
  File "C:\Users\kaler\AppData\Local\Programs\Python\Python39\lib\site-packages\django\db\backends\utils.py", line 89, in _execute
    return self.cursor.execute(sql, params)
  File "C:\Users\kaler\AppData\Local\Programs\Python\Python39\lib\site-packages\django\db\backends\sqlite3\base.py", line 328, in execute
    return super().execute(query, params)
django.db.utils.OperationalError: no such table: token_blacklist_blacklistedtoken
ERROR 2025-07-29 17:15:34,411 basehttp 20704 21416 "POST /api/auth/refresh/ HTTP/1.1" 500 190175
ERROR 2025-07-29 17:15:34,419 basehttp 20704 32440 "POST /api/auth/refresh/ HTTP/1.1" 500 190175
ERROR 2025-07-29 17:15:34,426 basehttp 20704 27856 "POST /api/auth/refresh/ HTTP/1.1" 500 190175
INFO 2025-07-29 17:15:58,450 autoreload 27608 24776 Watching for file changes with StatReloader
INFO 2025-07-29 17:16:16,158 basehttp 27608 22712 "POST /api/auth/login/ HTTP/1.1" 200 747
INFO 2025-07-29 17:16:16,493 basehttp 27608 22712 "GET /api/trending-words/ HTTP/1.1" 200 192
INFO 2025-07-29 17:16:16,568 basehttp 27608 31520 "GET /api/trending-words/ HTTP/1.1" 200 192
INFO 2025-07-29 17:16:20,199 basehttp 27608 31520 "GET /api/curated/videos/ HTTP/1.1" 200 28976
INFO 2025-07-29 17:16:20,268 basehttp 27608 31520 "GET /api/progress/ HTTP/1.1" 200 25
INFO 2025-07-29 17:16:20,339 basehttp 27608 31520 "GET /api/curated/videos/ HTTP/1.1" 200 28976
INFO 2025-07-29 17:16:20,411 basehttp 27608 31520 "GET /api/progress/ HTTP/1.1" 200 25
INFO 2025-07-29 17:16:20,511 basehttp 27608 22712 "GET /api/curated/topics/ HTTP/1.1" 200 274
INFO 2025-07-29 17:16:20,569 basehttp 27608 31520 "GET /api/curated/topics/ HTTP/1.1" 200 274
INFO 2025-07-29 17:17:59,982 basehttp 27608 17320 "GET /api/curated/videos/ HTTP/1.1" 200 28976
INFO 2025-07-29 17:20:53,785 basehttp 27608 22712 "GET /api/curated/topics/ HTTP/1.1" 200 274
INFO 2025-07-29 17:20:53,820 basehttp 27608 31520 "GET /api/curated/videos/ HTTP/1.1" 200 28976
INFO 2025-07-29 17:20:53,885 basehttp 27608 22712 "GET /api/progress/ HTTP/1.1" 200 25
INFO 2025-07-29 17:20:53,908 basehttp 27608 31520 "GET /api/curated/topics/ HTTP/1.1" 200 274
INFO 2025-07-29 17:20:53,949 basehttp 27608 22712 "GET /api/progress/ HTTP/1.1" 200 25
INFO 2025-07-29 17:20:54,427 basehttp 27608 29772 "GET /api/curated/videos/ HTTP/1.1" 200 28976
INFO 2025-07-29 17:23:26,887 basehttp 27608 31520 "GET /api/progress/ HTTP/1.1" 200 25
INFO 2025-07-29 17:23:26,963 basehttp 27608 29772 "GET /api/curated/topics/ HTTP/1.1" 200 274
INFO 2025-07-29 17:23:26,965 basehttp 27608 22712 "GET /api/curated/videos/ HTTP/1.1" 200 28976
INFO 2025-07-29 17:23:26,998 basehttp 27608 31520 "GET /api/progress/ HTTP/1.1" 200 25
INFO 2025-07-29 17:23:27,118 basehttp 27608 22712 "GET /api/curated/videos/ HTTP/1.1" 200 28976
INFO 2025-07-29 17:23:27,166 basehttp 27608 29772 "GET /api/curated/topics/ HTTP/1.1" 200 274
INFO 2025-07-29 17:23:35,419 basehttp 27608 31520 "GET /api/progress/ HTTP/1.1" 200 25
INFO 2025-07-29 17:23:35,490 basehttp 27608 22712 "GET /api/curated/topics/ HTTP/1.1" 200 274
INFO 2025-07-29 17:23:35,494 basehttp 27608 29772 "GET /api/curated/videos/ HTTP/1.1" 200 28976
INFO 2025-07-29 17:23:43,572 basehttp 27608 31520 "GET /api/progress/ HTTP/1.1" 200 25
INFO 2025-07-29 17:23:43,631 basehttp 27608 22712 "GET /api/curated/topics/ HTTP/1.1" 200 274
INFO 2025-07-29 17:23:43,631 basehttp 27608 29772 "GET /api/curated/videos/ HTTP/1.1" 200 28976
INFO 2025-07-29 17:24:29,675 basehttp 27608 31520 "GET /api/progress/ HTTP/1.1" 200 25
INFO 2025-07-29 17:24:29,750 basehttp 27608 29772 "GET /api/curated/topics/ HTTP/1.1" 200 274
INFO 2025-07-29 17:24:29,848 basehttp 27608 22712 "GET /api/curated/videos/ HTTP/1.1" 200 28976
INFO 2025-07-29 17:25:01,360 basehttp 27608 31520 "GET /api/progress/ HTTP/1.1" 200 25
INFO 2025-07-29 17:25:01,432 basehttp 27608 29772 "GET /api/curated/topics/ HTTP/1.1" 200 274
INFO 2025-07-29 17:25:01,461 basehttp 27608 22712 "GET /api/curated/videos/ HTTP/1.1" 200 28976
INFO 2025-07-29 17:25:10,370 basehttp 27608 31520 "GET /api/progress/ HTTP/1.1" 200 25
INFO 2025-07-29 17:25:10,418 basehttp 27608 22712 "GET /api/curated/videos/ HTTP/1.1" 200 28976
INFO 2025-07-29 17:25:10,426 basehttp 27608 29772 "GET /api/curated/topics/ HTTP/1.1" 200 274
INFO 2025-07-29 17:25:26,851 basehttp 27608 31520 "GET /api/progress/ HTTP/1.1" 200 25
INFO 2025-07-29 17:25:26,912 basehttp 27608 29772 "GET /api/curated/videos/ HTTP/1.1" 200 28976
INFO 2025-07-29 17:25:26,963 basehttp 27608 22712 "GET /api/curated/topics/ HTTP/1.1" 200 274
INFO 2025-07-29 17:25:35,742 basehttp 27608 31520 "GET /api/progress/ HTTP/1.1" 200 25
INFO 2025-07-29 17:25:35,787 basehttp 27608 22712 "GET /api/curated/videos/ HTTP/1.1" 200 28976
INFO 2025-07-29 17:25:35,796 basehttp 27608 29772 "GET /api/curated/topics/ HTTP/1.1" 200 274
INFO 2025-07-29 17:25:45,236 basehttp 27608 31520 "GET /api/progress/ HTTP/1.1" 200 25
INFO 2025-07-29 17:25:45,306 basehttp 27608 22712 "GET /api/curated/topics/ HTTP/1.1" 200 274
INFO 2025-07-29 17:25:45,404 basehttp 27608 29772 "GET /api/curated/videos/ HTTP/1.1" 200 28976
INFO 2025-07-29 17:28:02,278 basehttp 27608 31520 "GET /api/progress/ HTTP/1.1" 200 25
INFO 2025-07-29 17:28:02,344 basehttp 27608 22712 "GET /api/curated/topics/ HTTP/1.1" 200 274
INFO 2025-07-29 17:28:02,382 basehttp 27608 29772 "GET /api/curated/videos/ HTTP/1.1" 200 28976
INFO 2025-07-29 17:28:28,438 basehttp 27608 31520 "GET /api/progress/ HTTP/1.1" 200 25
INFO 2025-07-29 17:28:28,503 basehttp 27608 31520 "GET /api/progress/ HTTP/1.1" 200 25
INFO 2025-07-29 17:28:28,510 basehttp 27608 22712 "GET /api/curated/topics/ HTTP/1.1" 200 274
INFO 2025-07-29 17:28:28,550 basehttp 27608 29772 "GET /api/curated/videos/ HTTP/1.1" 200 28976
INFO 2025-07-29 17:28:28,589 basehttp 27608 31520 "GET /api/curated/topics/ HTTP/1.1" 200 274
INFO 2025-07-29 17:28:28,679 basehttp 27608 22712 "GET /api/curated/videos/ HTTP/1.1" 200 28976
INFO 2025-07-29 17:28:33,642 basehttp 27608 29772 "GET /api/progress/ HTTP/1.1" 200 25
INFO 2025-07-29 17:28:33,697 basehttp 27608 22712 "GET /api/curated/videos/ HTTP/1.1" 200 28976
INFO 2025-07-29 17:28:33,703 basehttp 27608 5016 "GET /api/progress/ HTTP/1.1" 200 25
INFO 2025-07-29 17:28:33,716 basehttp 27608 31520 "GET /api/curated/topics/ HTTP/1.1" 200 274
INFO 2025-07-29 17:28:33,788 basehttp 27608 5016 "GET /api/curated/topics/ HTTP/1.1" 200 274
INFO 2025-07-29 17:28:33,821 basehttp 27608 29772 "GET /api/curated/videos/ HTTP/1.1" 200 28976
INFO 2025-07-29 17:28:54,056 basehttp 27608 31520 "GET /api/progress/ HTTP/1.1" 200 25
INFO 2025-07-29 17:28:54,110 basehttp 27608 29772 "GET /api/curated/videos/ HTTP/1.1" 200 28976
INFO 2025-07-29 17:28:54,130 basehttp 27608 5016 "GET /api/curated/topics/ HTTP/1.1" 200 274
INFO 2025-07-29 17:29:11,603 basehttp 27608 31520 "GET /api/progress/ HTTP/1.1" 200 25
INFO 2025-07-29 17:29:11,653 basehttp 27608 5016 "GET /api/curated/videos/ HTTP/1.1" 200 28976
INFO 2025-07-29 17:29:11,661 basehttp 27608 22712 "GET /api/progress/ HTTP/1.1" 200 25
INFO 2025-07-29 17:29:11,699 basehttp 27608 29772 "GET /api/curated/topics/ HTTP/1.1" 200 274
INFO 2025-07-29 17:29:11,725 basehttp 27608 31520 "GET /api/curated/videos/ HTTP/1.1" 200 28976
INFO 2025-07-29 17:29:11,824 basehttp 27608 22712 "GET /api/curated/topics/ HTTP/1.1" 200 274
INFO 2025-07-29 17:30:15,398 autoreload 27608 24776 C:\Users\kaler\Desktop\hindi-learning-assistant\backend\api\views.py changed, reloading.
INFO 2025-07-29 17:30:36,559 autoreload 28212 27744 Watching for file changes with StatReloader
INFO 2025-07-29 17:31:16,464 basehttp 28212 30552 "GET /api/curated/videos/ HTTP/1.1" 200 29021
INFO 2025-07-29 17:31:16,735 basehttp 28212 29088 "GET /api/progress/ HTTP/1.1" 200 25
INFO 2025-07-29 17:31:16,849 basehttp 28212 14484 "GET /api/curated/topics/ HTTP/1.1" 200 274
WARNING 2025-07-29 17:31:34,369 log 28212 17268 Bad Request: /api/curated/videos/
WARNING 2025-07-29 17:31:34,372 basehttp 28212 17268 "GET /api/curated/videos/?limit=invalid HTTP/1.1" 400 54
INFO 2025-07-30 18:53:05,729 autoreload 20724 37840 Watching for file changes with StatReloader
INFO 2025-07-30 18:57:24,182 basehttp 20724 32484 "OPTIONS /api/auth/login/ HTTP/1.1" 200 0
INFO 2025-07-30 18:57:24,956 basehttp 20724 32484 "POST /api/auth/login/ HTTP/1.1" 200 747
INFO 2025-07-30 18:57:25,251 basehttp 20724 32484 "OPTIONS /api/trending-words/ HTTP/1.1" 200 0
INFO 2025-07-30 18:57:25,251 basehttp 20724 32504 "OPTIONS /api/trending-words/ HTTP/1.1" 200 0
INFO 2025-07-30 18:57:25,361 basehttp 20724 32504 "GET /api/trending-words/ HTTP/1.1" 200 192
INFO 2025-07-30 18:57:25,653 basehttp 20724 32484 "GET /api/trending-words/ HTTP/1.1" 200 192
INFO 2025-07-30 18:57:30,172 basehttp 20724 32504 "OPTIONS /api/curated/topics/ HTTP/1.1" 200 0
INFO 2025-07-30 18:57:30,172 basehttp 20724 32484 "OPTIONS /api/curated/videos/ HTTP/1.1" 200 0
INFO 2025-07-30 18:57:30,177 basehttp 20724 32504 "OPTIONS /api/progress/ HTTP/1.1" 200 0
INFO 2025-07-30 18:57:30,184 basehttp 20724 32504 "OPTIONS /api/curated/topics/ HTTP/1.1" 200 0
INFO 2025-07-30 18:57:30,184 basehttp 20724 32484 "OPTIONS /api/curated/videos/ HTTP/1.1" 200 0
ERROR 2025-07-30 18:57:30,197 views 20724 32484 Error in get_curated_video_topics: 'MongoService' object has no attribute 'get_curated_videos'
INFO 2025-07-30 18:57:30,199 basehttp 20724 32504 "OPTIONS /api/progress/ HTTP/1.1" 200 0
ERROR 2025-07-30 18:57:30,200 log 20724 32484 Internal Server Error: /api/curated/topics/
ERROR 2025-07-30 18:57:30,203 views 20724 32504 Database error in get_curated_videos: 'MongoService' object has no attribute 'get_curated_videos'
ERROR 2025-07-30 18:57:30,204 basehttp 20724 32484 "GET /api/curated/topics/ HTTP/1.1" 500 40
ERROR 2025-07-30 18:57:30,205 log 20724 32504 Service Unavailable: /api/curated/videos/
ERROR 2025-07-30 18:57:30,213 views 20724 32484 Error in get_user_progress: 'MongoService' object has no attribute 'get_user_learning_progress'
ERROR 2025-07-30 18:57:30,217 log 20724 32484 Internal Server Error: /api/progress/
ERROR 2025-07-30 18:57:30,218 basehttp 20724 32504 "GET /api/curated/videos/ HTTP/1.1" 503 62
ERROR 2025-07-30 18:57:30,219 basehttp 20724 32484 "GET /api/progress/ HTTP/1.1" 500 41
ERROR 2025-07-30 18:57:30,226 views 20724 32504 Error in get_curated_video_topics: 'MongoService' object has no attribute 'get_curated_videos'
ERROR 2025-07-30 18:57:30,239 log 20724 32504 Internal Server Error: /api/curated/topics/
ERROR 2025-07-30 18:57:30,242 views 20724 32484 Database error in get_curated_videos: 'MongoService' object has no attribute 'get_curated_videos'
ERROR 2025-07-30 18:57:30,248 basehttp 20724 32504 "GET /api/curated/topics/ HTTP/1.1" 500 40
ERROR 2025-07-30 18:57:30,250 log 20724 32484 Service Unavailable: /api/curated/videos/
ERROR 2025-07-30 18:57:30,267 views 20724 32504 Error in get_user_progress: 'MongoService' object has no attribute 'get_user_learning_progress'
ERROR 2025-07-30 18:57:30,269 basehttp 20724 32484 "GET /api/curated/videos/ HTTP/1.1" 503 62
ERROR 2025-07-30 18:57:30,281 log 20724 32504 Internal Server Error: /api/progress/
ERROR 2025-07-30 18:57:30,286 basehttp 20724 32504 "GET /api/progress/ HTTP/1.1" 500 41
ERROR 2025-07-30 18:58:30,259 views 20724 32504 Database error in get_curated_videos: 'MongoService' object has no attribute 'get_curated_videos'
ERROR 2025-07-30 18:58:30,273 views 20724 32484 Error in get_curated_video_topics: 'MongoService' object has no attribute 'get_curated_videos'
ERROR 2025-07-30 18:58:30,289 views 20724 32968 Error in get_user_progress: 'MongoService' object has no attribute 'get_user_learning_progress'
ERROR 2025-07-30 18:58:30,294 log 20724 32504 Service Unavailable: /api/curated/videos/
ERROR 2025-07-30 18:58:30,314 log 20724 32484 Internal Server Error: /api/curated/topics/
ERROR 2025-07-30 18:58:30,345 log 20724 32968 Internal Server Error: /api/progress/
ERROR 2025-07-30 18:58:30,356 basehttp 20724 32968 "GET /api/progress/ HTTP/1.1" 500 41
ERROR 2025-07-30 18:58:30,363 basehttp 20724 32484 "GET /api/curated/topics/ HTTP/1.1" 500 40
ERROR 2025-07-30 18:58:30,370 basehttp 20724 32504 "GET /api/curated/videos/ HTTP/1.1" 503 62
ERROR 2025-07-30 18:58:30,399 views 20724 30936 Error in get_user_progress: 'MongoService' object has no attribute 'get_user_learning_progress'
ERROR 2025-07-30 18:58:30,417 views 20724 32968 Error in get_curated_video_topics: 'MongoService' object has no attribute 'get_curated_videos'
ERROR 2025-07-30 18:58:30,432 views 20724 32484 Database error in get_curated_videos: 'MongoService' object has no attribute 'get_curated_videos'
ERROR 2025-07-30 18:58:30,455 log 20724 30936 Internal Server Error: /api/progress/
ERROR 2025-07-30 18:58:30,463 log 20724 32968 Internal Server Error: /api/curated/topics/
ERROR 2025-07-30 18:58:30,470 log 20724 32484 Service Unavailable: /api/curated/videos/
ERROR 2025-07-30 18:58:30,477 basehttp 20724 30936 "GET /api/progress/ HTTP/1.1" 500 41
ERROR 2025-07-30 18:58:30,485 basehttp 20724 32968 "GET /api/curated/topics/ HTTP/1.1" 500 40
ERROR 2025-07-30 18:58:30,489 basehttp 20724 32484 "GET /api/curated/videos/ HTTP/1.1" 503 62
INFO 2025-07-30 18:59:30,295 basehttp 20724 32484 "GET /api/trending-words/ HTTP/1.1" 200 192
INFO 2025-07-30 18:59:30,385 basehttp 20724 32968 "GET /api/trending-words/ HTTP/1.1" 200 192
INFO 2025-07-30 18:59:40,591 basehttp 20724 32968 "GET /api/trending-words/ HTTP/1.1" 200 192
INFO 2025-07-30 18:59:40,658 basehttp 20724 32484 "GET /api/trending-words/ HTTP/1.1" 200 192
INFO 2025-07-30 18:59:44,627 basehttp 20724 32484 "GET /api/trending-words/ HTTP/1.1" 200 192
INFO 2025-07-30 18:59:44,710 basehttp 20724 32968 "GET /api/trending-words/ HTTP/1.1" 200 192
INFO 2025-07-30 19:01:48,250 autoreload 20724 37840 C:\Users\kaler\Desktop\hindi-learning-assistant\backend\api\urls.py changed, reloading.
INFO 2025-07-30 19:02:58,457 autoreload 31568 33380 Watching for file changes with StatReloader
INFO 2025-07-30 19:05:19,735 basehttp 31568 36760 "GET /api/trending-words/ HTTP/1.1" 200 192
INFO 2025-07-30 19:05:19,863 basehttp 31568 36760 "GET /api/trending-words/ HTTP/1.1" 200 192
ERROR 2025-07-30 19:17:23,321 views 31568 31708 Database error in get_curated_videos: 'MongoService' object has no attribute 'get_curated_videos'
ERROR 2025-07-30 19:17:23,316 views 31568 10692 Error in get_curated_video_topics: 'MongoService' object has no attribute 'get_curated_videos'
ERROR 2025-07-30 19:17:23,378 log 31568 31708 Service Unavailable: /api/curated/videos/
ERROR 2025-07-30 19:17:23,379 views 31568 37424 Error in get_user_progress: 'MongoService' object has no attribute 'get_user_learning_progress'
ERROR 2025-07-30 19:17:23,416 log 31568 10692 Internal Server Error: /api/curated/topics/
ERROR 2025-07-30 19:17:23,424 basehttp 31568 31708 "GET /api/curated/videos/ HTTP/1.1" 503 62
ERROR 2025-07-30 19:17:23,425 log 31568 37424 Internal Server Error: /api/progress/
ERROR 2025-07-30 19:17:23,428 basehttp 31568 10692 "GET /api/curated/topics/ HTTP/1.1" 500 40
ERROR 2025-07-30 19:17:23,434 views 31568 23360 Database error in get_curated_videos: 'MongoService' object has no attribute 'get_curated_videos'
ERROR 2025-07-30 19:17:23,444 views 31568 31708 Error in get_curated_video_topics: 'MongoService' object has no attribute 'get_curated_videos'
ERROR 2025-07-30 19:17:23,445 basehttp 31568 37424 "GET /api/progress/ HTTP/1.1" 500 41
ERROR 2025-07-30 19:17:23,475 views 31568 10692 Error in get_user_progress: 'MongoService' object has no attribute 'get_user_learning_progress'
ERROR 2025-07-30 19:17:23,484 log 31568 23360 Service Unavailable: /api/curated/videos/
ERROR 2025-07-30 19:17:23,489 log 31568 31708 Internal Server Error: /api/curated/topics/
ERROR 2025-07-30 19:17:23,493 log 31568 10692 Internal Server Error: /api/progress/
ERROR 2025-07-30 19:17:23,497 basehttp 31568 31708 "GET /api/curated/topics/ HTTP/1.1" 500 40
ERROR 2025-07-30 19:17:23,498 basehttp 31568 23360 "GET /api/curated/videos/ HTTP/1.1" 503 62
ERROR 2025-07-30 19:17:23,502 basehttp 31568 10692 "GET /api/progress/ HTTP/1.1" 500 41
ERROR 2025-07-30 19:18:34,624 views 31568 10692 Database error in get_curated_videos: 'MongoService' object has no attribute 'get_curated_videos'
ERROR 2025-07-30 19:18:34,635 views 31568 23360 Error in get_curated_video_topics: 'MongoService' object has no attribute 'get_curated_videos'
ERROR 2025-07-30 19:18:34,648 views 31568 31708 Error in get_user_progress: 'MongoService' object has no attribute 'get_user_learning_progress'
ERROR 2025-07-30 19:18:34,650 log 31568 10692 Service Unavailable: /api/curated/videos/
ERROR 2025-07-30 19:18:34,654 log 31568 23360 Internal Server Error: /api/curated/topics/
ERROR 2025-07-30 19:18:34,658 log 31568 31708 Internal Server Error: /api/progress/
ERROR 2025-07-30 19:18:34,669 basehttp 31568 10692 "GET /api/curated/videos/ HTTP/1.1" 503 62
ERROR 2025-07-30 19:18:34,671 basehttp 31568 23360 "GET /api/curated/topics/ HTTP/1.1" 500 40
ERROR 2025-07-30 19:18:34,673 basehttp 31568 31708 "GET /api/progress/ HTTP/1.1" 500 41
ERROR 2025-07-30 19:19:26,321 views 31568 31708 Database error in get_curated_videos: 'MongoService' object has no attribute 'get_curated_videos'
ERROR 2025-07-30 19:19:26,340 views 31568 23360 Error in get_curated_video_topics: 'MongoService' object has no attribute 'get_curated_videos'
ERROR 2025-07-30 19:19:26,361 views 31568 10692 Error in get_user_progress: 'MongoService' object has no attribute 'get_user_learning_progress'
ERROR 2025-07-30 19:19:26,379 log 31568 31708 Service Unavailable: /api/curated/videos/
ERROR 2025-07-30 19:19:26,389 log 31568 23360 Internal Server Error: /api/curated/topics/
ERROR 2025-07-30 19:19:26,409 log 31568 10692 Internal Server Error: /api/progress/
ERROR 2025-07-30 19:19:26,416 basehttp 31568 31708 "GET /api/curated/videos/ HTTP/1.1" 503 62
ERROR 2025-07-30 19:19:26,424 basehttp 31568 23360 "GET /api/curated/topics/ HTTP/1.1" 500 40
ERROR 2025-07-30 19:19:26,427 basehttp 31568 10692 "GET /api/progress/ HTTP/1.1" 500 41
ERROR 2025-07-30 19:19:26,585 views 31568 31708 Database error in get_curated_videos: 'MongoService' object has no attribute 'get_curated_videos'
ERROR 2025-07-30 19:19:26,591 views 31568 37424 Error in get_curated_video_topics: 'MongoService' object has no attribute 'get_curated_videos'
ERROR 2025-07-30 19:19:26,598 log 31568 31708 Service Unavailable: /api/curated/videos/
ERROR 2025-07-30 19:19:26,613 log 31568 37424 Internal Server Error: /api/curated/topics/
ERROR 2025-07-30 19:19:26,617 basehttp 31568 31708 "GET /api/curated/videos/ HTTP/1.1" 503 62
ERROR 2025-07-30 19:19:26,632 basehttp 31568 37424 "GET /api/curated/topics/ HTTP/1.1" 500 40
ERROR 2025-07-30 19:19:26,803 views 31568 23360 Error in get_user_progress: 'MongoService' object has no attribute 'get_user_learning_progress'
ERROR 2025-07-30 19:19:26,925 log 31568 23360 Internal Server Error: /api/progress/
ERROR 2025-07-30 19:19:27,124 basehttp 31568 23360 "GET /api/progress/ HTTP/1.1" 500 41
INFO 2025-07-30 19:19:34,509 basehttp 31568 23360 "GET /api/trending-words/ HTTP/1.1" 200 192
INFO 2025-07-30 19:19:34,600 basehttp 31568 37424 "GET /api/trending-words/ HTTP/1.1" 200 192
ERROR 2025-07-30 19:19:38,913 views 31568 37424 Database error in get_curated_videos: 'MongoService' object has no attribute 'get_curated_videos'
ERROR 2025-07-30 19:19:38,932 views 31568 31708 Error in get_user_progress: 'MongoService' object has no attribute 'get_user_learning_progress'
ERROR 2025-07-30 19:19:38,937 views 31568 23360 Error in get_curated_video_topics: 'MongoService' object has no attribute 'get_curated_videos'
ERROR 2025-07-30 19:19:38,969 log 31568 37424 Service Unavailable: /api/curated/videos/
ERROR 2025-07-30 19:19:39,069 log 31568 31708 Internal Server Error: /api/progress/
ERROR 2025-07-30 19:19:39,145 basehttp 31568 31708 "GET /api/progress/ HTTP/1.1" 500 41
ERROR 2025-07-30 19:19:39,206 basehttp 31568 37424 "GET /api/curated/videos/ HTTP/1.1" 503 62
ERROR 2025-07-30 19:19:39,249 log 31568 23360 Internal Server Error: /api/curated/topics/
ERROR 2025-07-30 19:19:39,409 views 31568 10692 Database error in get_curated_videos: 'MongoService' object has no attribute 'get_curated_videos'
ERROR 2025-07-30 19:19:39,420 views 31568 31708 Error in get_user_progress: 'MongoService' object has no attribute 'get_user_learning_progress'
ERROR 2025-07-30 19:19:39,451 basehttp 31568 23360 "GET /api/curated/topics/ HTTP/1.1" 500 40
ERROR 2025-07-30 19:19:39,503 log 31568 10692 Service Unavailable: /api/curated/videos/
ERROR 2025-07-30 19:19:39,513 log 31568 31708 Internal Server Error: /api/progress/
ERROR 2025-07-30 19:19:39,540 views 31568 37424 Error in get_curated_video_topics: 'MongoService' object has no attribute 'get_curated_videos'
ERROR 2025-07-30 19:19:39,608 basehttp 31568 10692 "GET /api/curated/videos/ HTTP/1.1" 503 62
ERROR 2025-07-30 19:19:39,653 basehttp 31568 31708 "GET /api/progress/ HTTP/1.1" 500 41
ERROR 2025-07-30 19:19:39,724 log 31568 37424 Internal Server Error: /api/curated/topics/
ERROR 2025-07-30 19:19:39,802 basehttp 31568 37424 "GET /api/curated/topics/ HTTP/1.1" 500 40
ERROR 2025-07-30 19:22:06,907 views 31568 31708 Error in get_curated_video_topics: 'MongoService' object has no attribute 'get_curated_videos'
ERROR 2025-07-30 19:22:06,922 views 31568 10692 Error in get_user_progress: 'MongoService' object has no attribute 'get_user_learning_progress'
ERROR 2025-07-30 19:22:06,926 views 31568 37424 Database error in get_curated_videos: 'MongoService' object has no attribute 'get_curated_videos'
ERROR 2025-07-30 19:22:06,955 log 31568 31708 Internal Server Error: /api/curated/topics/
ERROR 2025-07-30 19:22:06,957 log 31568 10692 Internal Server Error: /api/progress/
ERROR 2025-07-30 19:22:06,958 log 31568 37424 Service Unavailable: /api/curated/videos/
ERROR 2025-07-30 19:22:06,965 basehttp 31568 31708 "GET /api/curated/topics/ HTTP/1.1" 500 40
ERROR 2025-07-30 19:22:06,971 basehttp 31568 10692 "GET /api/progress/ HTTP/1.1" 500 41
ERROR 2025-07-30 19:22:06,973 basehttp 31568 37424 "GET /api/curated/videos/ HTTP/1.1" 503 62
ERROR 2025-07-30 19:22:07,011 views 31568 31708 Error in get_curated_video_topics: 'MongoService' object has no attribute 'get_curated_videos'
ERROR 2025-07-30 19:22:07,053 views 31568 10692 Error in get_user_progress: 'MongoService' object has no attribute 'get_user_learning_progress'
ERROR 2025-07-30 19:22:07,057 views 31568 23360 Database error in get_curated_videos: 'MongoService' object has no attribute 'get_curated_videos'
ERROR 2025-07-30 19:22:07,061 log 31568 31708 Internal Server Error: /api/curated/topics/
ERROR 2025-07-30 19:22:07,070 log 31568 10692 Internal Server Error: /api/progress/
ERROR 2025-07-30 19:22:07,126 log 31568 23360 Service Unavailable: /api/curated/videos/
ERROR 2025-07-30 19:22:07,227 basehttp 31568 31708 "GET /api/curated/topics/ HTTP/1.1" 500 40
ERROR 2025-07-30 19:22:07,237 basehttp 31568 10692 "GET /api/progress/ HTTP/1.1" 500 41
ERROR 2025-07-30 19:22:07,252 basehttp 31568 23360 "GET /api/curated/videos/ HTTP/1.1" 503 62
ERROR 2025-07-30 19:25:40,462 views 31568 23360 Database error in get_curated_videos: 'MongoService' object has no attribute 'get_curated_videos'
ERROR 2025-07-30 19:25:40,509 views 31568 31708 Error in get_user_progress: 'MongoService' object has no attribute 'get_user_learning_progress'
ERROR 2025-07-30 19:25:40,458 views 31568 10692 Error in get_curated_video_topics: 'MongoService' object has no attribute 'get_curated_videos'
ERROR 2025-07-30 19:25:40,591 log 31568 23360 Service Unavailable: /api/curated/videos/
ERROR 2025-07-30 19:25:40,594 log 31568 31708 Internal Server Error: /api/progress/
ERROR 2025-07-30 19:25:40,595 log 31568 10692 Internal Server Error: /api/curated/topics/
ERROR 2025-07-30 19:25:40,624 basehttp 31568 23360 "GET /api/curated/videos/ HTTP/1.1" 503 62
ERROR 2025-07-30 19:25:40,636 views 31568 37424 Database error in get_curated_videos: 'MongoService' object has no attribute 'get_curated_videos'
ERROR 2025-07-30 19:25:40,678 views 31568 23360 Error in get_curated_video_topics: 'MongoService' object has no attribute 'get_curated_videos'
ERROR 2025-07-30 19:25:40,678 basehttp 31568 10692 "GET /api/curated/topics/ HTTP/1.1" 500 40
ERROR 2025-07-30 19:25:40,679 log 31568 37424 Service Unavailable: /api/curated/videos/
ERROR 2025-07-30 19:25:40,680 basehttp 31568 31708 "GET /api/progress/ HTTP/1.1" 500 41
ERROR 2025-07-30 19:25:40,681 log 31568 23360 Internal Server Error: /api/curated/topics/
ERROR 2025-07-30 19:25:40,686 views 31568 10692 Error in get_user_progress: 'MongoService' object has no attribute 'get_user_learning_progress'
ERROR 2025-07-30 19:25:40,688 basehttp 31568 37424 "GET /api/curated/videos/ HTTP/1.1" 503 62
ERROR 2025-07-30 19:25:40,694 basehttp 31568 23360 "GET /api/curated/topics/ HTTP/1.1" 500 40
ERROR 2025-07-30 19:25:40,700 log 31568 10692 Internal Server Error: /api/progress/
ERROR 2025-07-30 19:25:40,713 basehttp 31568 10692 "GET /api/progress/ HTTP/1.1" 500 41
INFO 2025-07-30 19:27:51,359 basehttp 31568 10692 "GET /api/trending-words/ HTTP/1.1" 200 192
INFO 2025-07-30 19:27:51,431 basehttp 31568 23360 "GET /api/trending-words/ HTTP/1.1" 200 192
ERROR 2025-07-30 19:27:53,800 views 31568 23360 Database error in get_curated_videos: 'MongoService' object has no attribute 'get_curated_videos'
ERROR 2025-07-30 19:27:53,804 views 31568 37424 Error in get_user_progress: 'MongoService' object has no attribute 'get_user_learning_progress'
ERROR 2025-07-30 19:27:53,808 views 31568 10692 Error in get_curated_video_topics: 'MongoService' object has no attribute 'get_curated_videos'
ERROR 2025-07-30 19:27:53,808 log 31568 23360 Service Unavailable: /api/curated/videos/
ERROR 2025-07-30 19:27:53,811 log 31568 37424 Internal Server Error: /api/progress/
ERROR 2025-07-30 19:27:53,812 log 31568 10692 Internal Server Error: /api/curated/topics/
ERROR 2025-07-30 19:27:53,813 basehttp 31568 23360 "GET /api/curated/videos/ HTTP/1.1" 503 62
ERROR 2025-07-30 19:27:53,814 basehttp 31568 37424 "GET /api/progress/ HTTP/1.1" 500 41
ERROR 2025-07-30 19:27:53,828 views 31568 23360 Error in get_user_progress: 'MongoService' object has no attribute 'get_user_learning_progress'
ERROR 2025-07-30 19:27:53,825 views 31568 31708 Database error in get_curated_videos: 'MongoService' object has no attribute 'get_curated_videos'
ERROR 2025-07-30 19:27:53,829 basehttp 31568 10692 "GET /api/curated/topics/ HTTP/1.1" 500 40
ERROR 2025-07-30 19:27:53,832 views 31568 37424 Error in get_curated_video_topics: 'MongoService' object has no attribute 'get_curated_videos'
ERROR 2025-07-30 19:27:53,832 log 31568 23360 Internal Server Error: /api/progress/
ERROR 2025-07-30 19:27:53,833 log 31568 31708 Service Unavailable: /api/curated/videos/
ERROR 2025-07-30 19:27:53,835 log 31568 37424 Internal Server Error: /api/curated/topics/
ERROR 2025-07-30 19:27:53,837 basehttp 31568 23360 "GET /api/progress/ HTTP/1.1" 500 41
ERROR 2025-07-30 19:27:53,839 basehttp 31568 31708 "GET /api/curated/videos/ HTTP/1.1" 503 62
ERROR 2025-07-30 19:27:53,840 basehttp 31568 37424 "GET /api/curated/topics/ HTTP/1.1" 500 40
INFO 2025-07-30 19:29:01,894 autoreload 31568 33380 C:\Users\kaler\Desktop\hindi-learning-assistant\backend\api\services\mongo_service.py changed, reloading.
INFO 2025-07-30 19:30:39,439 autoreload 11632 28056 Watching for file changes with StatReloader
INFO 2025-07-30 19:39:13,673 autoreload 11632 28056 C:\Users\kaler\Desktop\hindi-learning-assistant\backend\api\services\mongo_service.py changed, reloading.
INFO 2025-07-30 19:39:37,230 autoreload 4864 22508 Watching for file changes with StatReloader
INFO 2025-07-30 19:41:01,796 autoreload 4864 22508 C:\Users\kaler\Desktop\hindi-learning-assistant\backend\api\services\mongo_service.py changed, reloading.
INFO 2025-07-30 19:41:19,625 autoreload 25924 25584 Watching for file changes with StatReloader
INFO 2025-07-30 23:20:08,198 autoreload 25924 25584 C:\Users\kaler\Desktop\hindi-learning-assistant\backend\api\services\mongo_service.py changed, reloading.
INFO 2025-07-30 23:20:16,690 autoreload 7644 17492 Watching for file changes with StatReloader
INFO 2025-07-31 10:00:48,514 basehttp 7644 3452 "OPTIONS /api/curated/topics/ HTTP/1.1" 200 0
INFO 2025-07-31 10:00:48,506 basehttp 7644 14944 "OPTIONS /api/curated/videos/ HTTP/1.1" 200 0
INFO 2025-07-31 10:00:48,522 basehttp 7644 15068 "OPTIONS /api/curated/videos/ HTTP/1.1" 200 0
INFO 2025-07-31 10:00:48,528 basehttp 7644 32060 "OPTIONS /api/progress/ HTTP/1.1" 200 0
INFO 2025-07-31 10:00:48,529 basehttp 7644 13208 "OPTIONS /api/curated/topics/ HTTP/1.1" 200 0
INFO 2025-07-31 10:00:48,544 basehttp 7644 7784 "OPTIONS /api/progress/ HTTP/1.1" 200 0
WARNING 2025-07-31 10:00:49,013 log 7644 32060 Unauthorized: /api/progress/
WARNING 2025-07-31 10:00:49,014 log 7644 14944 Unauthorized: /api/curated/videos/
WARNING 2025-07-31 10:00:49,015 log 7644 3452 Unauthorized: /api/curated/topics/
WARNING 2025-07-31 10:00:49,017 basehttp 7644 32060 "GET /api/progress/ HTTP/1.1" 401 183
WARNING 2025-07-31 10:00:49,017 basehttp 7644 14944 "GET /api/curated/videos/ HTTP/1.1" 401 183
WARNING 2025-07-31 10:00:49,019 basehttp 7644 3452 "GET /api/curated/topics/ HTTP/1.1" 401 183
INFO 2025-07-31 10:00:49,032 basehttp 7644 13208 "OPTIONS /api/auth/refresh/ HTTP/1.1" 200 0
WARNING 2025-07-31 10:00:49,035 log 7644 32060 Unauthorized: /api/progress/
INFO 2025-07-31 10:00:49,038 basehttp 7644 7784 "OPTIONS /api/auth/refresh/ HTTP/1.1" 200 0
INFO 2025-07-31 10:00:49,039 basehttp 7644 15068 "OPTIONS /api/auth/refresh/ HTTP/1.1" 200 0
WARNING 2025-07-31 10:00:49,044 log 7644 14944 Unauthorized: /api/curated/videos/
WARNING 2025-07-31 10:00:49,062 log 7644 3452 Unauthorized: /api/curated/topics/
WARNING 2025-07-31 10:00:49,069 basehttp 7644 32060 "GET /api/progress/ HTTP/1.1" 401 183
WARNING 2025-07-31 10:00:49,232 basehttp 7644 14944 "GET /api/curated/videos/ HTTP/1.1" 401 183
WARNING 2025-07-31 10:00:49,273 basehttp 7644 3452 "GET /api/curated/topics/ HTTP/1.1" 401 183
WARNING 2025-07-31 10:00:49,684 log 7644 32060 Unauthorized: /api/progress/
WARNING 2025-07-31 10:00:49,686 log 7644 3452 Unauthorized: /api/curated/videos/
WARNING 2025-07-31 10:00:49,687 basehttp 7644 32060 "GET /api/progress/ HTTP/1.1" 401 183
WARNING 2025-07-31 10:00:49,689 basehttp 7644 3452 "GET /api/curated/videos/ HTTP/1.1" 401 183
WARNING 2025-07-31 10:00:49,724 log 7644 3452 Unauthorized: /api/curated/topics/
WARNING 2025-07-31 10:00:49,725 basehttp 7644 3452 "GET /api/curated/topics/ HTTP/1.1" 401 183
ERROR 2025-07-31 10:00:52,040 log 7644 15068 Internal Server Error: /api/auth/refresh/
Traceback (most recent call last):
  File "C:\Users\kaler\AppData\Local\Programs\Python\Python39\lib\site-packages\django\db\backends\utils.py", line 89, in _execute
    return self.cursor.execute(sql, params)
  File "C:\Users\kaler\AppData\Local\Programs\Python\Python39\lib\site-packages\django\db\backends\sqlite3\base.py", line 328, in execute
    return super().execute(query, params)
sqlite3.OperationalError: no such table: token_blacklist_blacklistedtoken

The above exception was the direct cause of the following exception:

Traceback (most recent call last):
  File "C:\Users\kaler\AppData\Local\Programs\Python\Python39\lib\site-packages\django\core\handlers\exception.py", line 55, in inner
    response = get_response(request)
  File "C:\Users\kaler\AppData\Local\Programs\Python\Python39\lib\site-packages\django\core\handlers\base.py", line 197, in _get_response
    response = wrapped_callback(request, *callback_args, **callback_kwargs)
  File "C:\Users\kaler\AppData\Local\Programs\Python\Python39\lib\site-packages\django\views\decorators\csrf.py", line 56, in wrapper_view
    return view_func(*args, **kwargs)
  File "C:\Users\kaler\AppData\Local\Programs\Python\Python39\lib\site-packages\django\views\generic\base.py", line 104, in view
    return self.dispatch(request, *args, **kwargs)
  File "C:\Users\kaler\AppData\Local\Programs\Python\Python39\lib\site-packages\rest_framework\views.py", line 509, in dispatch
    response = self.handle_exception(exc)
  File "C:\Users\kaler\AppData\Local\Programs\Python\Python39\lib\site-packages\rest_framework\views.py", line 469, in handle_exception
    self.raise_uncaught_exception(exc)
  File "C:\Users\kaler\AppData\Local\Programs\Python\Python39\lib\site-packages\rest_framework\views.py", line 480, in raise_uncaught_exception
    raise exc
  File "C:\Users\kaler\AppData\Local\Programs\Python\Python39\lib\site-packages\rest_framework\views.py", line 506, in dispatch
    response = handler(request, *args, **kwargs)
  File "C:\Users\kaler\AppData\Local\Programs\Python\Python39\lib\site-packages\rest_framework_simplejwt\views.py", line 44, in post
    serializer.is_valid(raise_exception=True)
  File "C:\Users\kaler\AppData\Local\Programs\Python\Python39\lib\site-packages\rest_framework\serializers.py", line 227, in is_valid
    self._validated_data = self.run_validation(self.initial_data)
  File "C:\Users\kaler\AppData\Local\Programs\Python\Python39\lib\site-packages\rest_framework\serializers.py", line 429, in run_validation
    value = self.validate(value)
  File "C:\Users\kaler\AppData\Local\Programs\Python\Python39\lib\site-packages\rest_framework_simplejwt\serializers.py", line 108, in validate
    refresh = self.token_class(attrs["refresh"])
  File "C:\Users\kaler\AppData\Local\Programs\Python\Python39\lib\site-packages\rest_framework_simplejwt\tokens.py", line 61, in __init__
    self.verify()
  File "C:\Users\kaler\AppData\Local\Programs\Python\Python39\lib\site-packages\rest_framework_simplejwt\tokens.py", line 245, in verify
    self.check_blacklist()
  File "C:\Users\kaler\AppData\Local\Programs\Python\Python39\lib\site-packages\rest_framework_simplejwt\tokens.py", line 256, in check_blacklist
    if BlacklistedToken.objects.filter(token__jti=jti).exists():
  File "C:\Users\kaler\AppData\Local\Programs\Python\Python39\lib\site-packages\django\db\models\query.py", line 1241, in exists
    return self.query.has_results(using=self.db)
  File "C:\Users\kaler\AppData\Local\Programs\Python\Python39\lib\site-packages\django\db\models\sql\query.py", line 598, in has_results
    return compiler.has_results()
  File "C:\Users\kaler\AppData\Local\Programs\Python\Python39\lib\site-packages\django\db\models\sql\compiler.py", line 1530, in has_results
    return bool(self.execute_sql(SINGLE))
  File "C:\Users\kaler\AppData\Local\Programs\Python\Python39\lib\site-packages\django\db\models\sql\compiler.py", line 1562, in execute_sql
    cursor.execute(sql, params)
  File "C:\Users\kaler\AppData\Local\Programs\Python\Python39\lib\site-packages\django\db\backends\utils.py", line 102, in execute
    return super().execute(sql, params)
  File "C:\Users\kaler\AppData\Local\Programs\Python\Python39\lib\site-packages\django\db\backends\utils.py", line 67, in execute
    return self._execute_with_wrappers(
  File "C:\Users\kaler\AppData\Local\Programs\Python\Python39\lib\site-packages\django\db\backends\utils.py", line 80, in _execute_with_wrappers
    return executor(sql, params, many, context)
  File "C:\Users\kaler\AppData\Local\Programs\Python\Python39\lib\site-packages\django\db\backends\utils.py", line 89, in _execute
    return self.cursor.execute(sql, params)
  File "C:\Users\kaler\AppData\Local\Programs\Python\Python39\lib\site-packages\django\db\utils.py", line 91, in __exit__
    raise dj_exc_value.with_traceback(traceback) from exc_value
  File "C:\Users\kaler\AppData\Local\Programs\Python\Python39\lib\site-packages\django\db\backends\utils.py", line 89, in _execute
    return self.cursor.execute(sql, params)
  File "C:\Users\kaler\AppData\Local\Programs\Python\Python39\lib\site-packages\django\db\backends\sqlite3\base.py", line 328, in execute
    return super().execute(query, params)
django.db.utils.OperationalError: no such table: token_blacklist_blacklistedtoken
ERROR 2025-07-31 10:00:52,047 log 7644 32060 Internal Server Error: /api/auth/refresh/
Traceback (most recent call last):
  File "C:\Users\kaler\AppData\Local\Programs\Python\Python39\lib\site-packages\django\db\backends\utils.py", line 89, in _execute
    return self.cursor.execute(sql, params)
  File "C:\Users\kaler\AppData\Local\Programs\Python\Python39\lib\site-packages\django\db\backends\sqlite3\base.py", line 328, in execute
    return super().execute(query, params)
sqlite3.OperationalError: no such table: token_blacklist_blacklistedtoken

The above exception was the direct cause of the following exception:

Traceback (most recent call last):
  File "C:\Users\kaler\AppData\Local\Programs\Python\Python39\lib\site-packages\django\core\handlers\exception.py", line 55, in inner
    response = get_response(request)
  File "C:\Users\kaler\AppData\Local\Programs\Python\Python39\lib\site-packages\django\core\handlers\base.py", line 197, in _get_response
    response = wrapped_callback(request, *callback_args, **callback_kwargs)
  File "C:\Users\kaler\AppData\Local\Programs\Python\Python39\lib\site-packages\django\views\decorators\csrf.py", line 56, in wrapper_view
    return view_func(*args, **kwargs)
  File "C:\Users\kaler\AppData\Local\Programs\Python\Python39\lib\site-packages\django\views\generic\base.py", line 104, in view
    return self.dispatch(request, *args, **kwargs)
  File "C:\Users\kaler\AppData\Local\Programs\Python\Python39\lib\site-packages\rest_framework\views.py", line 509, in dispatch
    response = self.handle_exception(exc)
  File "C:\Users\kaler\AppData\Local\Programs\Python\Python39\lib\site-packages\rest_framework\views.py", line 469, in handle_exception
    self.raise_uncaught_exception(exc)
  File "C:\Users\kaler\AppData\Local\Programs\Python\Python39\lib\site-packages\rest_framework\views.py", line 480, in raise_uncaught_exception
    raise exc
  File "C:\Users\kaler\AppData\Local\Programs\Python\Python39\lib\site-packages\rest_framework\views.py", line 506, in dispatch
    response = handler(request, *args, **kwargs)
  File "C:\Users\kaler\AppData\Local\Programs\Python\Python39\lib\site-packages\rest_framework_simplejwt\views.py", line 44, in post
    serializer.is_valid(raise_exception=True)
  File "C:\Users\kaler\AppData\Local\Programs\Python\Python39\lib\site-packages\rest_framework\serializers.py", line 227, in is_valid
    self._validated_data = self.run_validation(self.initial_data)
  File "C:\Users\kaler\AppData\Local\Programs\Python\Python39\lib\site-packages\rest_framework\serializers.py", line 429, in run_validation
    value = self.validate(value)
  File "C:\Users\kaler\AppData\Local\Programs\Python\Python39\lib\site-packages\rest_framework_simplejwt\serializers.py", line 108, in validate
    refresh = self.token_class(attrs["refresh"])
  File "C:\Users\kaler\AppData\Local\Programs\Python\Python39\lib\site-packages\rest_framework_simplejwt\tokens.py", line 61, in __init__
    self.verify()
  File "C:\Users\kaler\AppData\Local\Programs\Python\Python39\lib\site-packages\rest_framework_simplejwt\tokens.py", line 245, in verify
    self.check_blacklist()
  File "C:\Users\kaler\AppData\Local\Programs\Python\Python39\lib\site-packages\rest_framework_simplejwt\tokens.py", line 256, in check_blacklist
    if BlacklistedToken.objects.filter(token__jti=jti).exists():
  File "C:\Users\kaler\AppData\Local\Programs\Python\Python39\lib\site-packages\django\db\models\query.py", line 1241, in exists
    return self.query.has_results(using=self.db)
  File "C:\Users\kaler\AppData\Local\Programs\Python\Python39\lib\site-packages\django\db\models\sql\query.py", line 598, in has_results
    return compiler.has_results()
  File "C:\Users\kaler\AppData\Local\Programs\Python\Python39\lib\site-packages\django\db\models\sql\compiler.py", line 1530, in has_results
    return bool(self.execute_sql(SINGLE))
  File "C:\Users\kaler\AppData\Local\Programs\Python\Python39\lib\site-packages\django\db\models\sql\compiler.py", line 1562, in execute_sql
    cursor.execute(sql, params)
  File "C:\Users\kaler\AppData\Local\Programs\Python\Python39\lib\site-packages\django\db\backends\utils.py", line 102, in execute
    return super().execute(sql, params)
  File "C:\Users\kaler\AppData\Local\Programs\Python\Python39\lib\site-packages\django\db\backends\utils.py", line 67, in execute
    return self._execute_with_wrappers(
  File "C:\Users\kaler\AppData\Local\Programs\Python\Python39\lib\site-packages\django\db\backends\utils.py", line 80, in _execute_with_wrappers
    return executor(sql, params, many, context)
  File "C:\Users\kaler\AppData\Local\Programs\Python\Python39\lib\site-packages\django\db\backends\utils.py", line 89, in _execute
    return self.cursor.execute(sql, params)
  File "C:\Users\kaler\AppData\Local\Programs\Python\Python39\lib\site-packages\django\db\utils.py", line 91, in __exit__
    raise dj_exc_value.with_traceback(traceback) from exc_value
  File "C:\Users\kaler\AppData\Local\Programs\Python\Python39\lib\site-packages\django\db\backends\utils.py", line 89, in _execute
    return self.cursor.execute(sql, params)
  File "C:\Users\kaler\AppData\Local\Programs\Python\Python39\lib\site-packages\django\db\backends\sqlite3\base.py", line 328, in execute
    return super().execute(query, params)
django.db.utils.OperationalError: no such table: token_blacklist_blacklistedtoken
ERROR 2025-07-31 10:00:52,066 log 7644 7784 Internal Server Error: /api/auth/refresh/
Traceback (most recent call last):
  File "C:\Users\kaler\AppData\Local\Programs\Python\Python39\lib\site-packages\django\db\backends\utils.py", line 89, in _execute
    return self.cursor.execute(sql, params)
  File "C:\Users\kaler\AppData\Local\Programs\Python\Python39\lib\site-packages\django\db\backends\sqlite3\base.py", line 328, in execute
    return super().execute(query, params)
sqlite3.OperationalError: no such table: token_blacklist_blacklistedtoken

The above exception was the direct cause of the following exception:

Traceback (most recent call last):
  File "C:\Users\kaler\AppData\Local\Programs\Python\Python39\lib\site-packages\django\core\handlers\exception.py", line 55, in inner
    response = get_response(request)
  File "C:\Users\kaler\AppData\Local\Programs\Python\Python39\lib\site-packages\django\core\handlers\base.py", line 197, in _get_response
    response = wrapped_callback(request, *callback_args, **callback_kwargs)
  File "C:\Users\kaler\AppData\Local\Programs\Python\Python39\lib\site-packages\django\views\decorators\csrf.py", line 56, in wrapper_view
    return view_func(*args, **kwargs)
  File "C:\Users\kaler\AppData\Local\Programs\Python\Python39\lib\site-packages\django\views\generic\base.py", line 104, in view
    return self.dispatch(request, *args, **kwargs)
  File "C:\Users\kaler\AppData\Local\Programs\Python\Python39\lib\site-packages\rest_framework\views.py", line 509, in dispatch
    response = self.handle_exception(exc)
  File "C:\Users\kaler\AppData\Local\Programs\Python\Python39\lib\site-packages\rest_framework\views.py", line 469, in handle_exception
    self.raise_uncaught_exception(exc)
  File "C:\Users\kaler\AppData\Local\Programs\Python\Python39\lib\site-packages\rest_framework\views.py", line 480, in raise_uncaught_exception
    raise exc
  File "C:\Users\kaler\AppData\Local\Programs\Python\Python39\lib\site-packages\rest_framework\views.py", line 506, in dispatch
    response = handler(request, *args, **kwargs)
  File "C:\Users\kaler\AppData\Local\Programs\Python\Python39\lib\site-packages\rest_framework_simplejwt\views.py", line 44, in post
    serializer.is_valid(raise_exception=True)
  File "C:\Users\kaler\AppData\Local\Programs\Python\Python39\lib\site-packages\rest_framework\serializers.py", line 227, in is_valid
    self._validated_data = self.run_validation(self.initial_data)
  File "C:\Users\kaler\AppData\Local\Programs\Python\Python39\lib\site-packages\rest_framework\serializers.py", line 429, in run_validation
    value = self.validate(value)
  File "C:\Users\kaler\AppData\Local\Programs\Python\Python39\lib\site-packages\rest_framework_simplejwt\serializers.py", line 108, in validate
    refresh = self.token_class(attrs["refresh"])
  File "C:\Users\kaler\AppData\Local\Programs\Python\Python39\lib\site-packages\rest_framework_simplejwt\tokens.py", line 61, in __init__
    self.verify()
  File "C:\Users\kaler\AppData\Local\Programs\Python\Python39\lib\site-packages\rest_framework_simplejwt\tokens.py", line 245, in verify
    self.check_blacklist()
  File "C:\Users\kaler\AppData\Local\Programs\Python\Python39\lib\site-packages\rest_framework_simplejwt\tokens.py", line 256, in check_blacklist
    if BlacklistedToken.objects.filter(token__jti=jti).exists():
  File "C:\Users\kaler\AppData\Local\Programs\Python\Python39\lib\site-packages\django\db\models\query.py", line 1241, in exists
    return self.query.has_results(using=self.db)
  File "C:\Users\kaler\AppData\Local\Programs\Python\Python39\lib\site-packages\django\db\models\sql\query.py", line 598, in has_results
    return compiler.has_results()
  File "C:\Users\kaler\AppData\Local\Programs\Python\Python39\lib\site-packages\django\db\models\sql\compiler.py", line 1530, in has_results
    return bool(self.execute_sql(SINGLE))
  File "C:\Users\kaler\AppData\Local\Programs\Python\Python39\lib\site-packages\django\db\models\sql\compiler.py", line 1562, in execute_sql
    cursor.execute(sql, params)
  File "C:\Users\kaler\AppData\Local\Programs\Python\Python39\lib\site-packages\django\db\backends\utils.py", line 102, in execute
    return super().execute(sql, params)
  File "C:\Users\kaler\AppData\Local\Programs\Python\Python39\lib\site-packages\django\db\backends\utils.py", line 67, in execute
    return self._execute_with_wrappers(
  File "C:\Users\kaler\AppData\Local\Programs\Python\Python39\lib\site-packages\django\db\backends\utils.py", line 80, in _execute_with_wrappers
    return executor(sql, params, many, context)
  File "C:\Users\kaler\AppData\Local\Programs\Python\Python39\lib\site-packages\django\db\backends\utils.py", line 89, in _execute
    return self.cursor.execute(sql, params)
  File "C:\Users\kaler\AppData\Local\Programs\Python\Python39\lib\site-packages\django\db\utils.py", line 91, in __exit__
    raise dj_exc_value.with_traceback(traceback) from exc_value
  File "C:\Users\kaler\AppData\Local\Programs\Python\Python39\lib\site-packages\django\db\backends\utils.py", line 89, in _execute
    return self.cursor.execute(sql, params)
  File "C:\Users\kaler\AppData\Local\Programs\Python\Python39\lib\site-packages\django\db\backends\sqlite3\base.py", line 328, in execute
    return super().execute(query, params)
django.db.utils.OperationalError: no such table: token_blacklist_blacklistedtoken
ERROR 2025-07-31 10:00:52,097 log 7644 3452 Internal Server Error: /api/auth/refresh/
Traceback (most recent call last):
  File "C:\Users\kaler\AppData\Local\Programs\Python\Python39\lib\site-packages\django\db\backends\utils.py", line 89, in _execute
    return self.cursor.execute(sql, params)
  File "C:\Users\kaler\AppData\Local\Programs\Python\Python39\lib\site-packages\django\db\backends\sqlite3\base.py", line 328, in execute
    return super().execute(query, params)
sqlite3.OperationalError: no such table: token_blacklist_blacklistedtoken

The above exception was the direct cause of the following exception:

Traceback (most recent call last):
  File "C:\Users\kaler\AppData\Local\Programs\Python\Python39\lib\site-packages\django\core\handlers\exception.py", line 55, in inner
    response = get_response(request)
  File "C:\Users\kaler\AppData\Local\Programs\Python\Python39\lib\site-packages\django\core\handlers\base.py", line 197, in _get_response
    response = wrapped_callback(request, *callback_args, **callback_kwargs)
  File "C:\Users\kaler\AppData\Local\Programs\Python\Python39\lib\site-packages\django\views\decorators\csrf.py", line 56, in wrapper_view
    return view_func(*args, **kwargs)
  File "C:\Users\kaler\AppData\Local\Programs\Python\Python39\lib\site-packages\django\views\generic\base.py", line 104, in view
    return self.dispatch(request, *args, **kwargs)
  File "C:\Users\kaler\AppData\Local\Programs\Python\Python39\lib\site-packages\rest_framework\views.py", line 509, in dispatch
    response = self.handle_exception(exc)
  File "C:\Users\kaler\AppData\Local\Programs\Python\Python39\lib\site-packages\rest_framework\views.py", line 469, in handle_exception
    self.raise_uncaught_exception(exc)
  File "C:\Users\kaler\AppData\Local\Programs\Python\Python39\lib\site-packages\rest_framework\views.py", line 480, in raise_uncaught_exception
    raise exc
  File "C:\Users\kaler\AppData\Local\Programs\Python\Python39\lib\site-packages\rest_framework\views.py", line 506, in dispatch
    response = handler(request, *args, **kwargs)
  File "C:\Users\kaler\AppData\Local\Programs\Python\Python39\lib\site-packages\rest_framework_simplejwt\views.py", line 44, in post
    serializer.is_valid(raise_exception=True)
  File "C:\Users\kaler\AppData\Local\Programs\Python\Python39\lib\site-packages\rest_framework\serializers.py", line 227, in is_valid
    self._validated_data = self.run_validation(self.initial_data)
  File "C:\Users\kaler\AppData\Local\Programs\Python\Python39\lib\site-packages\rest_framework\serializers.py", line 429, in run_validation
    value = self.validate(value)
  File "C:\Users\kaler\AppData\Local\Programs\Python\Python39\lib\site-packages\rest_framework_simplejwt\serializers.py", line 108, in validate
    refresh = self.token_class(attrs["refresh"])
  File "C:\Users\kaler\AppData\Local\Programs\Python\Python39\lib\site-packages\rest_framework_simplejwt\tokens.py", line 61, in __init__
    self.verify()
  File "C:\Users\kaler\AppData\Local\Programs\Python\Python39\lib\site-packages\rest_framework_simplejwt\tokens.py", line 245, in verify
    self.check_blacklist()
  File "C:\Users\kaler\AppData\Local\Programs\Python\Python39\lib\site-packages\rest_framework_simplejwt\tokens.py", line 256, in check_blacklist
    if BlacklistedToken.objects.filter(token__jti=jti).exists():
  File "C:\Users\kaler\AppData\Local\Programs\Python\Python39\lib\site-packages\django\db\models\query.py", line 1241, in exists
    return self.query.has_results(using=self.db)
  File "C:\Users\kaler\AppData\Local\Programs\Python\Python39\lib\site-packages\django\db\models\sql\query.py", line 598, in has_results
    return compiler.has_results()
  File "C:\Users\kaler\AppData\Local\Programs\Python\Python39\lib\site-packages\django\db\models\sql\compiler.py", line 1530, in has_results
    return bool(self.execute_sql(SINGLE))
  File "C:\Users\kaler\AppData\Local\Programs\Python\Python39\lib\site-packages\django\db\models\sql\compiler.py", line 1562, in execute_sql
    cursor.execute(sql, params)
  File "C:\Users\kaler\AppData\Local\Programs\Python\Python39\lib\site-packages\django\db\backends\utils.py", line 102, in execute
    return super().execute(sql, params)
  File "C:\Users\kaler\AppData\Local\Programs\Python\Python39\lib\site-packages\django\db\backends\utils.py", line 67, in execute
    return self._execute_with_wrappers(
  File "C:\Users\kaler\AppData\Local\Programs\Python\Python39\lib\site-packages\django\db\backends\utils.py", line 80, in _execute_with_wrappers
    return executor(sql, params, many, context)
  File "C:\Users\kaler\AppData\Local\Programs\Python\Python39\lib\site-packages\django\db\backends\utils.py", line 89, in _execute
    return self.cursor.execute(sql, params)
  File "C:\Users\kaler\AppData\Local\Programs\Python\Python39\lib\site-packages\django\db\utils.py", line 91, in __exit__
    raise dj_exc_value.with_traceback(traceback) from exc_value
  File "C:\Users\kaler\AppData\Local\Programs\Python\Python39\lib\site-packages\django\db\backends\utils.py", line 89, in _execute
    return self.cursor.execute(sql, params)
  File "C:\Users\kaler\AppData\Local\Programs\Python\Python39\lib\site-packages\django\db\backends\sqlite3\base.py", line 328, in execute
    return super().execute(query, params)
django.db.utils.OperationalError: no such table: token_blacklist_blacklistedtoken
ERROR 2025-07-31 10:00:52,115 log 7644 13208 Internal Server Error: /api/auth/refresh/
Traceback (most recent call last):
  File "C:\Users\kaler\AppData\Local\Programs\Python\Python39\lib\site-packages\django\db\backends\utils.py", line 89, in _execute
    return self.cursor.execute(sql, params)
  File "C:\Users\kaler\AppData\Local\Programs\Python\Python39\lib\site-packages\django\db\backends\sqlite3\base.py", line 328, in execute
    return super().execute(query, params)
sqlite3.OperationalError: no such table: token_blacklist_blacklistedtoken

The above exception was the direct cause of the following exception:

Traceback (most recent call last):
  File "C:\Users\kaler\AppData\Local\Programs\Python\Python39\lib\site-packages\django\core\handlers\exception.py", line 55, in inner
    response = get_response(request)
  File "C:\Users\kaler\AppData\Local\Programs\Python\Python39\lib\site-packages\django\core\handlers\base.py", line 197, in _get_response
    response = wrapped_callback(request, *callback_args, **callback_kwargs)
  File "C:\Users\kaler\AppData\Local\Programs\Python\Python39\lib\site-packages\django\views\decorators\csrf.py", line 56, in wrapper_view
    return view_func(*args, **kwargs)
  File "C:\Users\kaler\AppData\Local\Programs\Python\Python39\lib\site-packages\django\views\generic\base.py", line 104, in view
    return self.dispatch(request, *args, **kwargs)
  File "C:\Users\kaler\AppData\Local\Programs\Python\Python39\lib\site-packages\rest_framework\views.py", line 509, in dispatch
    response = self.handle_exception(exc)
  File "C:\Users\kaler\AppData\Local\Programs\Python\Python39\lib\site-packages\rest_framework\views.py", line 469, in handle_exception
    self.raise_uncaught_exception(exc)
  File "C:\Users\kaler\AppData\Local\Programs\Python\Python39\lib\site-packages\rest_framework\views.py", line 480, in raise_uncaught_exception
    raise exc
  File "C:\Users\kaler\AppData\Local\Programs\Python\Python39\lib\site-packages\rest_framework\views.py", line 506, in dispatch
    response = handler(request, *args, **kwargs)
  File "C:\Users\kaler\AppData\Local\Programs\Python\Python39\lib\site-packages\rest_framework_simplejwt\views.py", line 44, in post
    serializer.is_valid(raise_exception=True)
  File "C:\Users\kaler\AppData\Local\Programs\Python\Python39\lib\site-packages\rest_framework\serializers.py", line 227, in is_valid
    self._validated_data = self.run_validation(self.initial_data)
  File "C:\Users\kaler\AppData\Local\Programs\Python\Python39\lib\site-packages\rest_framework\serializers.py", line 429, in run_validation
    value = self.validate(value)
  File "C:\Users\kaler\AppData\Local\Programs\Python\Python39\lib\site-packages\rest_framework_simplejwt\serializers.py", line 108, in validate
    refresh = self.token_class(attrs["refresh"])
  File "C:\Users\kaler\AppData\Local\Programs\Python\Python39\lib\site-packages\rest_framework_simplejwt\tokens.py", line 61, in __init__
    self.verify()
  File "C:\Users\kaler\AppData\Local\Programs\Python\Python39\lib\site-packages\rest_framework_simplejwt\tokens.py", line 245, in verify
    self.check_blacklist()
  File "C:\Users\kaler\AppData\Local\Programs\Python\Python39\lib\site-packages\rest_framework_simplejwt\tokens.py", line 256, in check_blacklist
    if BlacklistedToken.objects.filter(token__jti=jti).exists():
  File "C:\Users\kaler\AppData\Local\Programs\Python\Python39\lib\site-packages\django\db\models\query.py", line 1241, in exists
    return self.query.has_results(using=self.db)
  File "C:\Users\kaler\AppData\Local\Programs\Python\Python39\lib\site-packages\django\db\models\sql\query.py", line 598, in has_results
    return compiler.has_results()
  File "C:\Users\kaler\AppData\Local\Programs\Python\Python39\lib\site-packages\django\db\models\sql\compiler.py", line 1530, in has_results
    return bool(self.execute_sql(SINGLE))
  File "C:\Users\kaler\AppData\Local\Programs\Python\Python39\lib\site-packages\django\db\models\sql\compiler.py", line 1562, in execute_sql
    cursor.execute(sql, params)
  File "C:\Users\kaler\AppData\Local\Programs\Python\Python39\lib\site-packages\django\db\backends\utils.py", line 102, in execute
    return super().execute(sql, params)
  File "C:\Users\kaler\AppData\Local\Programs\Python\Python39\lib\site-packages\django\db\backends\utils.py", line 67, in execute
    return self._execute_with_wrappers(
  File "C:\Users\kaler\AppData\Local\Programs\Python\Python39\lib\site-packages\django\db\backends\utils.py", line 80, in _execute_with_wrappers
    return executor(sql, params, many, context)
  File "C:\Users\kaler\AppData\Local\Programs\Python\Python39\lib\site-packages\django\db\backends\utils.py", line 89, in _execute
    return self.cursor.execute(sql, params)
  File "C:\Users\kaler\AppData\Local\Programs\Python\Python39\lib\site-packages\django\db\utils.py", line 91, in __exit__
    raise dj_exc_value.with_traceback(traceback) from exc_value
  File "C:\Users\kaler\AppData\Local\Programs\Python\Python39\lib\site-packages\django\db\backends\utils.py", line 89, in _execute
    return self.cursor.execute(sql, params)
  File "C:\Users\kaler\AppData\Local\Programs\Python\Python39\lib\site-packages\django\db\backends\sqlite3\base.py", line 328, in execute
    return super().execute(query, params)
django.db.utils.OperationalError: no such table: token_blacklist_blacklistedtoken
ERROR 2025-07-31 10:00:52,115 log 7644 14944 Internal Server Error: /api/auth/refresh/
Traceback (most recent call last):
  File "C:\Users\kaler\AppData\Local\Programs\Python\Python39\lib\site-packages\django\db\backends\utils.py", line 89, in _execute
    return self.cursor.execute(sql, params)
  File "C:\Users\kaler\AppData\Local\Programs\Python\Python39\lib\site-packages\django\db\backends\sqlite3\base.py", line 328, in execute
    return super().execute(query, params)
sqlite3.OperationalError: no such table: token_blacklist_blacklistedtoken

The above exception was the direct cause of the following exception:

Traceback (most recent call last):
  File "C:\Users\kaler\AppData\Local\Programs\Python\Python39\lib\site-packages\django\core\handlers\exception.py", line 55, in inner
    response = get_response(request)
  File "C:\Users\kaler\AppData\Local\Programs\Python\Python39\lib\site-packages\django\core\handlers\base.py", line 197, in _get_response
    response = wrapped_callback(request, *callback_args, **callback_kwargs)
  File "C:\Users\kaler\AppData\Local\Programs\Python\Python39\lib\site-packages\django\views\decorators\csrf.py", line 56, in wrapper_view
    return view_func(*args, **kwargs)
  File "C:\Users\kaler\AppData\Local\Programs\Python\Python39\lib\site-packages\django\views\generic\base.py", line 104, in view
    return self.dispatch(request, *args, **kwargs)
  File "C:\Users\kaler\AppData\Local\Programs\Python\Python39\lib\site-packages\rest_framework\views.py", line 509, in dispatch
    response = self.handle_exception(exc)
  File "C:\Users\kaler\AppData\Local\Programs\Python\Python39\lib\site-packages\rest_framework\views.py", line 469, in handle_exception
    self.raise_uncaught_exception(exc)
  File "C:\Users\kaler\AppData\Local\Programs\Python\Python39\lib\site-packages\rest_framework\views.py", line 480, in raise_uncaught_exception
    raise exc
  File "C:\Users\kaler\AppData\Local\Programs\Python\Python39\lib\site-packages\rest_framework\views.py", line 506, in dispatch
    response = handler(request, *args, **kwargs)
  File "C:\Users\kaler\AppData\Local\Programs\Python\Python39\lib\site-packages\rest_framework_simplejwt\views.py", line 44, in post
    serializer.is_valid(raise_exception=True)
  File "C:\Users\kaler\AppData\Local\Programs\Python\Python39\lib\site-packages\rest_framework\serializers.py", line 227, in is_valid
    self._validated_data = self.run_validation(self.initial_data)
  File "C:\Users\kaler\AppData\Local\Programs\Python\Python39\lib\site-packages\rest_framework\serializers.py", line 429, in run_validation
    value = self.validate(value)
  File "C:\Users\kaler\AppData\Local\Programs\Python\Python39\lib\site-packages\rest_framework_simplejwt\serializers.py", line 108, in validate
    refresh = self.token_class(attrs["refresh"])
  File "C:\Users\kaler\AppData\Local\Programs\Python\Python39\lib\site-packages\rest_framework_simplejwt\tokens.py", line 61, in __init__
    self.verify()
  File "C:\Users\kaler\AppData\Local\Programs\Python\Python39\lib\site-packages\rest_framework_simplejwt\tokens.py", line 245, in verify
    self.check_blacklist()
  File "C:\Users\kaler\AppData\Local\Programs\Python\Python39\lib\site-packages\rest_framework_simplejwt\tokens.py", line 256, in check_blacklist
    if BlacklistedToken.objects.filter(token__jti=jti).exists():
  File "C:\Users\kaler\AppData\Local\Programs\Python\Python39\lib\site-packages\django\db\models\query.py", line 1241, in exists
    return self.query.has_results(using=self.db)
  File "C:\Users\kaler\AppData\Local\Programs\Python\Python39\lib\site-packages\django\db\models\sql\query.py", line 598, in has_results
    return compiler.has_results()
  File "C:\Users\kaler\AppData\Local\Programs\Python\Python39\lib\site-packages\django\db\models\sql\compiler.py", line 1530, in has_results
    return bool(self.execute_sql(SINGLE))
  File "C:\Users\kaler\AppData\Local\Programs\Python\Python39\lib\site-packages\django\db\models\sql\compiler.py", line 1562, in execute_sql
    cursor.execute(sql, params)
  File "C:\Users\kaler\AppData\Local\Programs\Python\Python39\lib\site-packages\django\db\backends\utils.py", line 102, in execute
    return super().execute(sql, params)
  File "C:\Users\kaler\AppData\Local\Programs\Python\Python39\lib\site-packages\django\db\backends\utils.py", line 67, in execute
    return self._execute_with_wrappers(
  File "C:\Users\kaler\AppData\Local\Programs\Python\Python39\lib\site-packages\django\db\backends\utils.py", line 80, in _execute_with_wrappers
    return executor(sql, params, many, context)
  File "C:\Users\kaler\AppData\Local\Programs\Python\Python39\lib\site-packages\django\db\backends\utils.py", line 89, in _execute
    return self.cursor.execute(sql, params)
  File "C:\Users\kaler\AppData\Local\Programs\Python\Python39\lib\site-packages\django\db\utils.py", line 91, in __exit__
    raise dj_exc_value.with_traceback(traceback) from exc_value
  File "C:\Users\kaler\AppData\Local\Programs\Python\Python39\lib\site-packages\django\db\backends\utils.py", line 89, in _execute
    return self.cursor.execute(sql, params)
  File "C:\Users\kaler\AppData\Local\Programs\Python\Python39\lib\site-packages\django\db\backends\sqlite3\base.py", line 328, in execute
    return super().execute(query, params)
django.db.utils.OperationalError: no such table: token_blacklist_blacklistedtoken
ERROR 2025-07-31 10:00:52,182 basehttp 7644 15068 "POST /api/auth/refresh/ HTTP/1.1" 500 190033
ERROR 2025-07-31 10:00:52,198 basehttp 7644 32060 "POST /api/auth/refresh/ HTTP/1.1" 500 190033
ERROR 2025-07-31 10:00:52,218 basehttp 7644 7784 "POST /api/auth/refresh/ HTTP/1.1" 500 190033
ERROR 2025-07-31 10:00:52,255 basehttp 7644 3452 "POST /api/auth/refresh/ HTTP/1.1" 500 190033
ERROR 2025-07-31 10:00:52,291 basehttp 7644 13208 "POST /api/auth/refresh/ HTTP/1.1" 500 190033
ERROR 2025-07-31 10:00:52,317 basehttp 7644 14944 "POST /api/auth/refresh/ HTTP/1.1" 500 190033
WARNING 2025-07-31 10:00:52,341 log 7644 15068 Unauthorized: /api/progress/
WARNING 2025-07-31 10:00:52,346 basehttp 7644 15068 "GET /api/progress/ HTTP/1.1" 401 183
WARNING 2025-07-31 10:00:52,348 log 7644 32060 Unauthorized: /api/curated/videos/
WARNING 2025-07-31 10:00:52,407 log 7644 13208 Unauthorized: /api/curated/topics/
WARNING 2025-07-31 10:00:52,409 basehttp 7644 32060 "GET /api/curated/videos/ HTTP/1.1" 401 183
WARNING 2025-07-31 10:00:52,411 basehttp 7644 13208 "GET /api/curated/topics/ HTTP/1.1" 401 183
WARNING 2025-07-31 10:00:52,435 log 7644 13208 Bad Request: /api/auth/refresh/
WARNING 2025-07-31 10:00:52,438 log 7644 32060 Bad Request: /api/auth/refresh/
WARNING 2025-07-31 10:00:52,440 log 7644 15068 Bad Request: /api/auth/refresh/
WARNING 2025-07-31 10:00:52,442 basehttp 7644 13208 "POST /api/auth/refresh/ HTTP/1.1" 400 43
WARNING 2025-07-31 10:00:52,447 basehttp 7644 32060 "POST /api/auth/refresh/ HTTP/1.1" 400 43
WARNING 2025-07-31 10:00:52,450 basehttp 7644 15068 "POST /api/auth/refresh/ HTTP/1.1" 400 43
ERROR 2025-07-31 10:00:52,785 log 7644 7784 Internal Server Error: /api/auth/refresh/
Traceback (most recent call last):
  File "C:\Users\kaler\AppData\Local\Programs\Python\Python39\lib\site-packages\django\db\backends\utils.py", line 89, in _execute
    return self.cursor.execute(sql, params)
  File "C:\Users\kaler\AppData\Local\Programs\Python\Python39\lib\site-packages\django\db\backends\sqlite3\base.py", line 328, in execute
    return super().execute(query, params)
sqlite3.OperationalError: no such table: token_blacklist_blacklistedtoken

The above exception was the direct cause of the following exception:

Traceback (most recent call last):
  File "C:\Users\kaler\AppData\Local\Programs\Python\Python39\lib\site-packages\django\core\handlers\exception.py", line 55, in inner
    response = get_response(request)
  File "C:\Users\kaler\AppData\Local\Programs\Python\Python39\lib\site-packages\django\core\handlers\base.py", line 197, in _get_response
    response = wrapped_callback(request, *callback_args, **callback_kwargs)
  File "C:\Users\kaler\AppData\Local\Programs\Python\Python39\lib\site-packages\django\views\decorators\csrf.py", line 56, in wrapper_view
    return view_func(*args, **kwargs)
  File "C:\Users\kaler\AppData\Local\Programs\Python\Python39\lib\site-packages\django\views\generic\base.py", line 104, in view
    return self.dispatch(request, *args, **kwargs)
  File "C:\Users\kaler\AppData\Local\Programs\Python\Python39\lib\site-packages\rest_framework\views.py", line 509, in dispatch
    response = self.handle_exception(exc)
  File "C:\Users\kaler\AppData\Local\Programs\Python\Python39\lib\site-packages\rest_framework\views.py", line 469, in handle_exception
    self.raise_uncaught_exception(exc)
  File "C:\Users\kaler\AppData\Local\Programs\Python\Python39\lib\site-packages\rest_framework\views.py", line 480, in raise_uncaught_exception
    raise exc
  File "C:\Users\kaler\AppData\Local\Programs\Python\Python39\lib\site-packages\rest_framework\views.py", line 506, in dispatch
    response = handler(request, *args, **kwargs)
  File "C:\Users\kaler\AppData\Local\Programs\Python\Python39\lib\site-packages\rest_framework_simplejwt\views.py", line 44, in post
    serializer.is_valid(raise_exception=True)
  File "C:\Users\kaler\AppData\Local\Programs\Python\Python39\lib\site-packages\rest_framework\serializers.py", line 227, in is_valid
    self._validated_data = self.run_validation(self.initial_data)
  File "C:\Users\kaler\AppData\Local\Programs\Python\Python39\lib\site-packages\rest_framework\serializers.py", line 429, in run_validation
    value = self.validate(value)
  File "C:\Users\kaler\AppData\Local\Programs\Python\Python39\lib\site-packages\rest_framework_simplejwt\serializers.py", line 108, in validate
    refresh = self.token_class(attrs["refresh"])
  File "C:\Users\kaler\AppData\Local\Programs\Python\Python39\lib\site-packages\rest_framework_simplejwt\tokens.py", line 61, in __init__
    self.verify()
  File "C:\Users\kaler\AppData\Local\Programs\Python\Python39\lib\site-packages\rest_framework_simplejwt\tokens.py", line 245, in verify
    self.check_blacklist()
  File "C:\Users\kaler\AppData\Local\Programs\Python\Python39\lib\site-packages\rest_framework_simplejwt\tokens.py", line 256, in check_blacklist
    if BlacklistedToken.objects.filter(token__jti=jti).exists():
  File "C:\Users\kaler\AppData\Local\Programs\Python\Python39\lib\site-packages\django\db\models\query.py", line 1241, in exists
    return self.query.has_results(using=self.db)
  File "C:\Users\kaler\AppData\Local\Programs\Python\Python39\lib\site-packages\django\db\models\sql\query.py", line 598, in has_results
    return compiler.has_results()
  File "C:\Users\kaler\AppData\Local\Programs\Python\Python39\lib\site-packages\django\db\models\sql\compiler.py", line 1530, in has_results
    return bool(self.execute_sql(SINGLE))
  File "C:\Users\kaler\AppData\Local\Programs\Python\Python39\lib\site-packages\django\db\models\sql\compiler.py", line 1562, in execute_sql
    cursor.execute(sql, params)
  File "C:\Users\kaler\AppData\Local\Programs\Python\Python39\lib\site-packages\django\db\backends\utils.py", line 102, in execute
    return super().execute(sql, params)
  File "C:\Users\kaler\AppData\Local\Programs\Python\Python39\lib\site-packages\django\db\backends\utils.py", line 67, in execute
    return self._execute_with_wrappers(
  File "C:\Users\kaler\AppData\Local\Programs\Python\Python39\lib\site-packages\django\db\backends\utils.py", line 80, in _execute_with_wrappers
    return executor(sql, params, many, context)
  File "C:\Users\kaler\AppData\Local\Programs\Python\Python39\lib\site-packages\django\db\backends\utils.py", line 89, in _execute
    return self.cursor.execute(sql, params)
  File "C:\Users\kaler\AppData\Local\Programs\Python\Python39\lib\site-packages\django\db\utils.py", line 91, in __exit__
    raise dj_exc_value.with_traceback(traceback) from exc_value
  File "C:\Users\kaler\AppData\Local\Programs\Python\Python39\lib\site-packages\django\db\backends\utils.py", line 89, in _execute
    return self.cursor.execute(sql, params)
  File "C:\Users\kaler\AppData\Local\Programs\Python\Python39\lib\site-packages\django\db\backends\sqlite3\base.py", line 328, in execute
    return super().execute(query, params)
django.db.utils.OperationalError: no such table: token_blacklist_blacklistedtoken
ERROR 2025-07-31 10:00:52,902 log 7644 14944 Internal Server Error: /api/auth/refresh/
Traceback (most recent call last):
  File "C:\Users\kaler\AppData\Local\Programs\Python\Python39\lib\site-packages\django\db\backends\utils.py", line 89, in _execute
    return self.cursor.execute(sql, params)
  File "C:\Users\kaler\AppData\Local\Programs\Python\Python39\lib\site-packages\django\db\backends\sqlite3\base.py", line 328, in execute
    return super().execute(query, params)
sqlite3.OperationalError: no such table: token_blacklist_blacklistedtoken

The above exception was the direct cause of the following exception:

Traceback (most recent call last):
  File "C:\Users\kaler\AppData\Local\Programs\Python\Python39\lib\site-packages\django\core\handlers\exception.py", line 55, in inner
    response = get_response(request)
  File "C:\Users\kaler\AppData\Local\Programs\Python\Python39\lib\site-packages\django\core\handlers\base.py", line 197, in _get_response
    response = wrapped_callback(request, *callback_args, **callback_kwargs)
  File "C:\Users\kaler\AppData\Local\Programs\Python\Python39\lib\site-packages\django\views\decorators\csrf.py", line 56, in wrapper_view
    return view_func(*args, **kwargs)
  File "C:\Users\kaler\AppData\Local\Programs\Python\Python39\lib\site-packages\django\views\generic\base.py", line 104, in view
    return self.dispatch(request, *args, **kwargs)
  File "C:\Users\kaler\AppData\Local\Programs\Python\Python39\lib\site-packages\rest_framework\views.py", line 509, in dispatch
    response = self.handle_exception(exc)
  File "C:\Users\kaler\AppData\Local\Programs\Python\Python39\lib\site-packages\rest_framework\views.py", line 469, in handle_exception
    self.raise_uncaught_exception(exc)
  File "C:\Users\kaler\AppData\Local\Programs\Python\Python39\lib\site-packages\rest_framework\views.py", line 480, in raise_uncaught_exception
    raise exc
  File "C:\Users\kaler\AppData\Local\Programs\Python\Python39\lib\site-packages\rest_framework\views.py", line 506, in dispatch
    response = handler(request, *args, **kwargs)
  File "C:\Users\kaler\AppData\Local\Programs\Python\Python39\lib\site-packages\rest_framework_simplejwt\views.py", line 44, in post
    serializer.is_valid(raise_exception=True)
  File "C:\Users\kaler\AppData\Local\Programs\Python\Python39\lib\site-packages\rest_framework\serializers.py", line 227, in is_valid
    self._validated_data = self.run_validation(self.initial_data)
  File "C:\Users\kaler\AppData\Local\Programs\Python\Python39\lib\site-packages\rest_framework\serializers.py", line 429, in run_validation
    value = self.validate(value)
  File "C:\Users\kaler\AppData\Local\Programs\Python\Python39\lib\site-packages\rest_framework_simplejwt\serializers.py", line 108, in validate
    refresh = self.token_class(attrs["refresh"])
  File "C:\Users\kaler\AppData\Local\Programs\Python\Python39\lib\site-packages\rest_framework_simplejwt\tokens.py", line 61, in __init__
    self.verify()
  File "C:\Users\kaler\AppData\Local\Programs\Python\Python39\lib\site-packages\rest_framework_simplejwt\tokens.py", line 245, in verify
    self.check_blacklist()
  File "C:\Users\kaler\AppData\Local\Programs\Python\Python39\lib\site-packages\rest_framework_simplejwt\tokens.py", line 256, in check_blacklist
    if BlacklistedToken.objects.filter(token__jti=jti).exists():
  File "C:\Users\kaler\AppData\Local\Programs\Python\Python39\lib\site-packages\django\db\models\query.py", line 1241, in exists
    return self.query.has_results(using=self.db)
  File "C:\Users\kaler\AppData\Local\Programs\Python\Python39\lib\site-packages\django\db\models\sql\query.py", line 598, in has_results
    return compiler.has_results()
  File "C:\Users\kaler\AppData\Local\Programs\Python\Python39\lib\site-packages\django\db\models\sql\compiler.py", line 1530, in has_results
    return bool(self.execute_sql(SINGLE))
  File "C:\Users\kaler\AppData\Local\Programs\Python\Python39\lib\site-packages\django\db\models\sql\compiler.py", line 1562, in execute_sql
    cursor.execute(sql, params)
  File "C:\Users\kaler\AppData\Local\Programs\Python\Python39\lib\site-packages\django\db\backends\utils.py", line 102, in execute
    return super().execute(sql, params)
  File "C:\Users\kaler\AppData\Local\Programs\Python\Python39\lib\site-packages\django\db\backends\utils.py", line 67, in execute
    return self._execute_with_wrappers(
  File "C:\Users\kaler\AppData\Local\Programs\Python\Python39\lib\site-packages\django\db\backends\utils.py", line 80, in _execute_with_wrappers
    return executor(sql, params, many, context)
  File "C:\Users\kaler\AppData\Local\Programs\Python\Python39\lib\site-packages\django\db\backends\utils.py", line 89, in _execute
    return self.cursor.execute(sql, params)
  File "C:\Users\kaler\AppData\Local\Programs\Python\Python39\lib\site-packages\django\db\utils.py", line 91, in __exit__
    raise dj_exc_value.with_traceback(traceback) from exc_value
  File "C:\Users\kaler\AppData\Local\Programs\Python\Python39\lib\site-packages\django\db\backends\utils.py", line 89, in _execute
    return self.cursor.execute(sql, params)
  File "C:\Users\kaler\AppData\Local\Programs\Python\Python39\lib\site-packages\django\db\backends\sqlite3\base.py", line 328, in execute
    return super().execute(query, params)
django.db.utils.OperationalError: no such table: token_blacklist_blacklistedtoken
ERROR 2025-07-31 10:00:52,906 basehttp 7644 7784 "POST /api/auth/refresh/ HTTP/1.1" 500 190033
ERROR 2025-07-31 10:00:52,987 log 7644 3452 Internal Server Error: /api/auth/refresh/
Traceback (most recent call last):
  File "C:\Users\kaler\AppData\Local\Programs\Python\Python39\lib\site-packages\django\db\backends\utils.py", line 89, in _execute
    return self.cursor.execute(sql, params)
  File "C:\Users\kaler\AppData\Local\Programs\Python\Python39\lib\site-packages\django\db\backends\sqlite3\base.py", line 328, in execute
    return super().execute(query, params)
sqlite3.OperationalError: no such table: token_blacklist_blacklistedtoken

The above exception was the direct cause of the following exception:

Traceback (most recent call last):
  File "C:\Users\kaler\AppData\Local\Programs\Python\Python39\lib\site-packages\django\core\handlers\exception.py", line 55, in inner
    response = get_response(request)
  File "C:\Users\kaler\AppData\Local\Programs\Python\Python39\lib\site-packages\django\core\handlers\base.py", line 197, in _get_response
    response = wrapped_callback(request, *callback_args, **callback_kwargs)
  File "C:\Users\kaler\AppData\Local\Programs\Python\Python39\lib\site-packages\django\views\decorators\csrf.py", line 56, in wrapper_view
    return view_func(*args, **kwargs)
  File "C:\Users\kaler\AppData\Local\Programs\Python\Python39\lib\site-packages\django\views\generic\base.py", line 104, in view
    return self.dispatch(request, *args, **kwargs)
  File "C:\Users\kaler\AppData\Local\Programs\Python\Python39\lib\site-packages\rest_framework\views.py", line 509, in dispatch
    response = self.handle_exception(exc)
  File "C:\Users\kaler\AppData\Local\Programs\Python\Python39\lib\site-packages\rest_framework\views.py", line 469, in handle_exception
    self.raise_uncaught_exception(exc)
  File "C:\Users\kaler\AppData\Local\Programs\Python\Python39\lib\site-packages\rest_framework\views.py", line 480, in raise_uncaught_exception
    raise exc
  File "C:\Users\kaler\AppData\Local\Programs\Python\Python39\lib\site-packages\rest_framework\views.py", line 506, in dispatch
    response = handler(request, *args, **kwargs)
  File "C:\Users\kaler\AppData\Local\Programs\Python\Python39\lib\site-packages\rest_framework_simplejwt\views.py", line 44, in post
    serializer.is_valid(raise_exception=True)
  File "C:\Users\kaler\AppData\Local\Programs\Python\Python39\lib\site-packages\rest_framework\serializers.py", line 227, in is_valid
    self._validated_data = self.run_validation(self.initial_data)
  File "C:\Users\kaler\AppData\Local\Programs\Python\Python39\lib\site-packages\rest_framework\serializers.py", line 429, in run_validation
    value = self.validate(value)
  File "C:\Users\kaler\AppData\Local\Programs\Python\Python39\lib\site-packages\rest_framework_simplejwt\serializers.py", line 108, in validate
    refresh = self.token_class(attrs["refresh"])
  File "C:\Users\kaler\AppData\Local\Programs\Python\Python39\lib\site-packages\rest_framework_simplejwt\tokens.py", line 61, in __init__
    self.verify()
  File "C:\Users\kaler\AppData\Local\Programs\Python\Python39\lib\site-packages\rest_framework_simplejwt\tokens.py", line 245, in verify
    self.check_blacklist()
  File "C:\Users\kaler\AppData\Local\Programs\Python\Python39\lib\site-packages\rest_framework_simplejwt\tokens.py", line 256, in check_blacklist
    if BlacklistedToken.objects.filter(token__jti=jti).exists():
  File "C:\Users\kaler\AppData\Local\Programs\Python\Python39\lib\site-packages\django\db\models\query.py", line 1241, in exists
    return self.query.has_results(using=self.db)
  File "C:\Users\kaler\AppData\Local\Programs\Python\Python39\lib\site-packages\django\db\models\sql\query.py", line 598, in has_results
    return compiler.has_results()
  File "C:\Users\kaler\AppData\Local\Programs\Python\Python39\lib\site-packages\django\db\models\sql\compiler.py", line 1530, in has_results
    return bool(self.execute_sql(SINGLE))
  File "C:\Users\kaler\AppData\Local\Programs\Python\Python39\lib\site-packages\django\db\models\sql\compiler.py", line 1562, in execute_sql
    cursor.execute(sql, params)
  File "C:\Users\kaler\AppData\Local\Programs\Python\Python39\lib\site-packages\django\db\backends\utils.py", line 102, in execute
    return super().execute(sql, params)
  File "C:\Users\kaler\AppData\Local\Programs\Python\Python39\lib\site-packages\django\db\backends\utils.py", line 67, in execute
    return self._execute_with_wrappers(
  File "C:\Users\kaler\AppData\Local\Programs\Python\Python39\lib\site-packages\django\db\backends\utils.py", line 80, in _execute_with_wrappers
    return executor(sql, params, many, context)
  File "C:\Users\kaler\AppData\Local\Programs\Python\Python39\lib\site-packages\django\db\backends\utils.py", line 89, in _execute
    return self.cursor.execute(sql, params)
  File "C:\Users\kaler\AppData\Local\Programs\Python\Python39\lib\site-packages\django\db\utils.py", line 91, in __exit__
    raise dj_exc_value.with_traceback(traceback) from exc_value
  File "C:\Users\kaler\AppData\Local\Programs\Python\Python39\lib\site-packages\django\db\backends\utils.py", line 89, in _execute
    return self.cursor.execute(sql, params)
  File "C:\Users\kaler\AppData\Local\Programs\Python\Python39\lib\site-packages\django\db\backends\sqlite3\base.py", line 328, in execute
    return super().execute(query, params)
django.db.utils.OperationalError: no such table: token_blacklist_blacklistedtoken
ERROR 2025-07-31 10:00:52,989 basehttp 7644 14944 "POST /api/auth/refresh/ HTTP/1.1" 500 190033
ERROR 2025-07-31 10:00:53,024 basehttp 7644 3452 "POST /api/auth/refresh/ HTTP/1.1" 500 190033
INFO 2025-07-31 10:01:04,465 basehttp 7644 3452 "OPTIONS /api/auth/login/ HTTP/1.1" 200 0
INFO 2025-07-31 10:01:05,552 basehttp 7644 3452 "POST /api/auth/login/ HTTP/1.1" 200 747
INFO 2025-07-31 10:01:05,772 basehttp 7644 3452 "OPTIONS /api/trending-words/ HTTP/1.1" 200 0
INFO 2025-07-31 10:01:05,772 basehttp 7644 14944 "OPTIONS /api/trending-words/ HTTP/1.1" 200 0
INFO 2025-07-31 10:01:05,863 basehttp 7644 14944 "GET /api/trending-words/ HTTP/1.1" 200 192
INFO 2025-07-31 10:01:05,946 basehttp 7644 14944 "GET /api/trending-words/ HTTP/1.1" 200 192
INFO 2025-07-31 10:01:10,321 basehttp 7644 14944 "OPTIONS /api/transcripts/ HTTP/1.1" 200 0
INFO 2025-07-31 10:01:10,322 basehttp 7644 3452 "OPTIONS /api/transcripts/ HTTP/1.1" 200 0
INFO 2025-07-31 10:01:10,473 basehttp 7644 3452 "GET /api/transcripts/ HTTP/1.1" 200 9383
INFO 2025-07-31 10:01:10,614 basehttp 7644 14944 "GET /api/transcripts/ HTTP/1.1" 200 9383
INFO 2025-07-31 10:01:25,703 basehttp 7644 3452 "OPTIONS /api/transcripts/68886fbdb46da34d7a805ac2/questions/ HTTP/1.1" 200 0
INFO 2025-07-31 10:01:25,704 basehttp 7644 14944 "OPTIONS /api/transcripts/68886fbdb46da34d7a805ac2/questions/ HTTP/1.1" 200 0
INFO 2025-07-31 10:01:25,792 basehttp 7644 14944 "GET /api/transcripts/68886fbdb46da34d7a805ac2/questions/ HTTP/1.1" 200 6143
INFO 2025-07-31 10:01:25,867 basehttp 7644 3452 "GET /api/transcripts/68886fbdb46da34d7a805ac2/questions/ HTTP/1.1" 200 6143
INFO 2025-07-31 10:01:30,506 basehttp 7644 3452 "OPTIONS /api/transcripts/68886fbdb46da34d7a805ac2/translate/ HTTP/1.1" 200 0
INFO 2025-07-31 10:01:30,637 qa_model 7644 3452 Translating text of length: 1121
INFO 2025-07-31 10:01:51,796 qa_model 7644 3452 Raw translation response: {
    "translation": "The rabbit and the tortoise, remember them? Today is Monday. The race is in just one hour, remember bro? I'm fully prepared. The race began. The tortoise is way behind. Ah... I'll take a little rest. The cool breeze makes the rabbit sleepy, and the tortoise wins the race. This time it was a trick. Ha ha, let's race once more and see who wins. Alright then. Let's race one more time. This time, we'll race up to the lion's cave. In this race, the rabbit makes no mistakes and wins. The tortoise sees the rabbit dancing and thinks this isn't right. You won once, I won once. Let's do one more properly. This will be the final one, okay? This time, we'll race to that hill. The path to the hill has a river. The rabbit gets confused seeing the river. What do I do now? In the hurry, I forgot that to reach the hill, we have to cross the river. (The tortoise crosses the river.) Bye bye. The tortoise crosses back to the rabbit and says, \"Look bro, you run fast and I run slow. I won one race and you won one. But now we'll both win this race. You climb on my back, and I'll carry you across the river.\" They cross the river together and both win together."
}
INFO 2025-07-31 10:01:51,867 basehttp 7644 3452 "POST /api/transcripts/68886fbdb46da34d7a805ac2/translate/ HTTP/1.1" 200 1174
INFO 2025-07-31 10:01:55,804 basehttp 7644 3452 "OPTIONS /api/transcripts/68886fbdb46da34d7a805ac2/glossary/ HTTP/1.1" 200 0
INFO 2025-07-31 10:01:55,929 qa_model 7644 3452 Generating glossary for text of length 1121
INFO 2025-07-31 10:02:35,349 basehttp 7644 3452 "POST /api/transcripts/68886fbdb46da34d7a805ac2/glossary/ HTTP/1.1" 200 2105
INFO 2025-07-31 10:03:55,427 basehttp 7644 3452 "OPTIONS /api/practice/sets/ HTTP/1.1" 200 0
INFO 2025-07-31 10:03:55,443 basehttp 7644 14944 "OPTIONS /api/practice/sets/ HTTP/1.1" 200 0
INFO 2025-07-31 10:03:55,610 basehttp 7644 14944 "GET /api/practice/sets/ HTTP/1.1" 200 342
INFO 2025-07-31 10:03:55,616 basehttp 7644 14944 "OPTIONS /api/transcripts/UayIEps9Y70/ HTTP/1.1" 200 0
INFO 2025-07-31 10:03:55,730 basehttp 7644 3452 "GET /api/practice/sets/ HTTP/1.1" 200 342
INFO 2025-07-31 10:03:56,208 basehttp 7644 14944 "GET /api/transcripts/UayIEps9Y70/ HTTP/1.1" 200 12658
INFO 2025-07-31 10:03:56,354 basehttp 7644 3452 "GET /api/transcripts/UayIEps9Y70/ HTTP/1.1" 200 12658
INFO 2025-07-31 10:03:58,087 basehttp 7644 3452 "GET /api/transcripts/ HTTP/1.1" 200 12660
INFO 2025-07-31 10:03:58,229 basehttp 7644 14944 "GET /api/transcripts/ HTTP/1.1" 200 12660
INFO 2025-07-31 10:03:59,373 basehttp 7644 3452 "OPTIONS /api/transcripts/?favorite=true HTTP/1.1" 200 0
INFO 2025-07-31 10:03:59,373 basehttp 7644 14944 "OPTIONS /api/transcripts/?favorite=true HTTP/1.1" 200 0
INFO 2025-07-31 10:03:59,450 basehttp 7644 14944 "GET /api/transcripts/?favorite=true HTTP/1.1" 200 2
INFO 2025-07-31 10:03:59,523 basehttp 7644 3452 "GET /api/transcripts/?favorite=true HTTP/1.1" 200 2
INFO 2025-07-31 10:04:00,959 basehttp 7644 3452 "GET /api/transcripts/ HTTP/1.1" 200 12660
INFO 2025-07-31 10:04:01,092 basehttp 7644 14944 "GET /api/transcripts/ HTTP/1.1" 200 12660
INFO 2025-07-31 10:04:02,465 basehttp 7644 14944 "OPTIONS /api/transcripts/68886fbdb46da34d7a805ac2/toggle_favorite/ HTTP/1.1" 200 0
WARNING 2025-07-31 10:04:02,472 log 7644 14944 Bad Request: /api/transcripts/68886fbdb46da34d7a805ac2/toggle_favorite/
WARNING 2025-07-31 10:04:02,473 basehttp 7644 14944 "POST /api/transcripts/68886fbdb46da34d7a805ac2/toggle_favorite/ HTTP/1.1" 400 113
WARNING 2025-07-31 10:04:04,537 log 7644 14944 Bad Request: /api/transcripts/68886fbdb46da34d7a805ac2/toggle_favorite/
WARNING 2025-07-31 10:04:04,539 basehttp 7644 14944 "POST /api/transcripts/68886fbdb46da34d7a805ac2/toggle_favorite/ HTTP/1.1" 400 113
WARNING 2025-07-31 10:04:05,631 log 7644 14944 Bad Request: /api/transcripts/68886fbdb46da34d7a805ac2/toggle_favorite/
WARNING 2025-07-31 10:04:05,633 basehttp 7644 14944 "POST /api/transcripts/68886fbdb46da34d7a805ac2/toggle_favorite/ HTTP/1.1" 400 113
INFO 2025-07-31 10:04:08,030 basehttp 7644 14944 "GET /api/transcripts/?favorite=true HTTP/1.1" 200 2
INFO 2025-07-31 10:04:08,096 basehttp 7644 3452 "GET /api/transcripts/?favorite=true HTTP/1.1" 200 2
INFO 2025-07-31 10:04:09,379 basehttp 7644 3452 "GET /api/transcripts/ HTTP/1.1" 200 12660
INFO 2025-07-31 10:04:09,516 basehttp 7644 14944 "GET /api/transcripts/ HTTP/1.1" 200 12660
INFO 2025-07-31 10:04:10,586 basehttp 7644 14944 "GET /api/curated/videos/ HTTP/1.1" 200 28734
INFO 2025-07-31 10:04:10,667 basehttp 7644 15068 "GET /api/curated/videos/ HTTP/1.1" 200 28734
INFO 2025-07-31 10:04:10,693 basehttp 7644 3452 "GET /api/curated/topics/ HTTP/1.1" 200 274
INFO 2025-07-31 10:04:10,856 basehttp 7644 7784 "GET /api/progress/ HTTP/1.1" 200 25
INFO 2025-07-31 10:04:10,868 basehttp 7644 15068 "GET /api/curated/topics/ HTTP/1.1" 200 274
INFO 2025-07-31 10:04:10,924 basehttp 7644 3452 "GET /api/progress/ HTTP/1.1" 200 25
INFO 2025-07-31 10:05:22,150 basehttp 7644 3452 "OPTIONS /api/progress/save/ HTTP/1.1" 200 0
INFO 2025-07-31 10:05:22,301 basehttp 7644 3452 "POST /api/progress/save/ HTTP/1.1" 201 135
INFO 2025-07-31 10:05:22,370 basehttp 7644 3452 "GET /api/progress/ HTTP/1.1" 200 247
INFO 2025-07-31 10:05:38,511 basehttp 7644 3452 "GET /api/transcripts/ HTTP/1.1" 200 12660
INFO 2025-07-31 10:05:38,631 basehttp 7644 15068 "GET /api/transcripts/ HTTP/1.1" 200 12660
INFO 2025-07-31 10:05:40,093 basehttp 7644 15068 "OPTIONS /api/vocabulary/words/?favorites=false HTTP/1.1" 200 0
INFO 2025-07-31 10:05:40,094 basehttp 7644 3452 "OPTIONS /api/vocabulary/words/?favorites=false HTTP/1.1" 200 0
INFO 2025-07-31 10:05:40,172 basehttp 7644 3452 "GET /api/vocabulary/words/?favorites=false HTTP/1.1" 200 22
INFO 2025-07-31 10:05:40,244 basehttp 7644 15068 "GET /api/vocabulary/words/?favorites=false HTTP/1.1" 200 22
INFO 2025-07-31 10:05:42,848 basehttp 7644 15068 "GET /api/practice/sets/ HTTP/1.1" 200 342
INFO 2025-07-31 10:05:42,960 basehttp 7644 3452 "GET /api/practice/sets/ HTTP/1.1" 200 342
INFO 2025-07-31 10:05:42,975 basehttp 7644 15068 "GET /api/transcripts/UayIEps9Y70/ HTTP/1.1" 200 12658
INFO 2025-07-31 10:05:43,102 basehttp 7644 3452 "GET /api/transcripts/UayIEps9Y70/ HTTP/1.1" 200 12658
INFO 2025-07-31 10:05:45,445 basehttp 7644 3452 "GET /api/trending-words/ HTTP/1.1" 200 192
INFO 2025-07-31 10:05:45,512 basehttp 7644 15068 "GET /api/trending-words/ HTTP/1.1" 200 192
INFO 2025-07-31 10:05:49,273 basehttp 7644 15068 "GET /api/vocabulary/words/?favorites=false HTTP/1.1" 200 22
INFO 2025-07-31 10:05:49,335 basehttp 7644 3452 "GET /api/vocabulary/words/?favorites=false HTTP/1.1" 200 22
INFO 2025-07-31 10:05:54,145 basehttp 7644 3452 "GET /api/practice/sets/ HTTP/1.1" 200 342
INFO 2025-07-31 10:05:54,261 basehttp 7644 15068 "GET /api/practice/sets/ HTTP/1.1" 200 342
INFO 2025-07-31 10:05:54,291 basehttp 7644 3452 "GET /api/transcripts/UayIEps9Y70/ HTTP/1.1" 200 12658
INFO 2025-07-31 10:05:54,416 basehttp 7644 15068 "GET /api/transcripts/UayIEps9Y70/ HTTP/1.1" 200 12658
INFO 2025-07-31 10:05:58,353 basehttp 7644 15068 "GET /api/trending-words/ HTTP/1.1" 200 192
INFO 2025-07-31 10:05:58,416 basehttp 7644 3452 "GET /api/trending-words/ HTTP/1.1" 200 192
INFO 2025-07-31 10:06:04,355 basehttp 7644 3452 "GET /api/practice/sets/ HTTP/1.1" 200 342
INFO 2025-07-31 10:06:04,480 basehttp 7644 15068 "GET /api/practice/sets/ HTTP/1.1" 200 342
INFO 2025-07-31 10:06:04,491 basehttp 7644 3452 "GET /api/transcripts/UayIEps9Y70/ HTTP/1.1" 200 12658
INFO 2025-07-31 10:06:04,625 basehttp 7644 15068 "GET /api/transcripts/UayIEps9Y70/ HTTP/1.1" 200 12658
INFO 2025-07-31 10:06:07,793 basehttp 7644 15068 "GET /api/trending-words/ HTTP/1.1" 200 192
INFO 2025-07-31 10:06:07,863 basehttp 7644 3452 "GET /api/trending-words/ HTTP/1.1" 200 192
INFO 2025-07-31 10:06:09,221 basehttp 7644 3452 "GET /api/transcripts/ HTTP/1.1" 200 12660
INFO 2025-07-31 10:06:09,338 basehttp 7644 15068 "GET /api/transcripts/ HTTP/1.1" 200 12660
INFO 2025-07-31 10:06:14,039 basehttp 7644 15068 "GET /api/vocabulary/words/?favorites=false HTTP/1.1" 200 22
INFO 2025-07-31 10:06:14,099 basehttp 7644 3452 "GET /api/vocabulary/words/?favorites=false HTTP/1.1" 200 22
INFO 2025-07-31 10:06:17,327 basehttp 7644 3452 "OPTIONS /api/vocabulary/query/ HTTP/1.1" 200 0
INFO 2025-07-31 10:06:17,519 basehttp 7644 3452 "POST /api/vocabulary/query/ HTTP/1.1" 200 180
INFO 2025-07-31 10:06:17,589 basehttp 7644 3452 "GET /api/vocabulary/words/?favorites=false HTTP/1.1" 200 368
INFO 2025-07-31 10:06:21,235 basehttp 7644 3452 "OPTIONS /api/words/68092e4a52664337876efb11/toggle_favorite/ HTTP/1.1" 200 0
INFO 2025-07-31 10:06:21,381 basehttp 7644 3452 "POST /api/words/68092e4a52664337876efb11/toggle_favorite/ HTTP/1.1" 200 57
INFO 2025-07-31 10:06:21,448 basehttp 7644 3452 "GET /api/vocabulary/words/?favorites=false HTTP/1.1" 200 367
INFO 2025-07-31 10:06:29,829 basehttp 7644 7784 "GET /api/progress/ HTTP/1.1" 200 247
INFO 2025-07-31 10:06:29,868 basehttp 7644 3452 "GET /api/curated/videos/ HTTP/1.1" 200 28734
INFO 2025-07-31 10:06:29,886 basehttp 7644 15068 "GET /api/curated/topics/ HTTP/1.1" 200 274
INFO 2025-07-31 10:06:29,900 basehttp 7644 14944 "GET /api/progress/ HTTP/1.1" 200 247
INFO 2025-07-31 10:06:29,956 basehttp 7644 3452 "GET /api/curated/topics/ HTTP/1.1" 200 274
INFO 2025-07-31 10:06:29,996 basehttp 7644 7784 "GET /api/curated/videos/ HTTP/1.1" 200 28734
INFO 2025-07-31 10:06:43,871 basehttp 7644 7784 "GET /api/vocabulary/words/?favorites=false HTTP/1.1" 200 367
INFO 2025-07-31 10:06:43,940 basehttp 7644 3452 "GET /api/vocabulary/words/?favorites=false HTTP/1.1" 200 367
INFO 2025-07-31 10:06:56,411 basehttp 7644 3452 "POST /api/vocabulary/query/ HTTP/1.1" 200 168
INFO 2025-07-31 10:06:56,479 basehttp 7644 3452 "GET /api/vocabulary/words/?favorites=false HTTP/1.1" 200 702
INFO 2025-07-31 10:07:54,378 basehttp 7644 14944 "GET /api/progress/ HTTP/1.1" 200 247
INFO 2025-07-31 10:07:54,444 basehttp 7644 15068 "GET /api/progress/ HTTP/1.1" 200 247
INFO 2025-07-31 10:07:54,445 basehttp 7644 3452 "GET /api/curated/videos/ HTTP/1.1" 200 28734
INFO 2025-07-31 10:07:54,466 basehttp 7644 7784 "GET /api/curated/topics/ HTTP/1.1" 200 274
INFO 2025-07-31 10:07:54,542 basehttp 7644 3452 "GET /api/curated/topics/ HTTP/1.1" 200 274
INFO 2025-07-31 10:07:54,574 basehttp 7644 15068 "GET /api/curated/videos/ HTTP/1.1" 200 28734
INFO 2025-07-31 10:27:17,977 basehttp 7644 24956 "GET /api/transcripts/ HTTP/1.1" 200 12660
INFO 2025-07-31 10:27:18,105 basehttp 7644 7080 "GET /api/transcripts/ HTTP/1.1" 200 12660
INFO 2025-07-31 10:27:28,270 basehttp 7644 7080 "GET /api/transcripts/?favorite=true HTTP/1.1" 200 2
INFO 2025-07-31 10:27:28,336 basehttp 7644 24956 "GET /api/transcripts/?favorite=true HTTP/1.1" 200 2
INFO 2025-07-31 10:27:29,534 basehttp 7644 24956 "GET /api/practice/sets/ HTTP/1.1" 200 342
INFO 2025-07-31 10:27:29,654 basehttp 7644 7080 "GET /api/practice/sets/ HTTP/1.1" 200 342
INFO 2025-07-31 10:27:29,697 basehttp 7644 24956 "GET /api/transcripts/UayIEps9Y70/ HTTP/1.1" 200 12658
INFO 2025-07-31 10:27:29,837 basehttp 7644 7080 "GET /api/transcripts/UayIEps9Y70/ HTTP/1.1" 200 12658
INFO 2025-07-31 10:27:33,184 basehttp 7644 7080 "GET /api/transcripts/ HTTP/1.1" 200 12660
INFO 2025-07-31 10:27:33,321 basehttp 7644 24956 "GET /api/transcripts/ HTTP/1.1" 200 12660
INFO 2025-07-31 10:27:33,600 basehttp 7644 7080 "GET /api/curated/topics/ HTTP/1.1" 200 274
INFO 2025-07-31 10:27:33,622 basehttp 7644 24956 "GET /api/curated/videos/ HTTP/1.1" 200 28734
INFO 2025-07-31 10:27:33,666 basehttp 7644 7080 "GET /api/progress/ HTTP/1.1" 200 247
INFO 2025-07-31 10:27:33,764 basehttp 7644 24956 "GET /api/curated/topics/ HTTP/1.1" 200 274
INFO 2025-07-31 10:27:33,815 basehttp 7644 7080 "GET /api/curated/videos/ HTTP/1.1" 200 28734
INFO 2025-07-31 10:27:33,828 basehttp 7644 24956 "GET /api/progress/ HTTP/1.1" 200 247
INFO 2025-07-31 10:27:35,367 basehttp 7644 24956 "GET /api/transcripts/ HTTP/1.1" 200 12660
INFO 2025-07-31 10:27:35,502 basehttp 7644 7080 "GET /api/transcripts/ HTTP/1.1" 200 12660
INFO 2025-07-31 10:27:49,223 basehttp 7644 7080 "GET /api/vocabulary/words/?favorites=false HTTP/1.1" 200 702
INFO 2025-07-31 10:27:49,295 basehttp 7644 24956 "GET /api/vocabulary/words/?favorites=false HTTP/1.1" 200 702
INFO 2025-07-31 10:27:58,015 basehttp 7644 24956 "GET /api/transcripts/ HTTP/1.1" 200 12660
INFO 2025-07-31 10:27:58,157 basehttp 7644 7080 "GET /api/transcripts/ HTTP/1.1" 200 12660
INFO 2025-07-31 10:29:08,730 basehttp 7644 7080 "GET /api/transcripts/?favorite=true HTTP/1.1" 200 2
INFO 2025-07-31 10:29:08,799 basehttp 7644 24956 "GET /api/transcripts/?favorite=true HTTP/1.1" 200 2
INFO 2025-07-31 10:29:10,279 basehttp 7644 24956 "GET /api/transcripts/ HTTP/1.1" 200 12660
INFO 2025-07-31 10:29:10,406 basehttp 7644 7080 "GET /api/transcripts/ HTTP/1.1" 200 12660
WARNING 2025-07-31 10:29:11,613 log 7644 7080 Bad Request: /api/transcripts/68886fbdb46da34d7a805ac2/toggle_favorite/
WARNING 2025-07-31 10:29:11,614 basehttp 7644 7080 "POST /api/transcripts/68886fbdb46da34d7a805ac2/toggle_favorite/ HTTP/1.1" 400 113
INFO 2025-07-31 10:29:13,178 basehttp 7644 24956 "GET /api/curated/topics/ HTTP/1.1" 200 274
INFO 2025-07-31 10:29:13,195 basehttp 7644 7080 "GET /api/curated/videos/ HTTP/1.1" 200 28734
INFO 2025-07-31 10:29:13,239 basehttp 7644 24956 "GET /api/progress/ HTTP/1.1" 200 247
INFO 2025-07-31 10:29:13,268 basehttp 7644 7080 "GET /api/curated/topics/ HTTP/1.1" 200 274
INFO 2025-07-31 10:29:13,345 basehttp 7644 7080 "GET /api/progress/ HTTP/1.1" 200 247
INFO 2025-07-31 10:29:13,366 basehttp 7644 24956 "GET /api/curated/videos/ HTTP/1.1" 200 28734
INFO 2025-07-31 10:29:15,559 basehttp 7644 24956 "GET /api/transcripts/ HTTP/1.1" 200 12660
INFO 2025-07-31 10:29:15,679 basehttp 7644 7080 "GET /api/transcripts/ HTTP/1.1" 200 12660
INFO 2025-07-31 10:29:18,483 basehttp 7644 7080 "GET /api/practice/sets/ HTTP/1.1" 200 342
INFO 2025-07-31 10:29:18,606 basehttp 7644 24956 "GET /api/practice/sets/ HTTP/1.1" 200 342
INFO 2025-07-31 10:29:18,633 basehttp 7644 7080 "GET /api/transcripts/UayIEps9Y70/ HTTP/1.1" 200 12658
INFO 2025-07-31 10:29:18,781 basehttp 7644 24956 "GET /api/transcripts/UayIEps9Y70/ HTTP/1.1" 200 12658
INFO 2025-07-31 10:29:30,176 basehttp 7644 24956 "GET /api/trending-words/ HTTP/1.1" 200 192
INFO 2025-07-31 10:29:30,256 basehttp 7644 7080 "GET /api/trending-words/ HTTP/1.1" 200 192
INFO 2025-07-31 10:29:35,674 basehttp 7644 7080 "GET /api/transcripts/ HTTP/1.1" 200 12660
INFO 2025-07-31 10:29:35,808 basehttp 7644 24956 "GET /api/transcripts/ HTTP/1.1" 200 12660
INFO 2025-07-31 10:34:14,470 autoreload 7644 17492 C:\Users\kaler\Desktop\hindi-learning-assistant\backend\api\guided_views.py changed, reloading.
INFO 2025-07-31 10:35:09,252 autoreload 28692 37484 Watching for file changes with StatReloader
INFO 2025-07-31 10:45:32,822 autoreload 23932 5076 Watching for file changes with StatReloader
INFO 2025-07-31 10:47:00,194 autoreload 23932 5076 C:\Users\kaler\Desktop\hindi-learning-assistant\backend\api\services\mongo_service.py changed, reloading.
INFO 2025-07-31 10:47:10,455 autoreload 5320 4084 Watching for file changes with StatReloader
INFO 2025-07-31 10:47:59,938 autoreload 5320 4084 C:\Users\kaler\Desktop\hindi-learning-assistant\backend\api\services\mongo_service.py changed, reloading.
INFO 2025-07-31 10:48:04,935 autoreload 18436 36452 Watching for file changes with StatReloader
INFO 2025-07-31 10:49:02,672 autoreload 18436 36452 C:\Users\kaler\Desktop\hindi-learning-assistant\backend\api\services\mongo_service.py changed, reloading.
INFO 2025-07-31 10:49:06,949 autoreload 17324 12224 Watching for file changes with StatReloader
INFO 2025-07-31 10:49:21,450 autoreload 17324 12224 C:\Users\kaler\Desktop\hindi-learning-assistant\backend\api\services\mongo_service.py changed, reloading.
INFO 2025-07-31 10:49:25,471 autoreload 35696 9732 Watching for file changes with StatReloader
INFO 2025-07-31 10:49:41,770 autoreload 35696 9732 C:\Users\kaler\Desktop\hindi-learning-assistant\backend\api\services\mongo_service.py changed, reloading.
INFO 2025-07-31 10:49:45,340 autoreload 15688 29220 Watching for file changes with StatReloader
INFO 2025-07-31 10:50:01,629 autoreload 15688 29220 C:\Users\kaler\Desktop\hindi-learning-assistant\backend\api\services\mongo_service.py changed, reloading.
INFO 2025-07-31 10:50:18,071 autoreload 30444 21488 Watching for file changes with StatReloader
INFO 2025-07-31 10:50:25,680 autoreload 30444 21488 C:\Users\kaler\Desktop\hindi-learning-assistant\backend\api\services\mongo_service.py changed, reloading.
INFO 2025-07-31 10:50:32,420 autoreload 29280 29384 Watching for file changes with StatReloader
INFO 2025-07-31 10:51:18,189 autoreload 26348 33008 Watching for file changes with StatReloader
INFO 2025-07-31 10:56:12,773 basehttp 26348 32832 "POST /api/auth/login/ HTTP/1.1" 200 747
INFO 2025-07-31 10:56:14,439 basehttp 26348 32832 "GET /api/trending-words/ HTTP/1.1" 200 192
INFO 2025-07-31 10:56:14,642 basehttp 26348 37464 "GET /api/trending-words/ HTTP/1.1" 200 192
INFO 2025-07-31 12:08:43,968 basehttp 26348 29064 "OPTIONS /api/transcripts/ HTTP/1.1" 200 0
INFO 2025-07-31 12:08:43,979 basehttp 26348 23232 "OPTIONS /api/transcripts/ HTTP/1.1" 200 0
WARNING 2025-07-31 12:08:44,148 log 26348 29064 Unauthorized: /api/transcripts/
WARNING 2025-07-31 12:08:44,149 basehttp 26348 29064 "GET /api/transcripts/ HTTP/1.1" 401 183
WARNING 2025-07-31 12:08:44,159 log 26348 29064 Unauthorized: /api/transcripts/
INFO 2025-07-31 12:08:44,162 basehttp 26348 23232 "OPTIONS /api/auth/refresh/ HTTP/1.1" 200 0
WARNING 2025-07-31 12:08:44,164 basehttp 26348 29064 "GET /api/transcripts/ HTTP/1.1" 401 183
ERROR 2025-07-31 12:08:44,901 log 26348 23232 Internal Server Error: /api/auth/refresh/
Traceback (most recent call last):
  File "C:\Users\kaler\AppData\Local\Programs\Python\Python39\lib\site-packages\django\db\backends\utils.py", line 89, in _execute
    return self.cursor.execute(sql, params)
  File "C:\Users\kaler\AppData\Local\Programs\Python\Python39\lib\site-packages\django\db\backends\sqlite3\base.py", line 328, in execute
    return super().execute(query, params)
sqlite3.OperationalError: no such table: token_blacklist_blacklistedtoken

The above exception was the direct cause of the following exception:

Traceback (most recent call last):
  File "C:\Users\kaler\AppData\Local\Programs\Python\Python39\lib\site-packages\django\core\handlers\exception.py", line 55, in inner
    response = get_response(request)
  File "C:\Users\kaler\AppData\Local\Programs\Python\Python39\lib\site-packages\django\core\handlers\base.py", line 197, in _get_response
    response = wrapped_callback(request, *callback_args, **callback_kwargs)
  File "C:\Users\kaler\AppData\Local\Programs\Python\Python39\lib\site-packages\django\views\decorators\csrf.py", line 56, in wrapper_view
    return view_func(*args, **kwargs)
  File "C:\Users\kaler\AppData\Local\Programs\Python\Python39\lib\site-packages\django\views\generic\base.py", line 104, in view
    return self.dispatch(request, *args, **kwargs)
  File "C:\Users\kaler\AppData\Local\Programs\Python\Python39\lib\site-packages\rest_framework\views.py", line 509, in dispatch
    response = self.handle_exception(exc)
  File "C:\Users\kaler\AppData\Local\Programs\Python\Python39\lib\site-packages\rest_framework\views.py", line 469, in handle_exception
    self.raise_uncaught_exception(exc)
  File "C:\Users\kaler\AppData\Local\Programs\Python\Python39\lib\site-packages\rest_framework\views.py", line 480, in raise_uncaught_exception
    raise exc
  File "C:\Users\kaler\AppData\Local\Programs\Python\Python39\lib\site-packages\rest_framework\views.py", line 506, in dispatch
    response = handler(request, *args, **kwargs)
  File "C:\Users\kaler\AppData\Local\Programs\Python\Python39\lib\site-packages\rest_framework_simplejwt\views.py", line 44, in post
    serializer.is_valid(raise_exception=True)
  File "C:\Users\kaler\AppData\Local\Programs\Python\Python39\lib\site-packages\rest_framework\serializers.py", line 227, in is_valid
    self._validated_data = self.run_validation(self.initial_data)
  File "C:\Users\kaler\AppData\Local\Programs\Python\Python39\lib\site-packages\rest_framework\serializers.py", line 429, in run_validation
    value = self.validate(value)
  File "C:\Users\kaler\AppData\Local\Programs\Python\Python39\lib\site-packages\rest_framework_simplejwt\serializers.py", line 108, in validate
    refresh = self.token_class(attrs["refresh"])
  File "C:\Users\kaler\AppData\Local\Programs\Python\Python39\lib\site-packages\rest_framework_simplejwt\tokens.py", line 61, in __init__
    self.verify()
  File "C:\Users\kaler\AppData\Local\Programs\Python\Python39\lib\site-packages\rest_framework_simplejwt\tokens.py", line 245, in verify
    self.check_blacklist()
  File "C:\Users\kaler\AppData\Local\Programs\Python\Python39\lib\site-packages\rest_framework_simplejwt\tokens.py", line 256, in check_blacklist
    if BlacklistedToken.objects.filter(token__jti=jti).exists():
  File "C:\Users\kaler\AppData\Local\Programs\Python\Python39\lib\site-packages\django\db\models\query.py", line 1241, in exists
    return self.query.has_results(using=self.db)
  File "C:\Users\kaler\AppData\Local\Programs\Python\Python39\lib\site-packages\django\db\models\sql\query.py", line 598, in has_results
    return compiler.has_results()
  File "C:\Users\kaler\AppData\Local\Programs\Python\Python39\lib\site-packages\django\db\models\sql\compiler.py", line 1530, in has_results
    return bool(self.execute_sql(SINGLE))
  File "C:\Users\kaler\AppData\Local\Programs\Python\Python39\lib\site-packages\django\db\models\sql\compiler.py", line 1562, in execute_sql
    cursor.execute(sql, params)
  File "C:\Users\kaler\AppData\Local\Programs\Python\Python39\lib\site-packages\django\db\backends\utils.py", line 102, in execute
    return super().execute(sql, params)
  File "C:\Users\kaler\AppData\Local\Programs\Python\Python39\lib\site-packages\django\db\backends\utils.py", line 67, in execute
    return self._execute_with_wrappers(
  File "C:\Users\kaler\AppData\Local\Programs\Python\Python39\lib\site-packages\django\db\backends\utils.py", line 80, in _execute_with_wrappers
    return executor(sql, params, many, context)
  File "C:\Users\kaler\AppData\Local\Programs\Python\Python39\lib\site-packages\django\db\backends\utils.py", line 89, in _execute
    return self.cursor.execute(sql, params)
  File "C:\Users\kaler\AppData\Local\Programs\Python\Python39\lib\site-packages\django\db\utils.py", line 91, in __exit__
    raise dj_exc_value.with_traceback(traceback) from exc_value
  File "C:\Users\kaler\AppData\Local\Programs\Python\Python39\lib\site-packages\django\db\backends\utils.py", line 89, in _execute
    return self.cursor.execute(sql, params)
  File "C:\Users\kaler\AppData\Local\Programs\Python\Python39\lib\site-packages\django\db\backends\sqlite3\base.py", line 328, in execute
    return super().execute(query, params)
django.db.utils.OperationalError: no such table: token_blacklist_blacklistedtoken
ERROR 2025-07-31 12:08:44,996 basehttp 26348 23232 "POST /api/auth/refresh/ HTTP/1.1" 500 190393
ERROR 2025-07-31 12:08:45,351 log 26348 29064 Internal Server Error: /api/auth/refresh/
Traceback (most recent call last):
  File "C:\Users\kaler\AppData\Local\Programs\Python\Python39\lib\site-packages\django\db\backends\utils.py", line 89, in _execute
    return self.cursor.execute(sql, params)
  File "C:\Users\kaler\AppData\Local\Programs\Python\Python39\lib\site-packages\django\db\backends\sqlite3\base.py", line 328, in execute
    return super().execute(query, params)
sqlite3.OperationalError: no such table: token_blacklist_blacklistedtoken

The above exception was the direct cause of the following exception:

Traceback (most recent call last):
  File "C:\Users\kaler\AppData\Local\Programs\Python\Python39\lib\site-packages\django\core\handlers\exception.py", line 55, in inner
    response = get_response(request)
  File "C:\Users\kaler\AppData\Local\Programs\Python\Python39\lib\site-packages\django\core\handlers\base.py", line 197, in _get_response
    response = wrapped_callback(request, *callback_args, **callback_kwargs)
  File "C:\Users\kaler\AppData\Local\Programs\Python\Python39\lib\site-packages\django\views\decorators\csrf.py", line 56, in wrapper_view
    return view_func(*args, **kwargs)
  File "C:\Users\kaler\AppData\Local\Programs\Python\Python39\lib\site-packages\django\views\generic\base.py", line 104, in view
    return self.dispatch(request, *args, **kwargs)
  File "C:\Users\kaler\AppData\Local\Programs\Python\Python39\lib\site-packages\rest_framework\views.py", line 509, in dispatch
    response = self.handle_exception(exc)
  File "C:\Users\kaler\AppData\Local\Programs\Python\Python39\lib\site-packages\rest_framework\views.py", line 469, in handle_exception
    self.raise_uncaught_exception(exc)
  File "C:\Users\kaler\AppData\Local\Programs\Python\Python39\lib\site-packages\rest_framework\views.py", line 480, in raise_uncaught_exception
    raise exc
  File "C:\Users\kaler\AppData\Local\Programs\Python\Python39\lib\site-packages\rest_framework\views.py", line 506, in dispatch
    response = handler(request, *args, **kwargs)
  File "C:\Users\kaler\AppData\Local\Programs\Python\Python39\lib\site-packages\rest_framework_simplejwt\views.py", line 44, in post
    serializer.is_valid(raise_exception=True)
  File "C:\Users\kaler\AppData\Local\Programs\Python\Python39\lib\site-packages\rest_framework\serializers.py", line 227, in is_valid
    self._validated_data = self.run_validation(self.initial_data)
  File "C:\Users\kaler\AppData\Local\Programs\Python\Python39\lib\site-packages\rest_framework\serializers.py", line 429, in run_validation
    value = self.validate(value)
  File "C:\Users\kaler\AppData\Local\Programs\Python\Python39\lib\site-packages\rest_framework_simplejwt\serializers.py", line 108, in validate
    refresh = self.token_class(attrs["refresh"])
  File "C:\Users\kaler\AppData\Local\Programs\Python\Python39\lib\site-packages\rest_framework_simplejwt\tokens.py", line 61, in __init__
    self.verify()
  File "C:\Users\kaler\AppData\Local\Programs\Python\Python39\lib\site-packages\rest_framework_simplejwt\tokens.py", line 245, in verify
    self.check_blacklist()
  File "C:\Users\kaler\AppData\Local\Programs\Python\Python39\lib\site-packages\rest_framework_simplejwt\tokens.py", line 256, in check_blacklist
    if BlacklistedToken.objects.filter(token__jti=jti).exists():
  File "C:\Users\kaler\AppData\Local\Programs\Python\Python39\lib\site-packages\django\db\models\query.py", line 1241, in exists
    return self.query.has_results(using=self.db)
  File "C:\Users\kaler\AppData\Local\Programs\Python\Python39\lib\site-packages\django\db\models\sql\query.py", line 598, in has_results
    return compiler.has_results()
  File "C:\Users\kaler\AppData\Local\Programs\Python\Python39\lib\site-packages\django\db\models\sql\compiler.py", line 1530, in has_results
    return bool(self.execute_sql(SINGLE))
  File "C:\Users\kaler\AppData\Local\Programs\Python\Python39\lib\site-packages\django\db\models\sql\compiler.py", line 1562, in execute_sql
    cursor.execute(sql, params)
  File "C:\Users\kaler\AppData\Local\Programs\Python\Python39\lib\site-packages\django\db\backends\utils.py", line 102, in execute
    return super().execute(sql, params)
  File "C:\Users\kaler\AppData\Local\Programs\Python\Python39\lib\site-packages\django\db\backends\utils.py", line 67, in execute
    return self._execute_with_wrappers(
  File "C:\Users\kaler\AppData\Local\Programs\Python\Python39\lib\site-packages\django\db\backends\utils.py", line 80, in _execute_with_wrappers
    return executor(sql, params, many, context)
  File "C:\Users\kaler\AppData\Local\Programs\Python\Python39\lib\site-packages\django\db\backends\utils.py", line 89, in _execute
    return self.cursor.execute(sql, params)
  File "C:\Users\kaler\AppData\Local\Programs\Python\Python39\lib\site-packages\django\db\utils.py", line 91, in __exit__
    raise dj_exc_value.with_traceback(traceback) from exc_value
  File "C:\Users\kaler\AppData\Local\Programs\Python\Python39\lib\site-packages\django\db\backends\utils.py", line 89, in _execute
    return self.cursor.execute(sql, params)
  File "C:\Users\kaler\AppData\Local\Programs\Python\Python39\lib\site-packages\django\db\backends\sqlite3\base.py", line 328, in execute
    return super().execute(query, params)
django.db.utils.OperationalError: no such table: token_blacklist_blacklistedtoken
ERROR 2025-07-31 12:08:45,366 basehttp 26348 29064 "POST /api/auth/refresh/ HTTP/1.1" 500 190393
INFO 2025-07-31 12:08:57,522 basehttp 26348 29064 "OPTIONS /api/auth/login/ HTTP/1.1" 200 0
INFO 2025-07-31 12:08:58,107 basehttp 26348 29064 "POST /api/auth/login/ HTTP/1.1" 200 747
INFO 2025-07-31 12:08:58,272 basehttp 26348 23232 "OPTIONS /api/trending-words/ HTTP/1.1" 200 0
INFO 2025-07-31 12:08:58,273 basehttp 26348 29064 "OPTIONS /api/trending-words/ HTTP/1.1" 200 0
INFO 2025-07-31 12:08:58,365 basehttp 26348 29064 "GET /api/trending-words/ HTTP/1.1" 200 192
INFO 2025-07-31 12:08:58,435 basehttp 26348 23232 "GET /api/trending-words/ HTTP/1.1" 200 192
INFO 2025-07-31 12:09:00,830 basehttp 26348 23232 "GET /api/transcripts/ HTTP/1.1" 200 12660
INFO 2025-07-31 12:09:00,953 basehttp 26348 29064 "GET /api/transcripts/ HTTP/1.1" 200 12660
INFO 2025-07-31 12:09:03,335 basehttp 26348 23232 "OPTIONS /api/transcripts/68886fbdb46da34d7a805ac2/questions/ HTTP/1.1" 200 0
INFO 2025-07-31 12:09:03,335 basehttp 26348 29064 "OPTIONS /api/transcripts/68886fbdb46da34d7a805ac2/questions/ HTTP/1.1" 200 0
INFO 2025-07-31 12:09:03,408 basehttp 26348 29064 "GET /api/transcripts/68886fbdb46da34d7a805ac2/questions/ HTTP/1.1" 200 6143
INFO 2025-07-31 12:09:03,483 basehttp 26348 23232 "GET /api/transcripts/68886fbdb46da34d7a805ac2/questions/ HTTP/1.1" 200 6143
INFO 2025-07-31 12:09:11,904 basehttp 26348 23232 "GET /api/transcripts/68886fbdb46da34d7a805ac2/questions/ HTTP/1.1" 200 6143
INFO 2025-07-31 12:09:11,974 basehttp 26348 29064 "GET /api/transcripts/68886fbdb46da34d7a805ac2/questions/ HTTP/1.1" 200 6143
INFO 2025-07-31 12:09:32,743 basehttp 26348 23232 "OPTIONS /api/curated/topics/ HTTP/1.1" 200 0
INFO 2025-07-31 12:09:32,744 basehttp 26348 29064 "OPTIONS /api/curated/videos/ HTTP/1.1" 200 0
INFO 2025-07-31 12:09:32,745 basehttp 26348 37048 "OPTIONS /api/progress/ HTTP/1.1" 200 0
INFO 2025-07-31 12:09:32,756 basehttp 26348 37048 "OPTIONS /api/progress/ HTTP/1.1" 200 0
INFO 2025-07-31 12:09:32,757 basehttp 26348 29064 "OPTIONS /api/curated/videos/ HTTP/1.1" 200 0
INFO 2025-07-31 12:09:32,758 basehttp 26348 23232 "OPTIONS /api/curated/topics/ HTTP/1.1" 200 0
INFO 2025-07-31 12:09:32,899 basehttp 26348 37048 "GET /api/curated/topics/ HTTP/1.1" 200 274
INFO 2025-07-31 12:09:32,971 basehttp 26348 37048 "GET /api/curated/topics/ HTTP/1.1" 200 274
INFO 2025-07-31 12:09:33,269 basehttp 26348 29064 "GET /api/progress/ HTTP/1.1" 200 247
INFO 2025-07-31 12:09:33,336 basehttp 26348 37048 "GET /api/progress/ HTTP/1.1" 200 247
INFO 2025-07-31 12:09:33,364 basehttp 26348 23232 "GET /api/curated/videos/ HTTP/1.1" 200 28734
INFO 2025-07-31 12:09:33,440 basehttp 26348 37048 "GET /api/curated/videos/ HTTP/1.1" 200 28734
INFO 2025-07-31 12:10:09,678 basehttp 26348 37048 "GET /api/transcripts/ HTTP/1.1" 200 12660
INFO 2025-07-31 12:10:09,811 basehttp 26348 23232 "GET /api/transcripts/ HTTP/1.1" 200 12660
INFO 2025-07-31 12:10:11,063 basehttp 26348 23232 "OPTIONS /api/transcripts/?favorite=true HTTP/1.1" 200 0
INFO 2025-07-31 12:10:11,064 basehttp 26348 37048 "OPTIONS /api/transcripts/?favorite=true HTTP/1.1" 200 0
INFO 2025-07-31 12:10:11,138 basehttp 26348 37048 "GET /api/transcripts/?favorite=true HTTP/1.1" 200 2
INFO 2025-07-31 12:10:11,205 basehttp 26348 23232 "GET /api/transcripts/?favorite=true HTTP/1.1" 200 2
INFO 2025-07-31 12:10:12,997 basehttp 26348 23232 "OPTIONS /api/practice/sets/ HTTP/1.1" 200 0
INFO 2025-07-31 12:10:12,998 basehttp 26348 37048 "OPTIONS /api/practice/sets/ HTTP/1.1" 200 0
INFO 2025-07-31 12:10:13,144 basehttp 26348 37048 "GET /api/practice/sets/ HTTP/1.1" 200 342
INFO 2025-07-31 12:10:13,154 basehttp 26348 37048 "OPTIONS /api/transcripts/UayIEps9Y70/ HTTP/1.1" 200 0
INFO 2025-07-31 12:10:13,288 basehttp 26348 37048 "GET /api/transcripts/UayIEps9Y70/ HTTP/1.1" 200 12658
INFO 2025-07-31 12:10:13,295 basehttp 26348 23232 "GET /api/practice/sets/ HTTP/1.1" 200 342
INFO 2025-07-31 12:10:13,448 basehttp 26348 23232 "GET /api/transcripts/UayIEps9Y70/ HTTP/1.1" 200 12658
INFO 2025-07-31 12:10:15,501 basehttp 26348 37048 "OPTIONS /api/vocabulary/words/?favorites=false HTTP/1.1" 200 0
INFO 2025-07-31 12:10:15,502 basehttp 26348 23232 "OPTIONS /api/vocabulary/words/?favorites=false HTTP/1.1" 200 0
INFO 2025-07-31 12:10:15,587 basehttp 26348 23232 "GET /api/vocabulary/words/?favorites=false HTTP/1.1" 200 702
INFO 2025-07-31 12:10:15,664 basehttp 26348 37048 "GET /api/vocabulary/words/?favorites=false HTTP/1.1" 200 702
INFO 2025-07-31 12:10:18,103 basehttp 26348 29064 "GET /api/progress/ HTTP/1.1" 200 247
INFO 2025-07-31 12:10:18,158 basehttp 26348 23232 "GET /api/curated/topics/ HTTP/1.1" 200 274
INFO 2025-07-31 12:10:18,166 basehttp 26348 37048 "GET /api/curated/videos/ HTTP/1.1" 200 28734
INFO 2025-07-31 12:10:18,174 basehttp 26348 27260 "GET /api/progress/ HTTP/1.1" 200 247
INFO 2025-07-31 12:10:18,225 basehttp 26348 29064 "GET /api/curated/topics/ HTTP/1.1" 200 274
INFO 2025-07-31 12:10:18,289 basehttp 26348 23232 "GET /api/curated/videos/ HTTP/1.1" 200 28734
INFO 2025-07-31 12:10:20,426 basehttp 26348 23232 "GET /api/trending-words/ HTTP/1.1" 200 192
INFO 2025-07-31 12:10:20,486 basehttp 26348 29064 "GET /api/trending-words/ HTTP/1.1" 200 192
INFO 2025-07-31 12:26:17,268 basehttp 26348 27412 "GET /api/progress/ HTTP/1.1" 200 247
INFO 2025-07-31 12:26:17,304 basehttp 26348 9232 "GET /api/curated/topics/ HTTP/1.1" 200 274
INFO 2025-07-31 12:26:17,340 basehttp 26348 5948 "GET /api/progress/ HTTP/1.1" 200 247
INFO 2025-07-31 12:26:17,341 basehttp 26348 22840 "GET /api/curated/videos/ HTTP/1.1" 200 28734
INFO 2025-07-31 12:26:17,381 basehttp 26348 27412 "GET /api/curated/topics/ HTTP/1.1" 200 274
INFO 2025-07-31 12:26:17,471 basehttp 26348 5948 "GET /api/curated/videos/ HTTP/1.1" 200 28734
