INFO 2025-04-20 00:24:37,198 autoreload 63115 8548337728 Watching for file changes with StatReloader
INFO 2025-04-20 00:27:25,578 autoreload 63115 8548337728 /Users/arvindsudarshan/Desktop/hindi-learning-assistant/backend/settings.py changed, reloading.
INFO 2025-04-20 00:27:26,629 autoreload 63262 8548337728 Watching for file changes with StatReloader
INFO 2025-04-20 00:28:06,286 autoreload 63324 8548337728 Watching for file changes with StatReloader
INFO 2025-04-20 00:35:48,489 autoreload 63695 8548337728 Watching for file changes with StatReloader
INFO 2025-04-20 00:36:58,783 autoreload 63695 8548337728 /Users/arvindsudarshan/Desktop/hindi-learning-assistant/backend/settings.py changed, reloading.
INFO 2025-04-20 00:37:32,860 autoreload 63910 8548337728 Watching for file changes with StatReloader
INFO 2025-04-20 00:37:56,540 autoreload 63910 8548337728 /Users/arvindsudarshan/Desktop/hindi-learning-assistant/backend/settings.py changed, reloading.
INFO 2025-04-20 00:37:57,119 autoreload 63949 8548337728 Watching for file changes with StatReloader
INFO 2025-04-20 00:38:13,731 autoreload 63949 8548337728 /Users/arvindsudarshan/Desktop/hindi-learning-assistant/backend/settings.py changed, reloading.
INFO 2025-04-20 00:38:14,457 autoreload 63964 8548337728 Watching for file changes with StatReloader
INFO 2025-04-20 00:38:34,702 autoreload 63991 8548337728 Watching for file changes with StatReloader
WARNING 2025-04-20 00:38:39,067 log 63991 6314668032 Not Found: /favicon.ico
INFO 2025-04-20 00:39:39,557 autoreload 64044 8548337728 Watching for file changes with StatReloader
INFO 2025-04-20 00:40:00,015 autoreload 64099 8548337728 Watching for file changes with StatReloader
INFO 2025-04-20 01:03:21,265 autoreload 64099 8548337728 /Users/arvindsudarshan/Desktop/hindi-learning-assistant/backend/api/views.py changed, reloading.
INFO 2025-04-20 01:03:22,285 autoreload 64647 8548337728 Watching for file changes with StatReloader
INFO 2025-04-20 01:03:24,589 autoreload 64647 8548337728 /Users/arvindsudarshan/Desktop/hindi-learning-assistant/backend/api/views.py changed, reloading.
INFO 2025-04-20 01:03:25,237 autoreload 64652 8548337728 Watching for file changes with StatReloader
INFO 2025-04-20 01:06:13,106 autoreload 64936 8548337728 Watching for file changes with StatReloader
INFO 2025-04-20 01:06:45,880 autoreload 64976 8548337728 Watching for file changes with StatReloader
ERROR 2025-04-20 01:12:09,249 log 64976 6252457984 Internal Server Error: /api/vocabulary/query
Traceback (most recent call last):
  File "/Users/arvindsudarshan/.pyenv/versions/3.11.10/lib/python3.11/site-packages/django/core/handlers/exception.py", line 55, in inner
    response = get_response(request)
               ^^^^^^^^^^^^^^^^^^^^^
  File "/Users/arvindsudarshan/.pyenv/versions/3.11.10/lib/python3.11/site-packages/django/utils/deprecation.py", line 136, in __call__
    response = self.process_response(request, response)
               ^^^^^^^^^^^^^^^^^^^^^^^^^^^^^^^^^^^^^^^^
  File "/Users/arvindsudarshan/.pyenv/versions/3.11.10/lib/python3.11/site-packages/django/middleware/common.py", line 108, in process_response
    return self.response_redirect_class(self.get_full_path_with_slash(request))
                                        ^^^^^^^^^^^^^^^^^^^^^^^^^^^^^^^^^^^^^^
  File "/Users/arvindsudarshan/.pyenv/versions/3.11.10/lib/python3.11/site-packages/django/middleware/common.py", line 87, in get_full_path_with_slash
    raise RuntimeError(
RuntimeError: You called this URL via POST, but the URL doesn't end in a slash and you have APPEND_SLASH set. Django can't redirect to the slash URL while maintaining POST data. Change your form to point to localhost:8001/api/vocabulary/query/ (note the trailing slash), or set APPEND_SLASH=False in your Django settings.
WARNING 2025-04-20 01:12:41,734 log 64976 6252457984 Method Not Allowed: /
WARNING 2025-04-20 01:14:17,873 log 64976 6269284352 Unauthorized: /api/vocabulary/query/
INFO 2025-04-20 01:15:40,371 autoreload 64976 8548337728 /Users/arvindsudarshan/Desktop/hindi-learning-assistant/backend/api/urls.py changed, reloading.
INFO 2025-04-20 01:15:41,349 autoreload 65295 8548337728 Watching for file changes with StatReloader
INFO 2025-04-20 01:15:58,041 autoreload 65295 8548337728 /Users/arvindsudarshan/Desktop/hindi-learning-assistant/backend/api/urls.py changed, reloading.
INFO 2025-04-20 01:15:58,605 autoreload 65314 8548337728 Watching for file changes with StatReloader
WARNING 2025-04-20 01:27:44,919 log 65314 6241955840 Bad Request: /api/auth/login/
WARNING 2025-04-20 01:32:24,000 log 65314 6258782208 Bad Request: /api/auth/signup/
WARNING 2025-04-20 01:34:52,836 log 65314 6275608576 Method Not Allowed: /api/auth/signup/
WARNING 2025-04-20 01:34:53,181 log 65314 12935360512 Not Found: /favicon.ico
WARNING 2025-04-20 01:35:25,954 log 65314 12901707776 Method Not Allowed: /api/auth/login/
WARNING 2025-04-20 01:36:24,021 log 65314 12901707776 Unauthorized: /api/vocabulary/query/
ERROR 2025-04-20 01:37:03,932 log 65314 12935360512 Internal Server Error: /api/auth/login
Traceback (most recent call last):
  File "/Users/arvindsudarshan/.pyenv/versions/3.11.10/lib/python3.11/site-packages/django/core/handlers/exception.py", line 55, in inner
    response = get_response(request)
               ^^^^^^^^^^^^^^^^^^^^^
  File "/Users/arvindsudarshan/.pyenv/versions/3.11.10/lib/python3.11/site-packages/django/utils/deprecation.py", line 136, in __call__
    response = self.process_response(request, response)
               ^^^^^^^^^^^^^^^^^^^^^^^^^^^^^^^^^^^^^^^^
  File "/Users/arvindsudarshan/.pyenv/versions/3.11.10/lib/python3.11/site-packages/django/middleware/common.py", line 108, in process_response
    return self.response_redirect_class(self.get_full_path_with_slash(request))
                                        ^^^^^^^^^^^^^^^^^^^^^^^^^^^^^^^^^^^^^^
  File "/Users/arvindsudarshan/.pyenv/versions/3.11.10/lib/python3.11/site-packages/django/middleware/common.py", line 87, in get_full_path_with_slash
    raise RuntimeError(
RuntimeError: You called this URL via POST, but the URL doesn't end in a slash and you have APPEND_SLASH set. Django can't redirect to the slash URL while maintaining POST data. Change your form to point to localhost:8001/api/auth/login/ (note the trailing slash), or set APPEND_SLASH=False in your Django settings.
ERROR 2025-04-20 01:37:28,326 log 65314 12935360512 Internal Server Error: /api/auth/login
Traceback (most recent call last):
  File "/Users/arvindsudarshan/.pyenv/versions/3.11.10/lib/python3.11/site-packages/django/core/handlers/exception.py", line 55, in inner
    response = get_response(request)
               ^^^^^^^^^^^^^^^^^^^^^
  File "/Users/arvindsudarshan/.pyenv/versions/3.11.10/lib/python3.11/site-packages/django/utils/deprecation.py", line 136, in __call__
    response = self.process_response(request, response)
               ^^^^^^^^^^^^^^^^^^^^^^^^^^^^^^^^^^^^^^^^
  File "/Users/arvindsudarshan/.pyenv/versions/3.11.10/lib/python3.11/site-packages/django/middleware/common.py", line 108, in process_response
    return self.response_redirect_class(self.get_full_path_with_slash(request))
                                        ^^^^^^^^^^^^^^^^^^^^^^^^^^^^^^^^^^^^^^
  File "/Users/arvindsudarshan/.pyenv/versions/3.11.10/lib/python3.11/site-packages/django/middleware/common.py", line 87, in get_full_path_with_slash
    raise RuntimeError(
RuntimeError: You called this URL via POST, but the URL doesn't end in a slash and you have APPEND_SLASH set. Django can't redirect to the slash URL while maintaining POST data. Change your form to point to localhost:8001/api/auth/login/ (note the trailing slash), or set APPEND_SLASH=False in your Django settings.
WARNING 2025-04-20 01:37:37,941 log 65314 12935360512 Bad Request: /api/auth/login/
WARNING 2025-04-20 01:38:06,659 log 65314 12901707776 Unauthorized: /api/
WARNING 2025-04-20 01:39:19,309 log 65314 12901707776 Unauthorized: /api/
WARNING 2025-04-20 01:39:19,996 log 65314 12901707776 Unauthorized: /api/vocabulary/query/
WARNING 2025-04-20 01:39:28,506 log 65314 12918534144 Not Found: /favicon.ico
INFO 2025-04-20 01:40:25,230 autoreload 65314 8548337728 /Users/arvindsudarshan/Desktop/hindi-learning-assistant/backend/urls.py changed, reloading.
INFO 2025-04-20 01:40:26,105 autoreload 65620 8548337728 Watching for file changes with StatReloader
WARNING 2025-04-20 01:40:31,194 log 65620 6285864960 Unauthorized: /api/vocabulary/query/
WARNING 2025-04-20 01:40:32,858 log 65620 6285864960 Unauthorized: /api/vocabulary/query/
WARNING 2025-04-20 01:40:34,735 log 65620 6285864960 Unauthorized: /api/vocabulary/query/
WARNING 2025-04-20 01:40:53,267 log 65620 6285864960 Unauthorized: /api/vocabulary/query/
WARNING 2025-04-20 01:41:05,820 log 65620 6285864960 Not Found: /api/vocabulary/login/
WARNING 2025-04-20 01:41:13,161 log 65620 6285864960 Unauthorized: /api/vocabulary/query/
WARNING 2025-04-20 01:41:28,842 log 65620 6285864960 Method Not Allowed: /api/auth/login/
WARNING 2025-04-20 01:42:09,910 log 65620 6285864960 Unauthorized: /api/vocabulary/query/
WARNING 2025-04-20 01:42:24,980 log 65620 6285864960 Unauthorized: /api/vocabulary/query/
WARNING 2025-04-20 01:46:25,340 log 65620 6302691328 Unauthorized: /api/transcripts/
INFO 2025-04-20 01:50:43,205 autoreload 65620 8548337728 /Users/arvindsudarshan/Desktop/hindi-learning-assistant/backend/qa_engine/qa_model.py changed, reloading.
INFO 2025-04-20 01:50:43,967 autoreload 65838 8548337728 Watching for file changes with StatReloader
INFO 2025-04-20 01:50:48,306 autoreload 65838 8548337728 /Users/arvindsudarshan/Desktop/hindi-learning-assistant/backend/qa_engine/qa_model.py changed, reloading.
INFO 2025-04-20 01:50:49,032 autoreload 65846 8548337728 Watching for file changes with StatReloader
INFO 2025-04-20 01:51:22,018 autoreload 65846 8548337728 /Users/arvindsudarshan/Desktop/hindi-learning-assistant/backend/api/views.py changed, reloading.
INFO 2025-04-20 01:51:22,728 autoreload 65867 8548337728 Watching for file changes with StatReloader
INFO 2025-04-20 01:51:27,879 autoreload 65867 8548337728 /Users/arvindsudarshan/Desktop/hindi-learning-assistant/backend/api/views.py changed, reloading.
INFO 2025-04-20 01:51:28,641 autoreload 65877 8548337728 Watching for file changes with StatReloader
INFO 2025-04-20 01:52:30,359 autoreload 65877 8548337728 /Users/arvindsudarshan/Desktop/hindi-learning-assistant/backend/api/models.py changed, reloading.
INFO 2025-04-20 01:52:31,118 autoreload 65893 8548337728 Watching for file changes with StatReloader
WARNING 2025-04-20 01:52:33,241 log 65893 6249623552 Unauthorized: /api/vocabulary/query/
WARNING 2025-04-20 01:52:43,078 log 65893 6249623552 Unauthorized: /api/vocabulary/words/
INFO 2025-04-20 01:55:42,804 autoreload 65893 8548337728 /Users/arvindsudarshan/Desktop/hindi-learning-assistant/backend/api/services/qa_service.py changed, reloading.
INFO 2025-04-20 01:55:43,637 autoreload 65965 8548337728 Watching for file changes with StatReloader
INFO 2025-04-20 01:55:47,967 autoreload 65965 8548337728 /Users/arvindsudarshan/Desktop/hindi-learning-assistant/backend/api/services/qa_service.py changed, reloading.
INFO 2025-04-20 01:55:48,580 autoreload 65978 8548337728 Watching for file changes with StatReloader
INFO 2025-04-20 01:56:27,747 autoreload 65978 8548337728 /Users/arvindsudarshan/Desktop/hindi-learning-assistant/backend/api/views.py changed, reloading.
INFO 2025-04-20 01:56:28,372 autoreload 65998 8548337728 Watching for file changes with StatReloader
INFO 2025-04-20 01:56:30,540 autoreload 65998 8548337728 /Users/arvindsudarshan/Desktop/hindi-learning-assistant/backend/api/views.py changed, reloading.
INFO 2025-04-20 01:56:31,264 autoreload 66006 8548337728 Watching for file changes with StatReloader
WARNING 2025-04-20 02:06:28,173 log 66006 6276657152 Not Found: /favicon.ico
WARNING 2025-04-20 02:19:33,461 log 66006 6276657152 Method Not Allowed: /api/auth/signup/
INFO 2025-04-20 02:21:23,803 autoreload 69036 8548337728 Watching for file changes with StatReloader
WARNING 2025-04-20 02:21:41,147 log 69036 6280245248 Not Found: /signup
WARNING 2025-04-20 02:21:41,859 log 69036 6280245248 Not Found: /favicon.ico
ERROR 2025-04-20 02:29:30,976 log 69036 6280245248 Internal Server Error: /api/transcripts/
Traceback (most recent call last):
  File "/Users/arvindsudarshan/.pyenv/versions/3.11.10/lib/python3.11/site-packages/django/core/handlers/exception.py", line 55, in inner
    response = get_response(request)
               ^^^^^^^^^^^^^^^^^^^^^
  File "/Users/arvindsudarshan/.pyenv/versions/3.11.10/lib/python3.11/site-packages/django/core/handlers/base.py", line 197, in _get_response
    response = wrapped_callback(request, *callback_args, **callback_kwargs)
               ^^^^^^^^^^^^^^^^^^^^^^^^^^^^^^^^^^^^^^^^^^^^^^^^^^^^^^^^^^^^
  File "/Users/arvindsudarshan/.pyenv/versions/3.11.10/lib/python3.11/site-packages/django/views/decorators/csrf.py", line 56, in wrapper_view
    return view_func(*args, **kwargs)
           ^^^^^^^^^^^^^^^^^^^^^^^^^^
  File "/Users/arvindsudarshan/.pyenv/versions/3.11.10/lib/python3.11/site-packages/rest_framework/viewsets.py", line 125, in view
    return self.dispatch(request, *args, **kwargs)
           ^^^^^^^^^^^^^^^^^^^^^^^^^^^^^^^^^^^^^^^
  File "/Users/arvindsudarshan/.pyenv/versions/3.11.10/lib/python3.11/site-packages/rest_framework/views.py", line 509, in dispatch
    response = self.handle_exception(exc)
               ^^^^^^^^^^^^^^^^^^^^^^^^^^
  File "/Users/arvindsudarshan/.pyenv/versions/3.11.10/lib/python3.11/site-packages/rest_framework/views.py", line 469, in handle_exception
    self.raise_uncaught_exception(exc)
  File "/Users/arvindsudarshan/.pyenv/versions/3.11.10/lib/python3.11/site-packages/rest_framework/views.py", line 480, in raise_uncaught_exception
    raise exc
  File "/Users/arvindsudarshan/.pyenv/versions/3.11.10/lib/python3.11/site-packages/rest_framework/views.py", line 506, in dispatch
    response = handler(request, *args, **kwargs)
               ^^^^^^^^^^^^^^^^^^^^^^^^^^^^^^^^^
  File "/Users/arvindsudarshan/.pyenv/versions/3.11.10/lib/python3.11/site-packages/rest_framework/mixins.py", line 45, in list
    serializer = self.get_serializer(queryset, many=True)
                 ^^^^^^^^^^^^^^^^^^^^^^^^^^^^^^^^^^^^^^^^
  File "/Users/arvindsudarshan/.pyenv/versions/3.11.10/lib/python3.11/site-packages/rest_framework/generics.py", line 108, in get_serializer
    serializer_class = self.get_serializer_class()
                       ^^^^^^^^^^^^^^^^^^^^^^^^^^^
  File "/Users/arvindsudarshan/.pyenv/versions/3.11.10/lib/python3.11/site-packages/rest_framework/generics.py", line 122, in get_serializer_class
    assert self.serializer_class is not None, (
           ^^^^^^^^^^^^^^^^^^^^^^^^^^^^^^^^^
AssertionError: 'TranscriptViewSet' should either include a `serializer_class` attribute, or override the `get_serializer_class()` method.
ERROR 2025-04-20 02:29:31,054 log 69036 6297071616 Internal Server Error: /api/transcripts/
Traceback (most recent call last):
  File "/Users/arvindsudarshan/.pyenv/versions/3.11.10/lib/python3.11/site-packages/django/core/handlers/exception.py", line 55, in inner
    response = get_response(request)
               ^^^^^^^^^^^^^^^^^^^^^
  File "/Users/arvindsudarshan/.pyenv/versions/3.11.10/lib/python3.11/site-packages/django/core/handlers/base.py", line 197, in _get_response
    response = wrapped_callback(request, *callback_args, **callback_kwargs)
               ^^^^^^^^^^^^^^^^^^^^^^^^^^^^^^^^^^^^^^^^^^^^^^^^^^^^^^^^^^^^
  File "/Users/arvindsudarshan/.pyenv/versions/3.11.10/lib/python3.11/site-packages/django/views/decorators/csrf.py", line 56, in wrapper_view
    return view_func(*args, **kwargs)
           ^^^^^^^^^^^^^^^^^^^^^^^^^^
  File "/Users/arvindsudarshan/.pyenv/versions/3.11.10/lib/python3.11/site-packages/rest_framework/viewsets.py", line 125, in view
    return self.dispatch(request, *args, **kwargs)
           ^^^^^^^^^^^^^^^^^^^^^^^^^^^^^^^^^^^^^^^
  File "/Users/arvindsudarshan/.pyenv/versions/3.11.10/lib/python3.11/site-packages/rest_framework/views.py", line 509, in dispatch
    response = self.handle_exception(exc)
               ^^^^^^^^^^^^^^^^^^^^^^^^^^
  File "/Users/arvindsudarshan/.pyenv/versions/3.11.10/lib/python3.11/site-packages/rest_framework/views.py", line 469, in handle_exception
    self.raise_uncaught_exception(exc)
  File "/Users/arvindsudarshan/.pyenv/versions/3.11.10/lib/python3.11/site-packages/rest_framework/views.py", line 480, in raise_uncaught_exception
    raise exc
  File "/Users/arvindsudarshan/.pyenv/versions/3.11.10/lib/python3.11/site-packages/rest_framework/views.py", line 506, in dispatch
    response = handler(request, *args, **kwargs)
               ^^^^^^^^^^^^^^^^^^^^^^^^^^^^^^^^^
  File "/Users/arvindsudarshan/.pyenv/versions/3.11.10/lib/python3.11/site-packages/rest_framework/mixins.py", line 45, in list
    serializer = self.get_serializer(queryset, many=True)
                 ^^^^^^^^^^^^^^^^^^^^^^^^^^^^^^^^^^^^^^^^
  File "/Users/arvindsudarshan/.pyenv/versions/3.11.10/lib/python3.11/site-packages/rest_framework/generics.py", line 108, in get_serializer
    serializer_class = self.get_serializer_class()
                       ^^^^^^^^^^^^^^^^^^^^^^^^^^^
  File "/Users/arvindsudarshan/.pyenv/versions/3.11.10/lib/python3.11/site-packages/rest_framework/generics.py", line 122, in get_serializer_class
    assert self.serializer_class is not None, (
           ^^^^^^^^^^^^^^^^^^^^^^^^^^^^^^^^^
AssertionError: 'TranscriptViewSet' should either include a `serializer_class` attribute, or override the `get_serializer_class()` method.
WARNING 2025-04-20 02:30:18,057 log 69036 6297071616 Not Found: /api/api/vocabulary/query/
INFO 2025-04-21 17:09:36,761 autoreload 15624 18084 Watching for file changes with StatReloader
WARNING 2025-04-21 17:09:55,871 log 15624 768 Not Found: /favicon.ico
WARNING 2025-04-21 17:17:31,549 log 15624 7924 Bad Request: /api/auth/signup/
WARNING 2025-04-21 17:17:58,560 log 15624 6960 Method Not Allowed: /api/auth/signup/
WARNING 2025-04-21 17:17:58,931 log 15624 6960 Not Found: /favicon.ico
WARNING 2025-04-21 17:18:54,026 log 15624 10612 Method Not Allowed: /api/auth/signup/
WARNING 2025-04-21 17:20:52,915 log 15624 15092 Bad Request: /api/auth/signup/
INFO 2025-04-21 17:23:28,110 autoreload 7572 552 Watching for file changes with StatReloader
WARNING 2025-04-21 17:24:46,566 log 7572 12748 Unauthorized: /api/auth/logout/
ERROR 2025-04-21 17:25:22,149 log 7572 15184 Internal Server Error: /api/transcripts/
Traceback (most recent call last):
  File "C:\Users\kaler\AppData\Local\Programs\Python\Python39\lib\site-packages\django\core\handlers\exception.py", line 55, in inner
    response = get_response(request)
  File "C:\Users\kaler\AppData\Local\Programs\Python\Python39\lib\site-packages\django\core\handlers\base.py", line 197, in _get_response
    response = wrapped_callback(request, *callback_args, **callback_kwargs)
  File "C:\Users\kaler\AppData\Local\Programs\Python\Python39\lib\site-packages\django\views\decorators\csrf.py", line 56, in wrapper_view
    return view_func(*args, **kwargs)
  File "C:\Users\kaler\AppData\Local\Programs\Python\Python39\lib\site-packages\rest_framework\viewsets.py", line 125, in view
    return self.dispatch(request, *args, **kwargs)
  File "C:\Users\kaler\AppData\Local\Programs\Python\Python39\lib\site-packages\rest_framework\views.py", line 509, in dispatch
    response = self.handle_exception(exc)
  File "C:\Users\kaler\AppData\Local\Programs\Python\Python39\lib\site-packages\rest_framework\views.py", line 469, in handle_exception
    self.raise_uncaught_exception(exc)
  File "C:\Users\kaler\AppData\Local\Programs\Python\Python39\lib\site-packages\rest_framework\views.py", line 480, in raise_uncaught_exception
    raise exc
  File "C:\Users\kaler\AppData\Local\Programs\Python\Python39\lib\site-packages\rest_framework\views.py", line 506, in dispatch
    response = handler(request, *args, **kwargs)
  File "C:\Users\kaler\AppData\Local\Programs\Python\Python39\lib\site-packages\rest_framework\mixins.py", line 45, in list
    serializer = self.get_serializer(queryset, many=True)
  File "C:\Users\kaler\AppData\Local\Programs\Python\Python39\lib\site-packages\rest_framework\generics.py", line 108, in get_serializer
    serializer_class = self.get_serializer_class()
  File "C:\Users\kaler\AppData\Local\Programs\Python\Python39\lib\site-packages\rest_framework\generics.py", line 122, in get_serializer_class
    assert self.serializer_class is not None, (
AssertionError: 'TranscriptViewSet' should either include a `serializer_class` attribute, or override the `get_serializer_class()` method.
ERROR 2025-04-21 17:25:22,272 log 7572 4980 Internal Server Error: /api/transcripts/
Traceback (most recent call last):
  File "C:\Users\kaler\AppData\Local\Programs\Python\Python39\lib\site-packages\django\core\handlers\exception.py", line 55, in inner
    response = get_response(request)
  File "C:\Users\kaler\AppData\Local\Programs\Python\Python39\lib\site-packages\django\core\handlers\base.py", line 197, in _get_response
    response = wrapped_callback(request, *callback_args, **callback_kwargs)
  File "C:\Users\kaler\AppData\Local\Programs\Python\Python39\lib\site-packages\django\views\decorators\csrf.py", line 56, in wrapper_view
    return view_func(*args, **kwargs)
  File "C:\Users\kaler\AppData\Local\Programs\Python\Python39\lib\site-packages\rest_framework\viewsets.py", line 125, in view
    return self.dispatch(request, *args, **kwargs)
  File "C:\Users\kaler\AppData\Local\Programs\Python\Python39\lib\site-packages\rest_framework\views.py", line 509, in dispatch
    response = self.handle_exception(exc)
  File "C:\Users\kaler\AppData\Local\Programs\Python\Python39\lib\site-packages\rest_framework\views.py", line 469, in handle_exception
    self.raise_uncaught_exception(exc)
  File "C:\Users\kaler\AppData\Local\Programs\Python\Python39\lib\site-packages\rest_framework\views.py", line 480, in raise_uncaught_exception
    raise exc
  File "C:\Users\kaler\AppData\Local\Programs\Python\Python39\lib\site-packages\rest_framework\views.py", line 506, in dispatch
    response = handler(request, *args, **kwargs)
  File "C:\Users\kaler\AppData\Local\Programs\Python\Python39\lib\site-packages\rest_framework\mixins.py", line 45, in list
    serializer = self.get_serializer(queryset, many=True)
  File "C:\Users\kaler\AppData\Local\Programs\Python\Python39\lib\site-packages\rest_framework\generics.py", line 108, in get_serializer
    serializer_class = self.get_serializer_class()
  File "C:\Users\kaler\AppData\Local\Programs\Python\Python39\lib\site-packages\rest_framework\generics.py", line 122, in get_serializer_class
    assert self.serializer_class is not None, (
AssertionError: 'TranscriptViewSet' should either include a `serializer_class` attribute, or override the `get_serializer_class()` method.
INFO 2025-04-21 17:26:52,423 views 7572 18180 Starting transcript creation process
INFO 2025-04-21 17:26:52,425 views 7572 18180 Received video URL: PjXM-_Yz9NA
INFO 2025-04-21 17:26:52,425 views 7572 18180 Attempting to extract video ID
INFO 2025-04-21 17:26:52,428 youtube_utils 7572 18180 Attempting to extract video ID from URL: PjXM-_Yz9NA
INFO 2025-04-21 17:26:52,431 youtube_utils 7572 18180 Successfully extracted video ID: PjXM-_Yz9NA
INFO 2025-04-21 17:26:52,435 views 7572 18180 Extracted video ID: PjXM-_Yz9NA
INFO 2025-04-21 17:26:52,436 views 7572 18180 Checking for existing transcript for user 6806e1f104cbda6f4dedae9c and video PjXM-_Yz9NA
INFO 2025-04-21 17:26:52,504 views 7572 18180 Attempting to fetch transcript from YouTube
INFO 2025-04-21 17:26:52,505 youtube_utils 7572 18180 Attempting to fetch transcripts for video ID: PjXM-_Yz9NA
INFO 2025-04-21 17:26:52,509 youtube_utils 7572 18180 Attempting to fetch transcripts for video ID: PjXM-_Yz9NA
INFO 2025-04-21 17:26:53,352 youtube_utils 7572 18180 Available languages: ['hi']
INFO 2025-04-21 17:26:53,353 youtube_utils 7572 18180 Found Hindi transcript
INFO 2025-04-21 17:26:53,540 youtube_utils 7572 18180 Successfully fetched hi transcript with 390 entries
INFO 2025-04-21 17:26:53,542 views 7572 18180 Successfully fetched transcript in hi
INFO 2025-04-21 17:26:53,544 youtube_utils 7572 18180 Formatting transcript with 390 entries
INFO 2025-04-21 17:26:53,544 youtube_utils 7572 18180 Formatted transcript length: 14963 characters
INFO 2025-04-21 17:26:53,546 views 7572 18180 Formatted transcript length: 14963
INFO 2025-04-21 17:26:53,546 views 7572 18180 Attempting to save transcript to MongoDB
INFO 2025-04-21 17:26:53,808 views 7572 18180 Successfully saved transcript to MongoDB
INFO 2025-04-21 17:26:53,810 views 7572 18180 Successfully completed transcript creation
WARNING 2025-04-21 17:27:23,557 log 7572 5544 Not Found: /api/transcripts/6806e24d04cbda6f4dedae9d/generate_questions/
WARNING 2025-04-21 17:27:57,666 log 7572 7496 Not Found: /api/transcripts/6806e24d04cbda6f4dedae9d/generate_questions/
INFO 2025-04-21 17:30:42,455 autoreload 7572 552 C:\Users\kaler\Desktop\Hindi-New-Feature\hindi-learning-assistant\backend\api\migrations\0007_remove_sqlite_models.py changed, reloading.
INFO 2025-04-21 17:30:44,703 autoreload 2976 11832 Watching for file changes with StatReloader
INFO 2025-04-21 17:36:51,093 autoreload 12448 14368 Watching for file changes with StatReloader
ERROR 2025-04-21 17:37:32,388 log 12448 16992 Internal Server Error: /api/transcripts/
Traceback (most recent call last):
  File "C:\Users\kaler\AppData\Local\Programs\Python\Python39\lib\site-packages\django\core\handlers\exception.py", line 55, in inner
    response = get_response(request)
  File "C:\Users\kaler\AppData\Local\Programs\Python\Python39\lib\site-packages\django\core\handlers\base.py", line 197, in _get_response
    response = wrapped_callback(request, *callback_args, **callback_kwargs)
  File "C:\Users\kaler\AppData\Local\Programs\Python\Python39\lib\site-packages\django\views\decorators\csrf.py", line 56, in wrapper_view
    return view_func(*args, **kwargs)
  File "C:\Users\kaler\AppData\Local\Programs\Python\Python39\lib\site-packages\rest_framework\viewsets.py", line 125, in view
    return self.dispatch(request, *args, **kwargs)
  File "C:\Users\kaler\AppData\Local\Programs\Python\Python39\lib\site-packages\rest_framework\views.py", line 509, in dispatch
    response = self.handle_exception(exc)
  File "C:\Users\kaler\AppData\Local\Programs\Python\Python39\lib\site-packages\rest_framework\views.py", line 469, in handle_exception
    self.raise_uncaught_exception(exc)
  File "C:\Users\kaler\AppData\Local\Programs\Python\Python39\lib\site-packages\rest_framework\views.py", line 480, in raise_uncaught_exception
    raise exc
  File "C:\Users\kaler\AppData\Local\Programs\Python\Python39\lib\site-packages\rest_framework\views.py", line 506, in dispatch
    response = handler(request, *args, **kwargs)
  File "C:\Users\kaler\AppData\Local\Programs\Python\Python39\lib\site-packages\rest_framework\mixins.py", line 45, in list
    serializer = self.get_serializer(queryset, many=True)
  File "C:\Users\kaler\AppData\Local\Programs\Python\Python39\lib\site-packages\rest_framework\generics.py", line 108, in get_serializer
    serializer_class = self.get_serializer_class()
  File "C:\Users\kaler\AppData\Local\Programs\Python\Python39\lib\site-packages\rest_framework\generics.py", line 122, in get_serializer_class
    assert self.serializer_class is not None, (
AssertionError: 'TranscriptViewSet' should either include a `serializer_class` attribute, or override the `get_serializer_class()` method.
ERROR 2025-04-21 17:37:32,580 log 12448 5200 Internal Server Error: /api/transcripts/
Traceback (most recent call last):
  File "C:\Users\kaler\AppData\Local\Programs\Python\Python39\lib\site-packages\django\core\handlers\exception.py", line 55, in inner
    response = get_response(request)
  File "C:\Users\kaler\AppData\Local\Programs\Python\Python39\lib\site-packages\django\core\handlers\base.py", line 197, in _get_response
    response = wrapped_callback(request, *callback_args, **callback_kwargs)
  File "C:\Users\kaler\AppData\Local\Programs\Python\Python39\lib\site-packages\django\views\decorators\csrf.py", line 56, in wrapper_view
    return view_func(*args, **kwargs)
  File "C:\Users\kaler\AppData\Local\Programs\Python\Python39\lib\site-packages\rest_framework\viewsets.py", line 125, in view
    return self.dispatch(request, *args, **kwargs)
  File "C:\Users\kaler\AppData\Local\Programs\Python\Python39\lib\site-packages\rest_framework\views.py", line 509, in dispatch
    response = self.handle_exception(exc)
  File "C:\Users\kaler\AppData\Local\Programs\Python\Python39\lib\site-packages\rest_framework\views.py", line 469, in handle_exception
    self.raise_uncaught_exception(exc)
  File "C:\Users\kaler\AppData\Local\Programs\Python\Python39\lib\site-packages\rest_framework\views.py", line 480, in raise_uncaught_exception
    raise exc
  File "C:\Users\kaler\AppData\Local\Programs\Python\Python39\lib\site-packages\rest_framework\views.py", line 506, in dispatch
    response = handler(request, *args, **kwargs)
  File "C:\Users\kaler\AppData\Local\Programs\Python\Python39\lib\site-packages\rest_framework\mixins.py", line 45, in list
    serializer = self.get_serializer(queryset, many=True)
  File "C:\Users\kaler\AppData\Local\Programs\Python\Python39\lib\site-packages\rest_framework\generics.py", line 108, in get_serializer
    serializer_class = self.get_serializer_class()
  File "C:\Users\kaler\AppData\Local\Programs\Python\Python39\lib\site-packages\rest_framework\generics.py", line 122, in get_serializer_class
    assert self.serializer_class is not None, (
AssertionError: 'TranscriptViewSet' should either include a `serializer_class` attribute, or override the `get_serializer_class()` method.
ERROR 2025-04-21 17:37:54,878 log 12448 17020 Internal Server Error: /api/transcripts/
Traceback (most recent call last):
  File "C:\Users\kaler\AppData\Local\Programs\Python\Python39\lib\site-packages\django\core\handlers\exception.py", line 55, in inner
    response = get_response(request)
  File "C:\Users\kaler\AppData\Local\Programs\Python\Python39\lib\site-packages\django\core\handlers\base.py", line 197, in _get_response
    response = wrapped_callback(request, *callback_args, **callback_kwargs)
  File "C:\Users\kaler\AppData\Local\Programs\Python\Python39\lib\site-packages\django\views\decorators\csrf.py", line 56, in wrapper_view
    return view_func(*args, **kwargs)
  File "C:\Users\kaler\AppData\Local\Programs\Python\Python39\lib\site-packages\rest_framework\viewsets.py", line 125, in view
    return self.dispatch(request, *args, **kwargs)
  File "C:\Users\kaler\AppData\Local\Programs\Python\Python39\lib\site-packages\rest_framework\views.py", line 509, in dispatch
    response = self.handle_exception(exc)
  File "C:\Users\kaler\AppData\Local\Programs\Python\Python39\lib\site-packages\rest_framework\views.py", line 469, in handle_exception
    self.raise_uncaught_exception(exc)
  File "C:\Users\kaler\AppData\Local\Programs\Python\Python39\lib\site-packages\rest_framework\views.py", line 480, in raise_uncaught_exception
    raise exc
  File "C:\Users\kaler\AppData\Local\Programs\Python\Python39\lib\site-packages\rest_framework\views.py", line 506, in dispatch
    response = handler(request, *args, **kwargs)
  File "C:\Users\kaler\AppData\Local\Programs\Python\Python39\lib\site-packages\rest_framework\mixins.py", line 45, in list
    serializer = self.get_serializer(queryset, many=True)
  File "C:\Users\kaler\AppData\Local\Programs\Python\Python39\lib\site-packages\rest_framework\generics.py", line 108, in get_serializer
    serializer_class = self.get_serializer_class()
  File "C:\Users\kaler\AppData\Local\Programs\Python\Python39\lib\site-packages\rest_framework\generics.py", line 122, in get_serializer_class
    assert self.serializer_class is not None, (
AssertionError: 'TranscriptViewSet' should either include a `serializer_class` attribute, or override the `get_serializer_class()` method.
ERROR 2025-04-21 17:37:55,067 log 12448 17020 Internal Server Error: /api/transcripts/
Traceback (most recent call last):
  File "C:\Users\kaler\AppData\Local\Programs\Python\Python39\lib\site-packages\django\core\handlers\exception.py", line 55, in inner
    response = get_response(request)
  File "C:\Users\kaler\AppData\Local\Programs\Python\Python39\lib\site-packages\django\core\handlers\base.py", line 197, in _get_response
    response = wrapped_callback(request, *callback_args, **callback_kwargs)
  File "C:\Users\kaler\AppData\Local\Programs\Python\Python39\lib\site-packages\django\views\decorators\csrf.py", line 56, in wrapper_view
    return view_func(*args, **kwargs)
  File "C:\Users\kaler\AppData\Local\Programs\Python\Python39\lib\site-packages\rest_framework\viewsets.py", line 125, in view
    return self.dispatch(request, *args, **kwargs)
  File "C:\Users\kaler\AppData\Local\Programs\Python\Python39\lib\site-packages\rest_framework\views.py", line 509, in dispatch
    response = self.handle_exception(exc)
  File "C:\Users\kaler\AppData\Local\Programs\Python\Python39\lib\site-packages\rest_framework\views.py", line 469, in handle_exception
    self.raise_uncaught_exception(exc)
  File "C:\Users\kaler\AppData\Local\Programs\Python\Python39\lib\site-packages\rest_framework\views.py", line 480, in raise_uncaught_exception
    raise exc
  File "C:\Users\kaler\AppData\Local\Programs\Python\Python39\lib\site-packages\rest_framework\views.py", line 506, in dispatch
    response = handler(request, *args, **kwargs)
  File "C:\Users\kaler\AppData\Local\Programs\Python\Python39\lib\site-packages\rest_framework\mixins.py", line 45, in list
    serializer = self.get_serializer(queryset, many=True)
  File "C:\Users\kaler\AppData\Local\Programs\Python\Python39\lib\site-packages\rest_framework\generics.py", line 108, in get_serializer
    serializer_class = self.get_serializer_class()
  File "C:\Users\kaler\AppData\Local\Programs\Python\Python39\lib\site-packages\rest_framework\generics.py", line 122, in get_serializer_class
    assert self.serializer_class is not None, (
AssertionError: 'TranscriptViewSet' should either include a `serializer_class` attribute, or override the `get_serializer_class()` method.
ERROR 2025-04-21 17:38:19,338 log 12448 6172 Internal Server Error: /api/transcripts/
Traceback (most recent call last):
  File "C:\Users\kaler\AppData\Local\Programs\Python\Python39\lib\site-packages\django\core\handlers\exception.py", line 55, in inner
    response = get_response(request)
  File "C:\Users\kaler\AppData\Local\Programs\Python\Python39\lib\site-packages\django\core\handlers\base.py", line 197, in _get_response
    response = wrapped_callback(request, *callback_args, **callback_kwargs)
  File "C:\Users\kaler\AppData\Local\Programs\Python\Python39\lib\site-packages\django\views\decorators\csrf.py", line 56, in wrapper_view
    return view_func(*args, **kwargs)
  File "C:\Users\kaler\AppData\Local\Programs\Python\Python39\lib\site-packages\rest_framework\viewsets.py", line 125, in view
    return self.dispatch(request, *args, **kwargs)
  File "C:\Users\kaler\AppData\Local\Programs\Python\Python39\lib\site-packages\rest_framework\views.py", line 509, in dispatch
    response = self.handle_exception(exc)
  File "C:\Users\kaler\AppData\Local\Programs\Python\Python39\lib\site-packages\rest_framework\views.py", line 469, in handle_exception
    self.raise_uncaught_exception(exc)
  File "C:\Users\kaler\AppData\Local\Programs\Python\Python39\lib\site-packages\rest_framework\views.py", line 480, in raise_uncaught_exception
    raise exc
  File "C:\Users\kaler\AppData\Local\Programs\Python\Python39\lib\site-packages\rest_framework\views.py", line 506, in dispatch
    response = handler(request, *args, **kwargs)
  File "C:\Users\kaler\AppData\Local\Programs\Python\Python39\lib\site-packages\rest_framework\mixins.py", line 45, in list
    serializer = self.get_serializer(queryset, many=True)
  File "C:\Users\kaler\AppData\Local\Programs\Python\Python39\lib\site-packages\rest_framework\generics.py", line 108, in get_serializer
    serializer_class = self.get_serializer_class()
  File "C:\Users\kaler\AppData\Local\Programs\Python\Python39\lib\site-packages\rest_framework\generics.py", line 122, in get_serializer_class
    assert self.serializer_class is not None, (
AssertionError: 'TranscriptViewSet' should either include a `serializer_class` attribute, or override the `get_serializer_class()` method.
ERROR 2025-04-21 17:38:19,598 log 12448 15316 Internal Server Error: /api/transcripts/
Traceback (most recent call last):
  File "C:\Users\kaler\AppData\Local\Programs\Python\Python39\lib\site-packages\django\core\handlers\exception.py", line 55, in inner
    response = get_response(request)
  File "C:\Users\kaler\AppData\Local\Programs\Python\Python39\lib\site-packages\django\core\handlers\base.py", line 197, in _get_response
    response = wrapped_callback(request, *callback_args, **callback_kwargs)
  File "C:\Users\kaler\AppData\Local\Programs\Python\Python39\lib\site-packages\django\views\decorators\csrf.py", line 56, in wrapper_view
    return view_func(*args, **kwargs)
  File "C:\Users\kaler\AppData\Local\Programs\Python\Python39\lib\site-packages\rest_framework\viewsets.py", line 125, in view
    return self.dispatch(request, *args, **kwargs)
  File "C:\Users\kaler\AppData\Local\Programs\Python\Python39\lib\site-packages\rest_framework\views.py", line 509, in dispatch
    response = self.handle_exception(exc)
  File "C:\Users\kaler\AppData\Local\Programs\Python\Python39\lib\site-packages\rest_framework\views.py", line 469, in handle_exception
    self.raise_uncaught_exception(exc)
  File "C:\Users\kaler\AppData\Local\Programs\Python\Python39\lib\site-packages\rest_framework\views.py", line 480, in raise_uncaught_exception
    raise exc
  File "C:\Users\kaler\AppData\Local\Programs\Python\Python39\lib\site-packages\rest_framework\views.py", line 506, in dispatch
    response = handler(request, *args, **kwargs)
  File "C:\Users\kaler\AppData\Local\Programs\Python\Python39\lib\site-packages\rest_framework\mixins.py", line 45, in list
    serializer = self.get_serializer(queryset, many=True)
  File "C:\Users\kaler\AppData\Local\Programs\Python\Python39\lib\site-packages\rest_framework\generics.py", line 108, in get_serializer
    serializer_class = self.get_serializer_class()
  File "C:\Users\kaler\AppData\Local\Programs\Python\Python39\lib\site-packages\rest_framework\generics.py", line 122, in get_serializer_class
    assert self.serializer_class is not None, (
AssertionError: 'TranscriptViewSet' should either include a `serializer_class` attribute, or override the `get_serializer_class()` method.
INFO 2025-04-21 17:39:54,895 autoreload 12448 14368 C:\Users\kaler\Desktop\Hindi-New-Feature\hindi-learning-assistant\backend\api\views.py changed, reloading.
INFO 2025-04-21 17:39:57,187 autoreload 10672 6560 Watching for file changes with StatReloader
INFO 2025-04-21 17:40:47,028 autoreload 7720 11292 Watching for file changes with StatReloader
WARNING 2025-04-21 17:42:10,563 log 7720 5140 Not Found: /api/transcripts/6806e24d04cbda6f4dedae9d/generate_questions/
WARNING 2025-04-21 17:44:52,608 log 7720 4904 Method Not Allowed: /api/transcripts/6806e24d04cbda6f4dedae9d/questions/generate/
WARNING 2025-04-21 17:45:00,104 log 7720 13128 Method Not Allowed: /api/transcripts/6806e24d04cbda6f4dedae9d/questions/generate/
INFO 2025-04-21 17:45:21,955 autoreload 10512 17692 Watching for file changes with StatReloader
WARNING 2025-04-21 17:46:32,324 log 10512 6100 Method Not Allowed: /api/transcripts/6806e24d04cbda6f4dedae9d/questions/generate/
WARNING 2025-04-21 17:46:50,036 log 10512 2692 Unauthorized: /api/transcripts/6806e24d04cbda6f4dedae9d/questions/generate/
WARNING 2025-04-21 17:46:51,862 log 10512 476 Not Found: /favicon.ico
INFO 2025-04-21 18:32:12,039 autoreload 3728 11440 Watching for file changes with StatReloader
INFO 2025-04-22 05:13:18,597 autoreload 19908 7828 Watching for file changes with StatReloader
WARNING 2025-04-22 05:13:34,367 log 19908 21072 Unauthorized: /api/transcripts/6806e24d04cbda6f4dedae9d/questions/generate/
WARNING 2025-04-22 05:14:29,849 log 19908 12084 Unauthorized: /api/transcripts/
WARNING 2025-04-22 05:14:29,858 log 19908 12084 Unauthorized: /api/transcripts/
ERROR 2025-04-22 05:14:36,752 log 19908 18880 Internal Server Error: /api/transcripts/6806e24d04cbda6f4dedae9d/questions/generate/
ERROR 2025-04-22 05:14:48,475 log 19908 12420 Internal Server Error: /api/transcripts/6806e24d04cbda6f4dedae9d/questions/generate/
INFO 2025-04-22 05:17:34,242 autoreload 19908 7828 C:\Users\kaler\Desktop\Hindi-New-Feature\hindi-learning-assistant\backend\api\services\mongo_service.py changed, reloading.
INFO 2025-04-22 05:17:39,472 autoreload 7912 4856 Watching for file changes with StatReloader
INFO 2025-04-22 05:18:35,200 autoreload 7912 4856 C:\Users\kaler\Desktop\Hindi-New-Feature\hindi-learning-assistant\backend\api\services\mongo_service.py changed, reloading.
INFO 2025-04-22 05:18:37,205 autoreload 16400 7712 Watching for file changes with StatReloader
INFO 2025-04-22 05:20:57,307 autoreload 16400 7712 C:\Users\kaler\Desktop\Hindi-New-Feature\hindi-learning-assistant\backend\api\services\mongo_service.py changed, reloading.
INFO 2025-04-22 05:20:59,099 autoreload 20912 21132 Watching for file changes with StatReloader
INFO 2025-04-22 05:21:33,523 autoreload 20912 21132 C:\Users\kaler\Desktop\Hindi-New-Feature\hindi-learning-assistant\backend\api\services\mongo_service.py changed, reloading.
INFO 2025-04-22 05:21:35,446 autoreload 19960 7924 Watching for file changes with StatReloader
INFO 2025-04-22 05:21:58,574 autoreload 19960 7924 C:\Users\kaler\Desktop\Hindi-New-Feature\hindi-learning-assistant\backend\api\views.py changed, reloading.
INFO 2025-04-22 05:22:01,170 autoreload 19116 15780 Watching for file changes with StatReloader
INFO 2025-04-22 05:28:15,315 autoreload 18684 2160 Watching for file changes with StatReloader
WARNING 2025-04-22 05:28:41,207 log 18684 11840 Bad Request: /api/auth/logout/
WARNING 2025-04-22 05:29:22,950 log 18684 13436 Method Not Allowed: /api/transcripts/6806e24d04cbda6f4dedae9d/questions/generate/
INFO 2025-04-22 05:31:27,177 autoreload 18684 2160 C:\Users\kaler\Desktop\Hindi-New-Feature\hindi-learning-assistant\backend\api\views.py changed, reloading.
INFO 2025-04-22 05:31:29,184 autoreload 14328 19536 Watching for file changes with StatReloader
INFO 2025-04-22 05:32:21,770 autoreload 14328 19536 C:\Users\kaler\Desktop\Hindi-New-Feature\hindi-learning-assistant\backend\api\views.py changed, reloading.
INFO 2025-04-22 05:32:23,590 autoreload 20228 20812 Watching for file changes with StatReloader
INFO 2025-04-22 05:32:33,020 autoreload 20228 20812 C:\Users\kaler\Desktop\Hindi-New-Feature\hindi-learning-assistant\backend\api\views.py changed, reloading.
INFO 2025-04-22 05:32:34,804 autoreload 5488 14908 Watching for file changes with StatReloader
WARNING 2025-04-22 05:33:15,681 log 5488 13476 Method Not Allowed: /api/transcripts/6806e24d04cbda6f4dedae9d/questions/generate/
WARNING 2025-04-22 05:33:27,450 log 5488 13476 Method Not Allowed: /api/transcripts/6806e24d04cbda6f4dedae9d/questions/generate/
INFO 2025-04-22 05:37:23,664 autoreload 5488 14908 C:\Users\kaler\Desktop\Hindi-New-Feature\hindi-learning-assistant\backend\api\views.py changed, reloading.
INFO 2025-04-22 05:37:25,465 autoreload 17880 19616 Watching for file changes with StatReloader
INFO 2025-04-22 05:37:42,477 autoreload 7724 12384 Watching for file changes with StatReloader
INFO 2025-04-22 05:38:32,052 _client 7724 14556 HTTP Request: POST https://api.deepseek.com/v1/chat/completions "HTTP/1.1 200 OK"
INFO 2025-04-22 05:39:34,461 _client 7724 20812 HTTP Request: POST https://api.deepseek.com/v1/chat/completions "HTTP/1.1 200 OK"
INFO 2025-04-22 05:40:29,807 _client 7724 20812 HTTP Request: POST https://api.deepseek.com/v1/chat/completions "HTTP/1.1 200 OK"
WARNING 2025-04-22 05:42:38,689 log 7724 15120 Not Found: /api/api/vocabulary/query/
ERROR 2025-04-22 05:45:01,320 log 7724 15120 Internal Server Error: /api/transcripts/PjXM-_Yz9NA/
Traceback (most recent call last):
  File "C:\Users\kaler\AppData\Local\Programs\Python\Python39\lib\site-packages\django\core\handlers\exception.py", line 55, in inner
    response = get_response(request)
  File "C:\Users\kaler\AppData\Local\Programs\Python\Python39\lib\site-packages\django\core\handlers\base.py", line 197, in _get_response
    response = wrapped_callback(request, *callback_args, **callback_kwargs)
  File "C:\Users\kaler\AppData\Local\Programs\Python\Python39\lib\site-packages\django\views\decorators\csrf.py", line 56, in wrapper_view
    return view_func(*args, **kwargs)
  File "C:\Users\kaler\AppData\Local\Programs\Python\Python39\lib\site-packages\rest_framework\viewsets.py", line 125, in view
    return self.dispatch(request, *args, **kwargs)
  File "C:\Users\kaler\AppData\Local\Programs\Python\Python39\lib\site-packages\rest_framework\views.py", line 509, in dispatch
    response = self.handle_exception(exc)
  File "C:\Users\kaler\AppData\Local\Programs\Python\Python39\lib\site-packages\rest_framework\views.py", line 469, in handle_exception
    self.raise_uncaught_exception(exc)
  File "C:\Users\kaler\AppData\Local\Programs\Python\Python39\lib\site-packages\rest_framework\views.py", line 480, in raise_uncaught_exception
    raise exc
  File "C:\Users\kaler\AppData\Local\Programs\Python\Python39\lib\site-packages\rest_framework\views.py", line 506, in dispatch
    response = handler(request, *args, **kwargs)
  File "C:\Users\kaler\AppData\Local\Programs\Python\Python39\lib\site-packages\rest_framework\mixins.py", line 54, in retrieve
    instance = self.get_object()
  File "C:\Users\kaler\Desktop\Hindi-New-Feature\hindi-learning-assistant\backend\api\views.py", line 178, in get_object
    transcript = mongo_service.db.transcripts.find_one({'_id': ObjectId(pk)})
  File "C:\Users\kaler\AppData\Local\Programs\Python\Python39\lib\site-packages\bson\objectid.py", line 103, in __init__
    self.__validate(oid)
  File "C:\Users\kaler\AppData\Local\Programs\Python\Python39\lib\site-packages\bson\objectid.py", line 201, in __validate
    _raise_invalid_id(oid)
  File "C:\Users\kaler\AppData\Local\Programs\Python\Python39\lib\site-packages\bson\objectid.py", line 35, in _raise_invalid_id
    raise InvalidId(
bson.errors.InvalidId: 'PjXM-_Yz9NA' is not a valid ObjectId, it must be a 12-byte input or a 24-character hex string
ERROR 2025-04-22 05:45:01,691 log 7724 20000 Internal Server Error: /api/transcripts/PjXM-_Yz9NA/
Traceback (most recent call last):
  File "C:\Users\kaler\AppData\Local\Programs\Python\Python39\lib\site-packages\django\core\handlers\exception.py", line 55, in inner
    response = get_response(request)
  File "C:\Users\kaler\AppData\Local\Programs\Python\Python39\lib\site-packages\django\core\handlers\base.py", line 197, in _get_response
    response = wrapped_callback(request, *callback_args, **callback_kwargs)
  File "C:\Users\kaler\AppData\Local\Programs\Python\Python39\lib\site-packages\django\views\decorators\csrf.py", line 56, in wrapper_view
    return view_func(*args, **kwargs)
  File "C:\Users\kaler\AppData\Local\Programs\Python\Python39\lib\site-packages\rest_framework\viewsets.py", line 125, in view
    return self.dispatch(request, *args, **kwargs)
  File "C:\Users\kaler\AppData\Local\Programs\Python\Python39\lib\site-packages\rest_framework\views.py", line 509, in dispatch
    response = self.handle_exception(exc)
  File "C:\Users\kaler\AppData\Local\Programs\Python\Python39\lib\site-packages\rest_framework\views.py", line 469, in handle_exception
    self.raise_uncaught_exception(exc)
  File "C:\Users\kaler\AppData\Local\Programs\Python\Python39\lib\site-packages\rest_framework\views.py", line 480, in raise_uncaught_exception
    raise exc
  File "C:\Users\kaler\AppData\Local\Programs\Python\Python39\lib\site-packages\rest_framework\views.py", line 506, in dispatch
    response = handler(request, *args, **kwargs)
  File "C:\Users\kaler\AppData\Local\Programs\Python\Python39\lib\site-packages\rest_framework\mixins.py", line 54, in retrieve
    instance = self.get_object()
  File "C:\Users\kaler\Desktop\Hindi-New-Feature\hindi-learning-assistant\backend\api\views.py", line 178, in get_object
    transcript = mongo_service.db.transcripts.find_one({'_id': ObjectId(pk)})
  File "C:\Users\kaler\AppData\Local\Programs\Python\Python39\lib\site-packages\bson\objectid.py", line 103, in __init__
    self.__validate(oid)
  File "C:\Users\kaler\AppData\Local\Programs\Python\Python39\lib\site-packages\bson\objectid.py", line 201, in __validate
    _raise_invalid_id(oid)
  File "C:\Users\kaler\AppData\Local\Programs\Python\Python39\lib\site-packages\bson\objectid.py", line 35, in _raise_invalid_id
    raise InvalidId(
bson.errors.InvalidId: 'PjXM-_Yz9NA' is not a valid ObjectId, it must be a 12-byte input or a 24-character hex string
INFO 2025-04-22 05:47:06,366 autoreload 7724 12384 C:\Users\kaler\Desktop\Hindi-New-Feature\hindi-learning-assistant\backend\api\views.py changed, reloading.
INFO 2025-04-22 05:47:09,175 autoreload 284 19216 Watching for file changes with StatReloader
ERROR 2025-04-22 05:47:42,956 views 284 21288 Error querying word meaning: Failed to query word meaning: Error querying word meaning: name 'word_system_prompt' is not defined
ERROR 2025-04-22 05:47:42,961 log 284 21288 Internal Server Error: /api/vocabulary/query/
INFO 2025-04-22 05:49:31,469 autoreload 284 19216 C:\Users\kaler\Desktop\Hindi-New-Feature\hindi-learning-assistant\backend\qa_engine\qa_model.py changed, reloading.
INFO 2025-04-22 05:49:33,107 autoreload 20128 18116 Watching for file changes with StatReloader
INFO 2025-04-22 05:49:55,679 autoreload 20128 18116 C:\Users\kaler\Desktop\Hindi-New-Feature\hindi-learning-assistant\backend\api\views.py changed, reloading.
INFO 2025-04-22 05:49:58,743 autoreload 20728 3140 Watching for file changes with StatReloader
INFO 2025-04-22 05:50:08,329 autoreload 20728 3140 C:\Users\kaler\Desktop\Hindi-New-Feature\hindi-learning-assistant\backend\api\views.py changed, reloading.
INFO 2025-04-22 05:50:10,366 autoreload 18504 11664 Watching for file changes with StatReloader
INFO 2025-04-22 05:51:30,039 autoreload 19276 12788 Watching for file changes with StatReloader
INFO 2025-04-22 05:52:35,504 _client 19276 15220 HTTP Request: POST https://api.deepseek.com/v1/chat/completions "HTTP/1.1 200 OK"
INFO 2025-04-22 05:53:54,912 _client 19276 7720 HTTP Request: POST https://api.deepseek.com/v1/chat/completions "HTTP/1.1 200 OK"
INFO 2025-04-22 05:57:05,555 _client 19276 1708 HTTP Request: POST https://api.deepseek.com/v1/chat/completions "HTTP/1.1 200 OK"
ERROR 2025-04-22 05:58:02,944 log 19276 16956 Internal Server Error: /api/transcripts/PjXM-_Yz9NA/
Traceback (most recent call last):
  File "C:\Users\kaler\AppData\Local\Programs\Python\Python39\lib\site-packages\django\core\handlers\exception.py", line 55, in inner
    response = get_response(request)
  File "C:\Users\kaler\AppData\Local\Programs\Python\Python39\lib\site-packages\django\core\handlers\base.py", line 197, in _get_response
    response = wrapped_callback(request, *callback_args, **callback_kwargs)
  File "C:\Users\kaler\AppData\Local\Programs\Python\Python39\lib\site-packages\django\views\decorators\csrf.py", line 56, in wrapper_view
    return view_func(*args, **kwargs)
  File "C:\Users\kaler\AppData\Local\Programs\Python\Python39\lib\site-packages\rest_framework\viewsets.py", line 125, in view
    return self.dispatch(request, *args, **kwargs)
  File "C:\Users\kaler\AppData\Local\Programs\Python\Python39\lib\site-packages\rest_framework\views.py", line 509, in dispatch
    response = self.handle_exception(exc)
  File "C:\Users\kaler\AppData\Local\Programs\Python\Python39\lib\site-packages\rest_framework\views.py", line 469, in handle_exception
    self.raise_uncaught_exception(exc)
  File "C:\Users\kaler\AppData\Local\Programs\Python\Python39\lib\site-packages\rest_framework\views.py", line 480, in raise_uncaught_exception
    raise exc
  File "C:\Users\kaler\AppData\Local\Programs\Python\Python39\lib\site-packages\rest_framework\views.py", line 506, in dispatch
    response = handler(request, *args, **kwargs)
  File "C:\Users\kaler\AppData\Local\Programs\Python\Python39\lib\site-packages\rest_framework\mixins.py", line 54, in retrieve
    instance = self.get_object()
  File "C:\Users\kaler\Desktop\Hindi-New-Feature\hindi-learning-assistant\backend\api\views.py", line 178, in get_object
    transcript = mongo_service.db.transcripts.find_one({'_id': ObjectId(pk)})
  File "C:\Users\kaler\AppData\Local\Programs\Python\Python39\lib\site-packages\bson\objectid.py", line 103, in __init__
    self.__validate(oid)
  File "C:\Users\kaler\AppData\Local\Programs\Python\Python39\lib\site-packages\bson\objectid.py", line 201, in __validate
    _raise_invalid_id(oid)
  File "C:\Users\kaler\AppData\Local\Programs\Python\Python39\lib\site-packages\bson\objectid.py", line 35, in _raise_invalid_id
    raise InvalidId(
bson.errors.InvalidId: 'PjXM-_Yz9NA' is not a valid ObjectId, it must be a 12-byte input or a 24-character hex string
ERROR 2025-04-22 05:58:03,194 log 19276 6180 Internal Server Error: /api/transcripts/PjXM-_Yz9NA/
Traceback (most recent call last):
  File "C:\Users\kaler\AppData\Local\Programs\Python\Python39\lib\site-packages\django\core\handlers\exception.py", line 55, in inner
    response = get_response(request)
  File "C:\Users\kaler\AppData\Local\Programs\Python\Python39\lib\site-packages\django\core\handlers\base.py", line 197, in _get_response
    response = wrapped_callback(request, *callback_args, **callback_kwargs)
  File "C:\Users\kaler\AppData\Local\Programs\Python\Python39\lib\site-packages\django\views\decorators\csrf.py", line 56, in wrapper_view
    return view_func(*args, **kwargs)
  File "C:\Users\kaler\AppData\Local\Programs\Python\Python39\lib\site-packages\rest_framework\viewsets.py", line 125, in view
    return self.dispatch(request, *args, **kwargs)
  File "C:\Users\kaler\AppData\Local\Programs\Python\Python39\lib\site-packages\rest_framework\views.py", line 509, in dispatch
    response = self.handle_exception(exc)
  File "C:\Users\kaler\AppData\Local\Programs\Python\Python39\lib\site-packages\rest_framework\views.py", line 469, in handle_exception
    self.raise_uncaught_exception(exc)
  File "C:\Users\kaler\AppData\Local\Programs\Python\Python39\lib\site-packages\rest_framework\views.py", line 480, in raise_uncaught_exception
    raise exc
  File "C:\Users\kaler\AppData\Local\Programs\Python\Python39\lib\site-packages\rest_framework\views.py", line 506, in dispatch
    response = handler(request, *args, **kwargs)
  File "C:\Users\kaler\AppData\Local\Programs\Python\Python39\lib\site-packages\rest_framework\mixins.py", line 54, in retrieve
    instance = self.get_object()
  File "C:\Users\kaler\Desktop\Hindi-New-Feature\hindi-learning-assistant\backend\api\views.py", line 178, in get_object
    transcript = mongo_service.db.transcripts.find_one({'_id': ObjectId(pk)})
  File "C:\Users\kaler\AppData\Local\Programs\Python\Python39\lib\site-packages\bson\objectid.py", line 103, in __init__
    self.__validate(oid)
  File "C:\Users\kaler\AppData\Local\Programs\Python\Python39\lib\site-packages\bson\objectid.py", line 201, in __validate
    _raise_invalid_id(oid)
  File "C:\Users\kaler\AppData\Local\Programs\Python\Python39\lib\site-packages\bson\objectid.py", line 35, in _raise_invalid_id
    raise InvalidId(
bson.errors.InvalidId: 'PjXM-_Yz9NA' is not a valid ObjectId, it must be a 12-byte input or a 24-character hex string
INFO 2025-04-22 06:00:51,755 _client 19276 21268 HTTP Request: POST https://api.deepseek.com/v1/chat/completions "HTTP/1.1 200 OK"
INFO 2025-04-22 06:11:35,824 autoreload 19276 12788 C:\Users\kaler\Desktop\Hindi-New-Feature\hindi-learning-assistant\backend\api\views.py changed, reloading.
INFO 2025-04-22 06:11:38,187 autoreload 20364 14216 Watching for file changes with StatReloader
INFO 2025-04-22 06:12:11,332 autoreload 20364 14216 C:\Users\kaler\Desktop\Hindi-New-Feature\hindi-learning-assistant\backend\api\views.py changed, reloading.
INFO 2025-04-22 06:12:13,435 autoreload 5764 20584 Watching for file changes with StatReloader
INFO 2025-04-22 06:12:27,184 autoreload 5764 20584 C:\Users\kaler\Desktop\Hindi-New-Feature\hindi-learning-assistant\backend\api\urls.py changed, reloading.
INFO 2025-04-22 06:12:28,919 autoreload 16448 12232 Watching for file changes with StatReloader
INFO 2025-04-22 06:25:08,811 autoreload 16448 12232 C:\Users\kaler\Desktop\Hindi-New-Feature\hindi-learning-assistant\backend\api\migrations\0007_remove_sqlite_models.py changed, reloading.
INFO 2025-04-22 06:25:12,911 autoreload 12724 12464 Watching for file changes with StatReloader
ERROR 2025-04-22 06:27:34,494 log 12724 20396 Internal Server Error: /api/vocabulary/words/
Traceback (most recent call last):
  File "C:\Users\kaler\AppData\Local\Programs\Python\Python39\lib\site-packages\django\core\handlers\exception.py", line 55, in inner
    response = get_response(request)
  File "C:\Users\kaler\AppData\Local\Programs\Python\Python39\lib\site-packages\django\core\handlers\base.py", line 220, in _get_response
    response = response.render()
  File "C:\Users\kaler\AppData\Local\Programs\Python\Python39\lib\site-packages\django\template\response.py", line 114, in render
    self.content = self.rendered_content
  File "C:\Users\kaler\AppData\Local\Programs\Python\Python39\lib\site-packages\rest_framework\response.py", line 70, in rendered_content
    ret = renderer.render(self.data, accepted_media_type, context)
  File "C:\Users\kaler\AppData\Local\Programs\Python\Python39\lib\site-packages\rest_framework\renderers.py", line 99, in render
    ret = json.dumps(
  File "C:\Users\kaler\AppData\Local\Programs\Python\Python39\lib\site-packages\rest_framework\utils\json.py", line 25, in dumps
    return json.dumps(*args, **kwargs)
  File "C:\Users\kaler\AppData\Local\Programs\Python\Python39\lib\json\__init__.py", line 234, in dumps
    return cls(
  File "C:\Users\kaler\AppData\Local\Programs\Python\Python39\lib\json\encoder.py", line 199, in encode
    chunks = self.iterencode(o, _one_shot=True)
  File "C:\Users\kaler\AppData\Local\Programs\Python\Python39\lib\json\encoder.py", line 257, in iterencode
    return _iterencode(o, 0)
  File "C:\Users\kaler\AppData\Local\Programs\Python\Python39\lib\site-packages\rest_framework\utils\encoders.py", line 67, in default
    return super().default(obj)
  File "C:\Users\kaler\AppData\Local\Programs\Python\Python39\lib\json\encoder.py", line 179, in default
    raise TypeError(f'Object of type {o.__class__.__name__} '
TypeError: Object of type ObjectId is not JSON serializable
ERROR 2025-04-22 06:27:34,602 log 12724 20740 Internal Server Error: /api/vocabulary/words/
Traceback (most recent call last):
  File "C:\Users\kaler\AppData\Local\Programs\Python\Python39\lib\site-packages\django\core\handlers\exception.py", line 55, in inner
    response = get_response(request)
  File "C:\Users\kaler\AppData\Local\Programs\Python\Python39\lib\site-packages\django\core\handlers\base.py", line 220, in _get_response
    response = response.render()
  File "C:\Users\kaler\AppData\Local\Programs\Python\Python39\lib\site-packages\django\template\response.py", line 114, in render
    self.content = self.rendered_content
  File "C:\Users\kaler\AppData\Local\Programs\Python\Python39\lib\site-packages\rest_framework\response.py", line 70, in rendered_content
    ret = renderer.render(self.data, accepted_media_type, context)
  File "C:\Users\kaler\AppData\Local\Programs\Python\Python39\lib\site-packages\rest_framework\renderers.py", line 99, in render
    ret = json.dumps(
  File "C:\Users\kaler\AppData\Local\Programs\Python\Python39\lib\site-packages\rest_framework\utils\json.py", line 25, in dumps
    return json.dumps(*args, **kwargs)
  File "C:\Users\kaler\AppData\Local\Programs\Python\Python39\lib\json\__init__.py", line 234, in dumps
    return cls(
  File "C:\Users\kaler\AppData\Local\Programs\Python\Python39\lib\json\encoder.py", line 199, in encode
    chunks = self.iterencode(o, _one_shot=True)
  File "C:\Users\kaler\AppData\Local\Programs\Python\Python39\lib\json\encoder.py", line 257, in iterencode
    return _iterencode(o, 0)
  File "C:\Users\kaler\AppData\Local\Programs\Python\Python39\lib\site-packages\rest_framework\utils\encoders.py", line 67, in default
    return super().default(obj)
  File "C:\Users\kaler\AppData\Local\Programs\Python\Python39\lib\json\encoder.py", line 179, in default
    raise TypeError(f'Object of type {o.__class__.__name__} '
TypeError: Object of type ObjectId is not JSON serializable
ERROR 2025-04-22 06:27:51,711 log 12724 9604 Internal Server Error: /api/vocabulary/words/
Traceback (most recent call last):
  File "C:\Users\kaler\AppData\Local\Programs\Python\Python39\lib\site-packages\django\core\handlers\exception.py", line 55, in inner
    response = get_response(request)
  File "C:\Users\kaler\AppData\Local\Programs\Python\Python39\lib\site-packages\django\core\handlers\base.py", line 220, in _get_response
    response = response.render()
  File "C:\Users\kaler\AppData\Local\Programs\Python\Python39\lib\site-packages\django\template\response.py", line 114, in render
    self.content = self.rendered_content
  File "C:\Users\kaler\AppData\Local\Programs\Python\Python39\lib\site-packages\rest_framework\response.py", line 70, in rendered_content
    ret = renderer.render(self.data, accepted_media_type, context)
  File "C:\Users\kaler\AppData\Local\Programs\Python\Python39\lib\site-packages\rest_framework\renderers.py", line 99, in render
    ret = json.dumps(
  File "C:\Users\kaler\AppData\Local\Programs\Python\Python39\lib\site-packages\rest_framework\utils\json.py", line 25, in dumps
    return json.dumps(*args, **kwargs)
  File "C:\Users\kaler\AppData\Local\Programs\Python\Python39\lib\json\__init__.py", line 234, in dumps
    return cls(
  File "C:\Users\kaler\AppData\Local\Programs\Python\Python39\lib\json\encoder.py", line 199, in encode
    chunks = self.iterencode(o, _one_shot=True)
  File "C:\Users\kaler\AppData\Local\Programs\Python\Python39\lib\json\encoder.py", line 257, in iterencode
    return _iterencode(o, 0)
  File "C:\Users\kaler\AppData\Local\Programs\Python\Python39\lib\site-packages\rest_framework\utils\encoders.py", line 67, in default
    return super().default(obj)
  File "C:\Users\kaler\AppData\Local\Programs\Python\Python39\lib\json\encoder.py", line 179, in default
    raise TypeError(f'Object of type {o.__class__.__name__} '
TypeError: Object of type ObjectId is not JSON serializable
ERROR 2025-04-22 06:28:38,204 log 12724 8840 Internal Server Error: /api/vocabulary/words/
Traceback (most recent call last):
  File "C:\Users\kaler\AppData\Local\Programs\Python\Python39\lib\site-packages\django\core\handlers\exception.py", line 55, in inner
    response = get_response(request)
  File "C:\Users\kaler\AppData\Local\Programs\Python\Python39\lib\site-packages\django\core\handlers\base.py", line 220, in _get_response
    response = response.render()
  File "C:\Users\kaler\AppData\Local\Programs\Python\Python39\lib\site-packages\django\template\response.py", line 114, in render
    self.content = self.rendered_content
  File "C:\Users\kaler\AppData\Local\Programs\Python\Python39\lib\site-packages\rest_framework\response.py", line 70, in rendered_content
    ret = renderer.render(self.data, accepted_media_type, context)
  File "C:\Users\kaler\AppData\Local\Programs\Python\Python39\lib\site-packages\rest_framework\renderers.py", line 99, in render
    ret = json.dumps(
  File "C:\Users\kaler\AppData\Local\Programs\Python\Python39\lib\site-packages\rest_framework\utils\json.py", line 25, in dumps
    return json.dumps(*args, **kwargs)
  File "C:\Users\kaler\AppData\Local\Programs\Python\Python39\lib\json\__init__.py", line 234, in dumps
    return cls(
  File "C:\Users\kaler\AppData\Local\Programs\Python\Python39\lib\json\encoder.py", line 199, in encode
    chunks = self.iterencode(o, _one_shot=True)
  File "C:\Users\kaler\AppData\Local\Programs\Python\Python39\lib\json\encoder.py", line 257, in iterencode
    return _iterencode(o, 0)
  File "C:\Users\kaler\AppData\Local\Programs\Python\Python39\lib\site-packages\rest_framework\utils\encoders.py", line 67, in default
    return super().default(obj)
  File "C:\Users\kaler\AppData\Local\Programs\Python\Python39\lib\json\encoder.py", line 179, in default
    raise TypeError(f'Object of type {o.__class__.__name__} '
TypeError: Object of type ObjectId is not JSON serializable
ERROR 2025-04-22 06:28:38,411 log 12724 8840 Internal Server Error: /api/vocabulary/words/
Traceback (most recent call last):
  File "C:\Users\kaler\AppData\Local\Programs\Python\Python39\lib\site-packages\django\core\handlers\exception.py", line 55, in inner
    response = get_response(request)
  File "C:\Users\kaler\AppData\Local\Programs\Python\Python39\lib\site-packages\django\core\handlers\base.py", line 220, in _get_response
    response = response.render()
  File "C:\Users\kaler\AppData\Local\Programs\Python\Python39\lib\site-packages\django\template\response.py", line 114, in render
    self.content = self.rendered_content
  File "C:\Users\kaler\AppData\Local\Programs\Python\Python39\lib\site-packages\rest_framework\response.py", line 70, in rendered_content
    ret = renderer.render(self.data, accepted_media_type, context)
  File "C:\Users\kaler\AppData\Local\Programs\Python\Python39\lib\site-packages\rest_framework\renderers.py", line 99, in render
    ret = json.dumps(
  File "C:\Users\kaler\AppData\Local\Programs\Python\Python39\lib\site-packages\rest_framework\utils\json.py", line 25, in dumps
    return json.dumps(*args, **kwargs)
  File "C:\Users\kaler\AppData\Local\Programs\Python\Python39\lib\json\__init__.py", line 234, in dumps
    return cls(
  File "C:\Users\kaler\AppData\Local\Programs\Python\Python39\lib\json\encoder.py", line 199, in encode
    chunks = self.iterencode(o, _one_shot=True)
  File "C:\Users\kaler\AppData\Local\Programs\Python\Python39\lib\json\encoder.py", line 257, in iterencode
    return _iterencode(o, 0)
  File "C:\Users\kaler\AppData\Local\Programs\Python\Python39\lib\site-packages\rest_framework\utils\encoders.py", line 67, in default
    return super().default(obj)
  File "C:\Users\kaler\AppData\Local\Programs\Python\Python39\lib\json\encoder.py", line 179, in default
    raise TypeError(f'Object of type {o.__class__.__name__} '
TypeError: Object of type ObjectId is not JSON serializable
ERROR 2025-04-22 06:28:43,291 log 12724 16692 Internal Server Error: /api/vocabulary/words/
Traceback (most recent call last):
  File "C:\Users\kaler\AppData\Local\Programs\Python\Python39\lib\site-packages\django\core\handlers\exception.py", line 55, in inner
    response = get_response(request)
  File "C:\Users\kaler\AppData\Local\Programs\Python\Python39\lib\site-packages\django\core\handlers\base.py", line 220, in _get_response
    response = response.render()
  File "C:\Users\kaler\AppData\Local\Programs\Python\Python39\lib\site-packages\django\template\response.py", line 114, in render
    self.content = self.rendered_content
  File "C:\Users\kaler\AppData\Local\Programs\Python\Python39\lib\site-packages\rest_framework\response.py", line 70, in rendered_content
    ret = renderer.render(self.data, accepted_media_type, context)
  File "C:\Users\kaler\AppData\Local\Programs\Python\Python39\lib\site-packages\rest_framework\renderers.py", line 99, in render
    ret = json.dumps(
  File "C:\Users\kaler\AppData\Local\Programs\Python\Python39\lib\site-packages\rest_framework\utils\json.py", line 25, in dumps
    return json.dumps(*args, **kwargs)
  File "C:\Users\kaler\AppData\Local\Programs\Python\Python39\lib\json\__init__.py", line 234, in dumps
    return cls(
  File "C:\Users\kaler\AppData\Local\Programs\Python\Python39\lib\json\encoder.py", line 199, in encode
    chunks = self.iterencode(o, _one_shot=True)
  File "C:\Users\kaler\AppData\Local\Programs\Python\Python39\lib\json\encoder.py", line 257, in iterencode
    return _iterencode(o, 0)
  File "C:\Users\kaler\AppData\Local\Programs\Python\Python39\lib\site-packages\rest_framework\utils\encoders.py", line 67, in default
    return super().default(obj)
  File "C:\Users\kaler\AppData\Local\Programs\Python\Python39\lib\json\encoder.py", line 179, in default
    raise TypeError(f'Object of type {o.__class__.__name__} '
TypeError: Object of type ObjectId is not JSON serializable
ERROR 2025-04-22 06:28:43,448 log 12724 8840 Internal Server Error: /api/vocabulary/words/
Traceback (most recent call last):
  File "C:\Users\kaler\AppData\Local\Programs\Python\Python39\lib\site-packages\django\core\handlers\exception.py", line 55, in inner
    response = get_response(request)
  File "C:\Users\kaler\AppData\Local\Programs\Python\Python39\lib\site-packages\django\core\handlers\base.py", line 220, in _get_response
    response = response.render()
  File "C:\Users\kaler\AppData\Local\Programs\Python\Python39\lib\site-packages\django\template\response.py", line 114, in render
    self.content = self.rendered_content
  File "C:\Users\kaler\AppData\Local\Programs\Python\Python39\lib\site-packages\rest_framework\response.py", line 70, in rendered_content
    ret = renderer.render(self.data, accepted_media_type, context)
  File "C:\Users\kaler\AppData\Local\Programs\Python\Python39\lib\site-packages\rest_framework\renderers.py", line 99, in render
    ret = json.dumps(
  File "C:\Users\kaler\AppData\Local\Programs\Python\Python39\lib\site-packages\rest_framework\utils\json.py", line 25, in dumps
    return json.dumps(*args, **kwargs)
  File "C:\Users\kaler\AppData\Local\Programs\Python\Python39\lib\json\__init__.py", line 234, in dumps
    return cls(
  File "C:\Users\kaler\AppData\Local\Programs\Python\Python39\lib\json\encoder.py", line 199, in encode
    chunks = self.iterencode(o, _one_shot=True)
  File "C:\Users\kaler\AppData\Local\Programs\Python\Python39\lib\json\encoder.py", line 257, in iterencode
    return _iterencode(o, 0)
  File "C:\Users\kaler\AppData\Local\Programs\Python\Python39\lib\site-packages\rest_framework\utils\encoders.py", line 67, in default
    return super().default(obj)
  File "C:\Users\kaler\AppData\Local\Programs\Python\Python39\lib\json\encoder.py", line 179, in default
    raise TypeError(f'Object of type {o.__class__.__name__} '
TypeError: Object of type ObjectId is not JSON serializable
ERROR 2025-04-22 06:28:46,386 log 12724 8840 Internal Server Error: /api/vocabulary/words/
Traceback (most recent call last):
  File "C:\Users\kaler\AppData\Local\Programs\Python\Python39\lib\site-packages\django\core\handlers\exception.py", line 55, in inner
    response = get_response(request)
  File "C:\Users\kaler\AppData\Local\Programs\Python\Python39\lib\site-packages\django\core\handlers\base.py", line 220, in _get_response
    response = response.render()
  File "C:\Users\kaler\AppData\Local\Programs\Python\Python39\lib\site-packages\django\template\response.py", line 114, in render
    self.content = self.rendered_content
  File "C:\Users\kaler\AppData\Local\Programs\Python\Python39\lib\site-packages\rest_framework\response.py", line 70, in rendered_content
    ret = renderer.render(self.data, accepted_media_type, context)
  File "C:\Users\kaler\AppData\Local\Programs\Python\Python39\lib\site-packages\rest_framework\renderers.py", line 99, in render
    ret = json.dumps(
  File "C:\Users\kaler\AppData\Local\Programs\Python\Python39\lib\site-packages\rest_framework\utils\json.py", line 25, in dumps
    return json.dumps(*args, **kwargs)
  File "C:\Users\kaler\AppData\Local\Programs\Python\Python39\lib\json\__init__.py", line 234, in dumps
    return cls(
  File "C:\Users\kaler\AppData\Local\Programs\Python\Python39\lib\json\encoder.py", line 199, in encode
    chunks = self.iterencode(o, _one_shot=True)
  File "C:\Users\kaler\AppData\Local\Programs\Python\Python39\lib\json\encoder.py", line 257, in iterencode
    return _iterencode(o, 0)
  File "C:\Users\kaler\AppData\Local\Programs\Python\Python39\lib\site-packages\rest_framework\utils\encoders.py", line 67, in default
    return super().default(obj)
  File "C:\Users\kaler\AppData\Local\Programs\Python\Python39\lib\json\encoder.py", line 179, in default
    raise TypeError(f'Object of type {o.__class__.__name__} '
TypeError: Object of type ObjectId is not JSON serializable
ERROR 2025-04-22 06:31:04,164 log 12724 16680 Internal Server Error: /api/vocabulary/words/
Traceback (most recent call last):
  File "C:\Users\kaler\AppData\Local\Programs\Python\Python39\lib\site-packages\django\core\handlers\exception.py", line 55, in inner
    response = get_response(request)
  File "C:\Users\kaler\AppData\Local\Programs\Python\Python39\lib\site-packages\django\core\handlers\base.py", line 220, in _get_response
    response = response.render()
  File "C:\Users\kaler\AppData\Local\Programs\Python\Python39\lib\site-packages\django\template\response.py", line 114, in render
    self.content = self.rendered_content
  File "C:\Users\kaler\AppData\Local\Programs\Python\Python39\lib\site-packages\rest_framework\response.py", line 70, in rendered_content
    ret = renderer.render(self.data, accepted_media_type, context)
  File "C:\Users\kaler\AppData\Local\Programs\Python\Python39\lib\site-packages\rest_framework\renderers.py", line 99, in render
    ret = json.dumps(
  File "C:\Users\kaler\AppData\Local\Programs\Python\Python39\lib\site-packages\rest_framework\utils\json.py", line 25, in dumps
    return json.dumps(*args, **kwargs)
  File "C:\Users\kaler\AppData\Local\Programs\Python\Python39\lib\json\__init__.py", line 234, in dumps
    return cls(
  File "C:\Users\kaler\AppData\Local\Programs\Python\Python39\lib\json\encoder.py", line 199, in encode
    chunks = self.iterencode(o, _one_shot=True)
  File "C:\Users\kaler\AppData\Local\Programs\Python\Python39\lib\json\encoder.py", line 257, in iterencode
    return _iterencode(o, 0)
  File "C:\Users\kaler\AppData\Local\Programs\Python\Python39\lib\site-packages\rest_framework\utils\encoders.py", line 67, in default
    return super().default(obj)
  File "C:\Users\kaler\AppData\Local\Programs\Python\Python39\lib\json\encoder.py", line 179, in default
    raise TypeError(f'Object of type {o.__class__.__name__} '
TypeError: Object of type ObjectId is not JSON serializable
ERROR 2025-04-22 06:31:07,913 log 12724 16680 Internal Server Error: /api/vocabulary/words/
Traceback (most recent call last):
  File "C:\Users\kaler\AppData\Local\Programs\Python\Python39\lib\site-packages\django\core\handlers\exception.py", line 55, in inner
    response = get_response(request)
  File "C:\Users\kaler\AppData\Local\Programs\Python\Python39\lib\site-packages\django\core\handlers\base.py", line 220, in _get_response
    response = response.render()
  File "C:\Users\kaler\AppData\Local\Programs\Python\Python39\lib\site-packages\django\template\response.py", line 114, in render
    self.content = self.rendered_content
  File "C:\Users\kaler\AppData\Local\Programs\Python\Python39\lib\site-packages\rest_framework\response.py", line 70, in rendered_content
    ret = renderer.render(self.data, accepted_media_type, context)
  File "C:\Users\kaler\AppData\Local\Programs\Python\Python39\lib\site-packages\rest_framework\renderers.py", line 99, in render
    ret = json.dumps(
  File "C:\Users\kaler\AppData\Local\Programs\Python\Python39\lib\site-packages\rest_framework\utils\json.py", line 25, in dumps
    return json.dumps(*args, **kwargs)
  File "C:\Users\kaler\AppData\Local\Programs\Python\Python39\lib\json\__init__.py", line 234, in dumps
    return cls(
  File "C:\Users\kaler\AppData\Local\Programs\Python\Python39\lib\json\encoder.py", line 199, in encode
    chunks = self.iterencode(o, _one_shot=True)
  File "C:\Users\kaler\AppData\Local\Programs\Python\Python39\lib\json\encoder.py", line 257, in iterencode
    return _iterencode(o, 0)
  File "C:\Users\kaler\AppData\Local\Programs\Python\Python39\lib\site-packages\rest_framework\utils\encoders.py", line 67, in default
    return super().default(obj)
  File "C:\Users\kaler\AppData\Local\Programs\Python\Python39\lib\json\encoder.py", line 179, in default
    raise TypeError(f'Object of type {o.__class__.__name__} '
TypeError: Object of type ObjectId is not JSON serializable
ERROR 2025-04-22 06:31:10,767 log 12724 16680 Internal Server Error: /api/vocabulary/words/
Traceback (most recent call last):
  File "C:\Users\kaler\AppData\Local\Programs\Python\Python39\lib\site-packages\django\core\handlers\exception.py", line 55, in inner
    response = get_response(request)
  File "C:\Users\kaler\AppData\Local\Programs\Python\Python39\lib\site-packages\django\core\handlers\base.py", line 220, in _get_response
    response = response.render()
  File "C:\Users\kaler\AppData\Local\Programs\Python\Python39\lib\site-packages\django\template\response.py", line 114, in render
    self.content = self.rendered_content
  File "C:\Users\kaler\AppData\Local\Programs\Python\Python39\lib\site-packages\rest_framework\response.py", line 70, in rendered_content
    ret = renderer.render(self.data, accepted_media_type, context)
  File "C:\Users\kaler\AppData\Local\Programs\Python\Python39\lib\site-packages\rest_framework\renderers.py", line 99, in render
    ret = json.dumps(
  File "C:\Users\kaler\AppData\Local\Programs\Python\Python39\lib\site-packages\rest_framework\utils\json.py", line 25, in dumps
    return json.dumps(*args, **kwargs)
  File "C:\Users\kaler\AppData\Local\Programs\Python\Python39\lib\json\__init__.py", line 234, in dumps
    return cls(
  File "C:\Users\kaler\AppData\Local\Programs\Python\Python39\lib\json\encoder.py", line 199, in encode
    chunks = self.iterencode(o, _one_shot=True)
  File "C:\Users\kaler\AppData\Local\Programs\Python\Python39\lib\json\encoder.py", line 257, in iterencode
    return _iterencode(o, 0)
  File "C:\Users\kaler\AppData\Local\Programs\Python\Python39\lib\site-packages\rest_framework\utils\encoders.py", line 67, in default
    return super().default(obj)
  File "C:\Users\kaler\AppData\Local\Programs\Python\Python39\lib\json\encoder.py", line 179, in default
    raise TypeError(f'Object of type {o.__class__.__name__} '
TypeError: Object of type ObjectId is not JSON serializable
INFO 2025-04-22 06:32:46,566 autoreload 12724 12464 C:\Users\kaler\Desktop\Hindi-New-Feature\hindi-learning-assistant\backend\api\views.py changed, reloading.
INFO 2025-04-22 06:32:50,705 autoreload 21148 19352 Watching for file changes with StatReloader
INFO 2025-04-22 06:32:56,282 autoreload 21148 19352 C:\Users\kaler\Desktop\Hindi-New-Feature\hindi-learning-assistant\backend\api\views.py changed, reloading.
INFO 2025-04-22 06:32:59,011 autoreload 15552 3344 Watching for file changes with StatReloader
ERROR 2025-04-22 06:33:03,754 log 15552 15392 Internal Server Error: /api/vocabulary/words/
Traceback (most recent call last):
  File "C:\Users\kaler\AppData\Local\Programs\Python\Python39\lib\site-packages\django\core\handlers\exception.py", line 55, in inner
    response = get_response(request)
  File "C:\Users\kaler\AppData\Local\Programs\Python\Python39\lib\site-packages\django\core\handlers\base.py", line 220, in _get_response
    response = response.render()
  File "C:\Users\kaler\AppData\Local\Programs\Python\Python39\lib\site-packages\django\template\response.py", line 114, in render
    self.content = self.rendered_content
  File "C:\Users\kaler\AppData\Local\Programs\Python\Python39\lib\site-packages\rest_framework\response.py", line 70, in rendered_content
    ret = renderer.render(self.data, accepted_media_type, context)
  File "C:\Users\kaler\AppData\Local\Programs\Python\Python39\lib\site-packages\rest_framework\renderers.py", line 99, in render
    ret = json.dumps(
  File "C:\Users\kaler\AppData\Local\Programs\Python\Python39\lib\site-packages\rest_framework\utils\json.py", line 25, in dumps
    return json.dumps(*args, **kwargs)
  File "C:\Users\kaler\AppData\Local\Programs\Python\Python39\lib\json\__init__.py", line 234, in dumps
    return cls(
  File "C:\Users\kaler\AppData\Local\Programs\Python\Python39\lib\json\encoder.py", line 199, in encode
    chunks = self.iterencode(o, _one_shot=True)
  File "C:\Users\kaler\AppData\Local\Programs\Python\Python39\lib\json\encoder.py", line 257, in iterencode
    return _iterencode(o, 0)
  File "C:\Users\kaler\AppData\Local\Programs\Python\Python39\lib\site-packages\rest_framework\utils\encoders.py", line 67, in default
    return super().default(obj)
  File "C:\Users\kaler\AppData\Local\Programs\Python\Python39\lib\json\encoder.py", line 179, in default
    raise TypeError(f'Object of type {o.__class__.__name__} '
TypeError: Object of type ObjectId is not JSON serializable
INFO 2025-04-22 06:33:13,663 autoreload 15552 3344 C:\Users\kaler\Desktop\Hindi-New-Feature\hindi-learning-assistant\backend\api\urls.py changed, reloading.
INFO 2025-04-22 06:33:15,973 autoreload 20812 18888 Watching for file changes with StatReloader
ERROR 2025-04-22 06:33:56,153 log 20812 19616 Internal Server Error: /api/vocabulary/words/
Traceback (most recent call last):
  File "C:\Users\kaler\AppData\Local\Programs\Python\Python39\lib\site-packages\django\core\handlers\exception.py", line 55, in inner
    response = get_response(request)
  File "C:\Users\kaler\AppData\Local\Programs\Python\Python39\lib\site-packages\django\core\handlers\base.py", line 220, in _get_response
    response = response.render()
  File "C:\Users\kaler\AppData\Local\Programs\Python\Python39\lib\site-packages\django\template\response.py", line 114, in render
    self.content = self.rendered_content
  File "C:\Users\kaler\AppData\Local\Programs\Python\Python39\lib\site-packages\rest_framework\response.py", line 70, in rendered_content
    ret = renderer.render(self.data, accepted_media_type, context)
  File "C:\Users\kaler\AppData\Local\Programs\Python\Python39\lib\site-packages\rest_framework\renderers.py", line 99, in render
    ret = json.dumps(
  File "C:\Users\kaler\AppData\Local\Programs\Python\Python39\lib\site-packages\rest_framework\utils\json.py", line 25, in dumps
    return json.dumps(*args, **kwargs)
  File "C:\Users\kaler\AppData\Local\Programs\Python\Python39\lib\json\__init__.py", line 234, in dumps
    return cls(
  File "C:\Users\kaler\AppData\Local\Programs\Python\Python39\lib\json\encoder.py", line 199, in encode
    chunks = self.iterencode(o, _one_shot=True)
  File "C:\Users\kaler\AppData\Local\Programs\Python\Python39\lib\json\encoder.py", line 257, in iterencode
    return _iterencode(o, 0)
  File "C:\Users\kaler\AppData\Local\Programs\Python\Python39\lib\site-packages\rest_framework\utils\encoders.py", line 67, in default
    return super().default(obj)
  File "C:\Users\kaler\AppData\Local\Programs\Python\Python39\lib\json\encoder.py", line 179, in default
    raise TypeError(f'Object of type {o.__class__.__name__} '
TypeError: Object of type ObjectId is not JSON serializable
ERROR 2025-04-22 06:33:56,453 log 20812 2916 Internal Server Error: /api/vocabulary/words/
Traceback (most recent call last):
  File "C:\Users\kaler\AppData\Local\Programs\Python\Python39\lib\site-packages\django\core\handlers\exception.py", line 55, in inner
    response = get_response(request)
  File "C:\Users\kaler\AppData\Local\Programs\Python\Python39\lib\site-packages\django\core\handlers\base.py", line 220, in _get_response
    response = response.render()
  File "C:\Users\kaler\AppData\Local\Programs\Python\Python39\lib\site-packages\django\template\response.py", line 114, in render
    self.content = self.rendered_content
  File "C:\Users\kaler\AppData\Local\Programs\Python\Python39\lib\site-packages\rest_framework\response.py", line 70, in rendered_content
    ret = renderer.render(self.data, accepted_media_type, context)
  File "C:\Users\kaler\AppData\Local\Programs\Python\Python39\lib\site-packages\rest_framework\renderers.py", line 99, in render
    ret = json.dumps(
  File "C:\Users\kaler\AppData\Local\Programs\Python\Python39\lib\site-packages\rest_framework\utils\json.py", line 25, in dumps
    return json.dumps(*args, **kwargs)
  File "C:\Users\kaler\AppData\Local\Programs\Python\Python39\lib\json\__init__.py", line 234, in dumps
    return cls(
  File "C:\Users\kaler\AppData\Local\Programs\Python\Python39\lib\json\encoder.py", line 199, in encode
    chunks = self.iterencode(o, _one_shot=True)
  File "C:\Users\kaler\AppData\Local\Programs\Python\Python39\lib\json\encoder.py", line 257, in iterencode
    return _iterencode(o, 0)
  File "C:\Users\kaler\AppData\Local\Programs\Python\Python39\lib\site-packages\rest_framework\utils\encoders.py", line 67, in default
    return super().default(obj)
  File "C:\Users\kaler\AppData\Local\Programs\Python\Python39\lib\json\encoder.py", line 179, in default
    raise TypeError(f'Object of type {o.__class__.__name__} '
TypeError: Object of type ObjectId is not JSON serializable
ERROR 2025-04-22 06:34:17,172 log 20812 9952 Internal Server Error: /api/vocabulary/words/
Traceback (most recent call last):
  File "C:\Users\kaler\AppData\Local\Programs\Python\Python39\lib\site-packages\django\core\handlers\exception.py", line 55, in inner
    response = get_response(request)
  File "C:\Users\kaler\AppData\Local\Programs\Python\Python39\lib\site-packages\django\core\handlers\base.py", line 220, in _get_response
    response = response.render()
  File "C:\Users\kaler\AppData\Local\Programs\Python\Python39\lib\site-packages\django\template\response.py", line 114, in render
    self.content = self.rendered_content
  File "C:\Users\kaler\AppData\Local\Programs\Python\Python39\lib\site-packages\rest_framework\response.py", line 70, in rendered_content
    ret = renderer.render(self.data, accepted_media_type, context)
  File "C:\Users\kaler\AppData\Local\Programs\Python\Python39\lib\site-packages\rest_framework\renderers.py", line 99, in render
    ret = json.dumps(
  File "C:\Users\kaler\AppData\Local\Programs\Python\Python39\lib\site-packages\rest_framework\utils\json.py", line 25, in dumps
    return json.dumps(*args, **kwargs)
  File "C:\Users\kaler\AppData\Local\Programs\Python\Python39\lib\json\__init__.py", line 234, in dumps
    return cls(
  File "C:\Users\kaler\AppData\Local\Programs\Python\Python39\lib\json\encoder.py", line 199, in encode
    chunks = self.iterencode(o, _one_shot=True)
  File "C:\Users\kaler\AppData\Local\Programs\Python\Python39\lib\json\encoder.py", line 257, in iterencode
    return _iterencode(o, 0)
  File "C:\Users\kaler\AppData\Local\Programs\Python\Python39\lib\site-packages\rest_framework\utils\encoders.py", line 67, in default
    return super().default(obj)
  File "C:\Users\kaler\AppData\Local\Programs\Python\Python39\lib\json\encoder.py", line 179, in default
    raise TypeError(f'Object of type {o.__class__.__name__} '
TypeError: Object of type ObjectId is not JSON serializable
ERROR 2025-04-22 06:34:42,268 log 20812 9952 Internal Server Error: /api/vocabulary/words/
Traceback (most recent call last):
  File "C:\Users\kaler\AppData\Local\Programs\Python\Python39\lib\site-packages\django\core\handlers\exception.py", line 55, in inner
    response = get_response(request)
  File "C:\Users\kaler\AppData\Local\Programs\Python\Python39\lib\site-packages\django\core\handlers\base.py", line 220, in _get_response
    response = response.render()
  File "C:\Users\kaler\AppData\Local\Programs\Python\Python39\lib\site-packages\django\template\response.py", line 114, in render
    self.content = self.rendered_content
  File "C:\Users\kaler\AppData\Local\Programs\Python\Python39\lib\site-packages\rest_framework\response.py", line 70, in rendered_content
    ret = renderer.render(self.data, accepted_media_type, context)
  File "C:\Users\kaler\AppData\Local\Programs\Python\Python39\lib\site-packages\rest_framework\renderers.py", line 99, in render
    ret = json.dumps(
  File "C:\Users\kaler\AppData\Local\Programs\Python\Python39\lib\site-packages\rest_framework\utils\json.py", line 25, in dumps
    return json.dumps(*args, **kwargs)
  File "C:\Users\kaler\AppData\Local\Programs\Python\Python39\lib\json\__init__.py", line 234, in dumps
    return cls(
  File "C:\Users\kaler\AppData\Local\Programs\Python\Python39\lib\json\encoder.py", line 199, in encode
    chunks = self.iterencode(o, _one_shot=True)
  File "C:\Users\kaler\AppData\Local\Programs\Python\Python39\lib\json\encoder.py", line 257, in iterencode
    return _iterencode(o, 0)
  File "C:\Users\kaler\AppData\Local\Programs\Python\Python39\lib\site-packages\rest_framework\utils\encoders.py", line 67, in default
    return super().default(obj)
  File "C:\Users\kaler\AppData\Local\Programs\Python\Python39\lib\json\encoder.py", line 179, in default
    raise TypeError(f'Object of type {o.__class__.__name__} '
TypeError: Object of type ObjectId is not JSON serializable
ERROR 2025-04-22 06:34:55,026 log 20812 9952 Internal Server Error: /api/vocabulary/words/
Traceback (most recent call last):
  File "C:\Users\kaler\AppData\Local\Programs\Python\Python39\lib\site-packages\django\core\handlers\exception.py", line 55, in inner
    response = get_response(request)
  File "C:\Users\kaler\AppData\Local\Programs\Python\Python39\lib\site-packages\django\core\handlers\base.py", line 220, in _get_response
    response = response.render()
  File "C:\Users\kaler\AppData\Local\Programs\Python\Python39\lib\site-packages\django\template\response.py", line 114, in render
    self.content = self.rendered_content
  File "C:\Users\kaler\AppData\Local\Programs\Python\Python39\lib\site-packages\rest_framework\response.py", line 70, in rendered_content
    ret = renderer.render(self.data, accepted_media_type, context)
  File "C:\Users\kaler\AppData\Local\Programs\Python\Python39\lib\site-packages\rest_framework\renderers.py", line 99, in render
    ret = json.dumps(
  File "C:\Users\kaler\AppData\Local\Programs\Python\Python39\lib\site-packages\rest_framework\utils\json.py", line 25, in dumps
    return json.dumps(*args, **kwargs)
  File "C:\Users\kaler\AppData\Local\Programs\Python\Python39\lib\json\__init__.py", line 234, in dumps
    return cls(
  File "C:\Users\kaler\AppData\Local\Programs\Python\Python39\lib\json\encoder.py", line 199, in encode
    chunks = self.iterencode(o, _one_shot=True)
  File "C:\Users\kaler\AppData\Local\Programs\Python\Python39\lib\json\encoder.py", line 257, in iterencode
    return _iterencode(o, 0)
  File "C:\Users\kaler\AppData\Local\Programs\Python\Python39\lib\site-packages\rest_framework\utils\encoders.py", line 67, in default
    return super().default(obj)
  File "C:\Users\kaler\AppData\Local\Programs\Python\Python39\lib\json\encoder.py", line 179, in default
    raise TypeError(f'Object of type {o.__class__.__name__} '
TypeError: Object of type ObjectId is not JSON serializable
INFO 2025-04-22 06:35:51,912 autoreload 20812 18888 C:\Users\kaler\Desktop\Hindi-New-Feature\hindi-learning-assistant\backend\api\views.py changed, reloading.
INFO 2025-04-22 06:35:55,344 autoreload 21168 3668 Watching for file changes with StatReloader
INFO 2025-04-22 06:36:16,331 autoreload 21168 3668 C:\Users\kaler\Desktop\Hindi-New-Feature\hindi-learning-assistant\backend\api\views.py changed, reloading.
INFO 2025-04-22 06:36:19,836 autoreload 18880 19348 Watching for file changes with StatReloader
WARNING 2025-04-22 06:42:13,165 log 18880 8172 Not Found: /api/words/6807930a58975951d7902caf/toggle_favorite/
WARNING 2025-04-22 06:42:19,817 log 18880 16492 Not Found: /api/words/6807916c58975951d7902ca5/toggle_favorite/
WARNING 2025-04-22 06:42:54,786 log 18880 21464 Not Found: /api/words/6807922858975951d7902ca8/update_notes/
WARNING 2025-04-22 06:42:59,953 log 18880 16468 Not Found: /api/words/6807922858975951d7902ca8/update_notes/
INFO 2025-04-22 06:45:00,112 autoreload 18880 19348 C:\Users\kaler\Desktop\Hindi-New-Feature\hindi-learning-assistant\backend\api\views.py changed, reloading.
INFO 2025-04-22 06:45:02,440 autoreload 16480 4428 Watching for file changes with StatReloader
INFO 2025-04-22 06:47:04,859 autoreload 16480 4428 C:\Users\kaler\Desktop\Hindi-New-Feature\hindi-learning-assistant\backend\api\views.py changed, reloading.
INFO 2025-04-22 06:47:07,518 autoreload 18184 10448 Watching for file changes with StatReloader
INFO 2025-04-22 06:48:52,134 _client 18184 13764 HTTP Request: POST https://api.deepseek.com/v1/chat/completions "HTTP/1.1 200 OK"
WARNING 2025-04-22 06:50:36,667 log 18184 13764 Not Found: /api/words/6807916c58975951d7902ca5/toggle_favorite/
INFO 2025-04-22 06:50:45,425 autoreload 18184 10448 C:\Users\kaler\Desktop\Hindi-New-Feature\hindi-learning-assistant\backend\api\views.py changed, reloading.
INFO 2025-04-22 06:50:48,153 autoreload 12088 16728 Watching for file changes with StatReloader
WARNING 2025-04-22 06:53:36,167 log 12088 8936 Not Found: /api/words/6807930a58975951d7902caf/toggle_favorite/
WARNING 2025-04-22 06:53:51,100 log 12088 8936 Unauthorized: /api/words/6807916c58975951d7902ca5/update_notes/
WARNING 2025-04-22 06:53:51,432 log 12088 8936 Not Found: /api/words/6807916c58975951d7902ca5/update_notes/
INFO 2025-04-22 06:54:53,009 autoreload 12088 16728 C:\Users\kaler\Desktop\Hindi-New-Feature\hindi-learning-assistant\backend\api\views.py changed, reloading.
INFO 2025-04-22 06:54:55,461 autoreload 20324 18792 Watching for file changes with StatReloader
WARNING 2025-04-22 07:02:33,246 log 20324 19792 Not Found: /api/words/6807916c58975951d7902ca5/toggle_favorite/
INFO 2025-04-22 07:06:14,929 autoreload 20324 18792 C:\Users\kaler\Desktop\Hindi-New-Feature\hindi-learning-assistant\backend\api\views.py changed, reloading.
INFO 2025-04-22 07:06:18,569 autoreload 17428 4888 Watching for file changes with StatReloader
ERROR 2025-04-22 07:06:40,851 log 17428 9556 Internal Server Error: /api/transcripts/PjXM-_Yz9NA/
Traceback (most recent call last):
  File "C:\Users\kaler\AppData\Local\Programs\Python\Python39\lib\site-packages\django\core\handlers\exception.py", line 55, in inner
    response = get_response(request)
  File "C:\Users\kaler\AppData\Local\Programs\Python\Python39\lib\site-packages\django\core\handlers\base.py", line 197, in _get_response
    response = wrapped_callback(request, *callback_args, **callback_kwargs)
  File "C:\Users\kaler\AppData\Local\Programs\Python\Python39\lib\site-packages\django\views\decorators\csrf.py", line 56, in wrapper_view
    return view_func(*args, **kwargs)
  File "C:\Users\kaler\AppData\Local\Programs\Python\Python39\lib\site-packages\rest_framework\viewsets.py", line 125, in view
    return self.dispatch(request, *args, **kwargs)
  File "C:\Users\kaler\AppData\Local\Programs\Python\Python39\lib\site-packages\rest_framework\views.py", line 509, in dispatch
    response = self.handle_exception(exc)
  File "C:\Users\kaler\AppData\Local\Programs\Python\Python39\lib\site-packages\rest_framework\views.py", line 469, in handle_exception
    self.raise_uncaught_exception(exc)
  File "C:\Users\kaler\AppData\Local\Programs\Python\Python39\lib\site-packages\rest_framework\views.py", line 480, in raise_uncaught_exception
    raise exc
  File "C:\Users\kaler\AppData\Local\Programs\Python\Python39\lib\site-packages\rest_framework\views.py", line 506, in dispatch
    response = handler(request, *args, **kwargs)
  File "C:\Users\kaler\AppData\Local\Programs\Python\Python39\lib\site-packages\rest_framework\mixins.py", line 54, in retrieve
    instance = self.get_object()
  File "C:\Users\kaler\Desktop\Hindi-New-Feature\hindi-learning-assistant\backend\api\views.py", line 178, in get_object
    transcript = mongo_service.db.transcripts.find_one({'_id': ObjectId(pk)})
  File "C:\Users\kaler\AppData\Local\Programs\Python\Python39\lib\site-packages\bson\objectid.py", line 103, in __init__
    self.__validate(oid)
  File "C:\Users\kaler\AppData\Local\Programs\Python\Python39\lib\site-packages\bson\objectid.py", line 201, in __validate
    _raise_invalid_id(oid)
  File "C:\Users\kaler\AppData\Local\Programs\Python\Python39\lib\site-packages\bson\objectid.py", line 35, in _raise_invalid_id
    raise InvalidId(
bson.errors.InvalidId: 'PjXM-_Yz9NA' is not a valid ObjectId, it must be a 12-byte input or a 24-character hex string
ERROR 2025-04-22 07:06:41,211 log 17428 13516 Internal Server Error: /api/transcripts/PjXM-_Yz9NA/
Traceback (most recent call last):
  File "C:\Users\kaler\AppData\Local\Programs\Python\Python39\lib\site-packages\django\core\handlers\exception.py", line 55, in inner
    response = get_response(request)
  File "C:\Users\kaler\AppData\Local\Programs\Python\Python39\lib\site-packages\django\core\handlers\base.py", line 197, in _get_response
    response = wrapped_callback(request, *callback_args, **callback_kwargs)
  File "C:\Users\kaler\AppData\Local\Programs\Python\Python39\lib\site-packages\django\views\decorators\csrf.py", line 56, in wrapper_view
    return view_func(*args, **kwargs)
  File "C:\Users\kaler\AppData\Local\Programs\Python\Python39\lib\site-packages\rest_framework\viewsets.py", line 125, in view
    return self.dispatch(request, *args, **kwargs)
  File "C:\Users\kaler\AppData\Local\Programs\Python\Python39\lib\site-packages\rest_framework\views.py", line 509, in dispatch
    response = self.handle_exception(exc)
  File "C:\Users\kaler\AppData\Local\Programs\Python\Python39\lib\site-packages\rest_framework\views.py", line 469, in handle_exception
    self.raise_uncaught_exception(exc)
  File "C:\Users\kaler\AppData\Local\Programs\Python\Python39\lib\site-packages\rest_framework\views.py", line 480, in raise_uncaught_exception
    raise exc
  File "C:\Users\kaler\AppData\Local\Programs\Python\Python39\lib\site-packages\rest_framework\views.py", line 506, in dispatch
    response = handler(request, *args, **kwargs)
  File "C:\Users\kaler\AppData\Local\Programs\Python\Python39\lib\site-packages\rest_framework\mixins.py", line 54, in retrieve
    instance = self.get_object()
  File "C:\Users\kaler\Desktop\Hindi-New-Feature\hindi-learning-assistant\backend\api\views.py", line 178, in get_object
    transcript = mongo_service.db.transcripts.find_one({'_id': ObjectId(pk)})
  File "C:\Users\kaler\AppData\Local\Programs\Python\Python39\lib\site-packages\bson\objectid.py", line 103, in __init__
    self.__validate(oid)
  File "C:\Users\kaler\AppData\Local\Programs\Python\Python39\lib\site-packages\bson\objectid.py", line 201, in __validate
    _raise_invalid_id(oid)
  File "C:\Users\kaler\AppData\Local\Programs\Python\Python39\lib\site-packages\bson\objectid.py", line 35, in _raise_invalid_id
    raise InvalidId(
bson.errors.InvalidId: 'PjXM-_Yz9NA' is not a valid ObjectId, it must be a 12-byte input or a 24-character hex string
INFO 2025-04-22 07:06:41,491 autoreload 17428 4888 C:\Users\kaler\Desktop\Hindi-New-Feature\hindi-learning-assistant\backend\urls.py changed, reloading.
INFO 2025-04-22 07:06:44,337 autoreload 16884 10416 Watching for file changes with StatReloader
ERROR 2025-04-22 07:06:57,989 log 16884 9524 Internal Server Error: /api/transcripts/PjXM-_Yz9NA/
Traceback (most recent call last):
  File "C:\Users\kaler\AppData\Local\Programs\Python\Python39\lib\site-packages\django\core\handlers\exception.py", line 55, in inner
    response = get_response(request)
  File "C:\Users\kaler\AppData\Local\Programs\Python\Python39\lib\site-packages\django\core\handlers\base.py", line 197, in _get_response
    response = wrapped_callback(request, *callback_args, **callback_kwargs)
  File "C:\Users\kaler\AppData\Local\Programs\Python\Python39\lib\site-packages\django\views\decorators\csrf.py", line 56, in wrapper_view
    return view_func(*args, **kwargs)
  File "C:\Users\kaler\AppData\Local\Programs\Python\Python39\lib\site-packages\rest_framework\viewsets.py", line 125, in view
    return self.dispatch(request, *args, **kwargs)
  File "C:\Users\kaler\AppData\Local\Programs\Python\Python39\lib\site-packages\rest_framework\views.py", line 509, in dispatch
    response = self.handle_exception(exc)
  File "C:\Users\kaler\AppData\Local\Programs\Python\Python39\lib\site-packages\rest_framework\views.py", line 469, in handle_exception
    self.raise_uncaught_exception(exc)
  File "C:\Users\kaler\AppData\Local\Programs\Python\Python39\lib\site-packages\rest_framework\views.py", line 480, in raise_uncaught_exception
    raise exc
  File "C:\Users\kaler\AppData\Local\Programs\Python\Python39\lib\site-packages\rest_framework\views.py", line 506, in dispatch
    response = handler(request, *args, **kwargs)
  File "C:\Users\kaler\AppData\Local\Programs\Python\Python39\lib\site-packages\rest_framework\mixins.py", line 54, in retrieve
    instance = self.get_object()
  File "C:\Users\kaler\Desktop\Hindi-New-Feature\hindi-learning-assistant\backend\api\views.py", line 178, in get_object
    transcript = mongo_service.db.transcripts.find_one({'_id': ObjectId(pk)})
  File "C:\Users\kaler\AppData\Local\Programs\Python\Python39\lib\site-packages\bson\objectid.py", line 103, in __init__
    self.__validate(oid)
  File "C:\Users\kaler\AppData\Local\Programs\Python\Python39\lib\site-packages\bson\objectid.py", line 201, in __validate
    _raise_invalid_id(oid)
  File "C:\Users\kaler\AppData\Local\Programs\Python\Python39\lib\site-packages\bson\objectid.py", line 35, in _raise_invalid_id
    raise InvalidId(
bson.errors.InvalidId: 'PjXM-_Yz9NA' is not a valid ObjectId, it must be a 12-byte input or a 24-character hex string
ERROR 2025-04-22 07:06:58,433 log 16884 3888 Internal Server Error: /api/transcripts/PjXM-_Yz9NA/
Traceback (most recent call last):
  File "C:\Users\kaler\AppData\Local\Programs\Python\Python39\lib\site-packages\django\core\handlers\exception.py", line 55, in inner
    response = get_response(request)
  File "C:\Users\kaler\AppData\Local\Programs\Python\Python39\lib\site-packages\django\core\handlers\base.py", line 197, in _get_response
    response = wrapped_callback(request, *callback_args, **callback_kwargs)
  File "C:\Users\kaler\AppData\Local\Programs\Python\Python39\lib\site-packages\django\views\decorators\csrf.py", line 56, in wrapper_view
    return view_func(*args, **kwargs)
  File "C:\Users\kaler\AppData\Local\Programs\Python\Python39\lib\site-packages\rest_framework\viewsets.py", line 125, in view
    return self.dispatch(request, *args, **kwargs)
  File "C:\Users\kaler\AppData\Local\Programs\Python\Python39\lib\site-packages\rest_framework\views.py", line 509, in dispatch
    response = self.handle_exception(exc)
  File "C:\Users\kaler\AppData\Local\Programs\Python\Python39\lib\site-packages\rest_framework\views.py", line 469, in handle_exception
    self.raise_uncaught_exception(exc)
  File "C:\Users\kaler\AppData\Local\Programs\Python\Python39\lib\site-packages\rest_framework\views.py", line 480, in raise_uncaught_exception
    raise exc
  File "C:\Users\kaler\AppData\Local\Programs\Python\Python39\lib\site-packages\rest_framework\views.py", line 506, in dispatch
    response = handler(request, *args, **kwargs)
  File "C:\Users\kaler\AppData\Local\Programs\Python\Python39\lib\site-packages\rest_framework\mixins.py", line 54, in retrieve
    instance = self.get_object()
  File "C:\Users\kaler\Desktop\Hindi-New-Feature\hindi-learning-assistant\backend\api\views.py", line 178, in get_object
    transcript = mongo_service.db.transcripts.find_one({'_id': ObjectId(pk)})
  File "C:\Users\kaler\AppData\Local\Programs\Python\Python39\lib\site-packages\bson\objectid.py", line 103, in __init__
    self.__validate(oid)
  File "C:\Users\kaler\AppData\Local\Programs\Python\Python39\lib\site-packages\bson\objectid.py", line 201, in __validate
    _raise_invalid_id(oid)
  File "C:\Users\kaler\AppData\Local\Programs\Python\Python39\lib\site-packages\bson\objectid.py", line 35, in _raise_invalid_id
    raise InvalidId(
bson.errors.InvalidId: 'PjXM-_Yz9NA' is not a valid ObjectId, it must be a 12-byte input or a 24-character hex string
INFO 2025-04-22 07:08:58,451 autoreload 16884 10416 C:\Users\kaler\Desktop\Hindi-New-Feature\hindi-learning-assistant\backend\urls.py changed, reloading.
INFO 2025-04-22 07:09:03,396 autoreload 15676 11540 Watching for file changes with StatReloader
INFO 2025-04-22 07:14:25,673 autoreload 15676 11540 C:\Users\kaler\Desktop\Hindi-New-Feature\hindi-learning-assistant\backend\api\views.py changed, reloading.
INFO 2025-04-22 07:14:29,411 autoreload 5600 16688 Watching for file changes with StatReloader
INFO 2025-04-22 07:14:45,650 autoreload 5600 16688 C:\Users\kaler\Desktop\Hindi-New-Feature\hindi-learning-assistant\backend\urls.py changed, reloading.
INFO 2025-04-22 07:14:49,955 autoreload 12408 8344 Watching for file changes with StatReloader
INFO 2025-04-22 07:23:56,135 autoreload 12892 20312 Watching for file changes with StatReloader
WARNING 2025-04-22 07:25:55,563 log 12892 13080 Not Found: /api/trending-words/
WARNING 2025-04-22 07:25:55,589 log 12892 14136 Not Found: /api/trending-words/
WARNING 2025-04-22 07:26:20,242 log 12892 10500 Not Found: /api/trending-words/
WARNING 2025-04-22 07:26:20,280 log 12892 10132 Not Found: /api/trending-words/
WARNING 2025-04-22 07:26:46,980 log 12892 11420 Bad Request: /api/auth/logout/
WARNING 2025-04-22 07:27:04,642 log 12892 19080 Not Found: /api/trending-words/
WARNING 2025-04-22 07:27:04,680 log 12892 21088 Not Found: /api/trending-words/
WARNING 2025-04-22 07:28:49,755 log 12892 20264 Not Found: /api/trending-words/
WARNING 2025-04-22 07:28:49,798 log 12892 20264 Not Found: /api/trending-words/
WARNING 2025-04-22 07:29:41,857 log 12892 15272 Not Found: /api/trending-words/
WARNING 2025-04-22 07:29:41,913 log 12892 11188 Not Found: /api/trending-words/
INFO 2025-04-22 07:31:23,383 autoreload 12892 20312 C:\Users\kaler\Desktop\Hindi-New-Feature\hindi-learning-assistant\backend\urls.py changed, reloading.
INFO 2025-04-22 07:31:28,347 autoreload 16592 15668 Watching for file changes with StatReloader
INFO 2025-04-22 07:31:54,212 autoreload 16592 15668 C:\Users\kaler\Desktop\Hindi-New-Feature\hindi-learning-assistant\backend\api\views.py changed, reloading.
INFO 2025-04-22 07:31:57,143 autoreload 18472 13764 Watching for file changes with StatReloader
INFO 2025-04-22 07:40:11,650 autoreload 18472 13764 C:\Users\kaler\Desktop\Hindi-New-Feature\hindi-learning-assistant\backend\api\migrations\0007_remove_sqlite_models.py changed, reloading.
INFO 2025-04-22 07:40:16,933 autoreload 10036 15036 Watching for file changes with StatReloader
INFO 2025-04-22 08:03:55,951 autoreload 10036 15036 C:\Users\kaler\Desktop\Hindi-New-Feature\hindi-learning-assistant\backend\api\migrations\0007_remove_sqlite_models.py changed, reloading.
INFO 2025-04-22 08:04:03,619 autoreload 19956 14624 Watching for file changes with StatReloader
INFO 2025-04-22 08:09:20,238 autoreload 19956 14624 C:\Users\kaler\Desktop\Hindi-New-Feature\hindi-learning-assistant\backend\api\migrations\0007_remove_sqlite_models.py changed, reloading.
INFO 2025-04-22 08:09:25,140 autoreload 996 6036 Watching for file changes with StatReloader
INFO 2025-04-22 08:15:13,590 autoreload 996 6036 C:\Users\kaler\Desktop\Hindi-New-Feature\hindi-learning-assistant\backend\api\migrations\0007_remove_sqlite_models.py changed, reloading.
INFO 2025-04-22 08:15:19,427 autoreload 19364 12684 Watching for file changes with StatReloader
INFO 2025-04-22 08:25:36,493 autoreload 19364 12684 C:\Users\kaler\Desktop\Hindi-New-Feature\hindi-learning-assistant\backend\api\migrations\0007_remove_sqlite_models.py changed, reloading.
INFO 2025-04-22 08:25:41,573 autoreload 5856 11416 Watching for file changes with StatReloader
INFO 2025-04-22 08:39:11,368 autoreload 5856 11416 C:\Users\kaler\Desktop\Hindi-New-Feature\hindi-learning-assistant\backend\api\migrations\0007_remove_sqlite_models.py changed, reloading.
INFO 2025-04-22 08:39:16,669 autoreload 18372 13932 Watching for file changes with StatReloader
INFO 2025-04-22 08:45:25,764 views 18372 19068 Starting transcript creation process
INFO 2025-04-22 08:45:25,769 views 18372 19068 Received video URL: n3xIcNeCgOc
INFO 2025-04-22 08:45:25,771 views 18372 19068 Attempting to extract video ID
INFO 2025-04-22 08:45:25,773 youtube_utils 18372 19068 Attempting to extract video ID from URL: n3xIcNeCgOc
INFO 2025-04-22 08:45:25,777 youtube_utils 18372 19068 Successfully extracted video ID: n3xIcNeCgOc
INFO 2025-04-22 08:45:25,779 views 18372 19068 Extracted video ID: n3xIcNeCgOc
INFO 2025-04-22 08:45:25,782 views 18372 19068 Checking for existing transcript for user 6807b93a66bb7d9b624478e3 and video n3xIcNeCgOc
INFO 2025-04-22 08:45:25,977 views 18372 19068 Attempting to fetch transcript from YouTube
INFO 2025-04-22 08:45:25,978 youtube_utils 18372 19068 Attempting to fetch transcripts for video ID: n3xIcNeCgOc
INFO 2025-04-22 08:45:25,979 youtube_utils 18372 19068 Attempting to fetch transcripts for video ID: n3xIcNeCgOc
INFO 2025-04-22 08:45:28,091 youtube_utils 18372 19068 Available languages: ['hi']
INFO 2025-04-22 08:45:28,092 youtube_utils 18372 19068 Found Hindi transcript
INFO 2025-04-22 08:45:28,631 youtube_utils 18372 19068 Successfully fetched hi transcript with 356 entries
INFO 2025-04-22 08:45:28,634 views 18372 19068 Successfully fetched transcript in hi
INFO 2025-04-22 08:45:28,637 youtube_utils 18372 19068 Formatting transcript with 356 entries
INFO 2025-04-22 08:45:28,639 youtube_utils 18372 19068 Formatted transcript length: 13598 characters
INFO 2025-04-22 08:45:28,640 views 18372 19068 Formatted transcript length: 13598
INFO 2025-04-22 08:45:28,642 views 18372 19068 Attempting to save transcript to MongoDB
INFO 2025-04-22 08:45:30,244 views 18372 19068 Successfully saved transcript to MongoDB
INFO 2025-04-22 08:45:30,246 views 18372 19068 Successfully completed transcript creation
INFO 2025-04-22 08:45:43,621 _client 18372 19068 HTTP Request: POST https://api.deepseek.com/v1/chat/completions "HTTP/1.1 200 OK"
INFO 2025-04-22 08:46:56,583 _client 18372 19068 HTTP Request: POST https://api.deepseek.com/v1/chat/completions "HTTP/1.1 200 OK"
WARNING 2025-04-22 11:07:24,986 log 18372 21972 Unauthorized: /api/trending-words/
WARNING 2025-04-22 11:07:24,996 log 18372 21972 Unauthorized: /api/trending-words/
WARNING 2025-04-22 11:07:35,189 log 18372 25412 Bad Request: /api/auth/logout/
ERROR 2025-04-22 11:07:55,169 views 18372 8116 Error fetching trending words: ac-qdeblsq-shard-00-01.3fv3ap3.mongodb.net:27017: [Errno 11001] getaddrinfo failed (configured timeouts: socketTimeoutMS: 20000.0ms, connectTimeoutMS: 20000.0ms),ac-qdeblsq-shard-00-02.3fv3ap3.mongodb.net:27017: [Errno 11001] getaddrinfo failed (configured timeouts: socketTimeoutMS: 20000.0ms, connectTimeoutMS: 20000.0ms),ac-qdeblsq-shard-00-00.3fv3ap3.mongodb.net:27017: [Errno 11001] getaddrinfo failed (configured timeouts: socketTimeoutMS: 20000.0ms, connectTimeoutMS: 20000.0ms), Timeout: 30s, Topology Description: <TopologyDescription id: 6807b82566bb7d9b624478e2, topology_type: ReplicaSetNoPrimary, servers: [<ServerDescription ('ac-qdeblsq-shard-00-00.3fv3ap3.mongodb.net', 27017) server_type: Unknown, rtt: None, error=AutoReconnect('ac-qdeblsq-shard-00-00.3fv3ap3.mongodb.net:27017: [Errno 11001] getaddrinfo failed (configured timeouts: socketTimeoutMS: 20000.0ms, connectTimeoutMS: 20000.0ms)')>, <ServerDescription ('ac-qdeblsq-shard-00-01.3fv3ap3.mongodb.net', 27017) server_type: Unknown, rtt: None, error=AutoReconnect('ac-qdeblsq-shard-00-01.3fv3ap3.mongodb.net:27017: [Errno 11001] getaddrinfo failed (configured timeouts: socketTimeoutMS: 20000.0ms, connectTimeoutMS: 20000.0ms)')>, <ServerDescription ('ac-qdeblsq-shard-00-02.3fv3ap3.mongodb.net', 27017) server_type: Unknown, rtt: None, error=AutoReconnect('ac-qdeblsq-shard-00-02.3fv3ap3.mongodb.net:27017: [Errno 11001] getaddrinfo failed (configured timeouts: socketTimeoutMS: 20000.0ms, connectTimeoutMS: 20000.0ms)')>]>
ERROR 2025-04-22 11:07:55,179 log 18372 8116 Internal Server Error: /api/trending-words/
ERROR 2025-04-22 11:08:15,508 views 18372 25084 Error fetching trending words: ac-qdeblsq-shard-00-01.3fv3ap3.mongodb.net:27017: [Errno 11001] getaddrinfo failed (configured timeouts: socketTimeoutMS: 20000.0ms, connectTimeoutMS: 20000.0ms),ac-qdeblsq-shard-00-02.3fv3ap3.mongodb.net:27017: [Errno 11001] getaddrinfo failed (configured timeouts: socketTimeoutMS: 20000.0ms, connectTimeoutMS: 20000.0ms),ac-qdeblsq-shard-00-00.3fv3ap3.mongodb.net:27017: [Errno 11001] getaddrinfo failed (configured timeouts: socketTimeoutMS: 20000.0ms, connectTimeoutMS: 20000.0ms), Timeout: 30s, Topology Description: <TopologyDescription id: 6807b82566bb7d9b624478e2, topology_type: ReplicaSetNoPrimary, servers: [<ServerDescription ('ac-qdeblsq-shard-00-00.3fv3ap3.mongodb.net', 27017) server_type: Unknown, rtt: None, error=AutoReconnect('ac-qdeblsq-shard-00-00.3fv3ap3.mongodb.net:27017: [Errno 11001] getaddrinfo failed (configured timeouts: socketTimeoutMS: 20000.0ms, connectTimeoutMS: 20000.0ms)')>, <ServerDescription ('ac-qdeblsq-shard-00-01.3fv3ap3.mongodb.net', 27017) server_type: Unknown, rtt: None, error=AutoReconnect('ac-qdeblsq-shard-00-01.3fv3ap3.mongodb.net:27017: [Errno 11001] getaddrinfo failed (configured timeouts: socketTimeoutMS: 20000.0ms, connectTimeoutMS: 20000.0ms)')>, <ServerDescription ('ac-qdeblsq-shard-00-02.3fv3ap3.mongodb.net', 27017) server_type: Unknown, rtt: None, error=AutoReconnect('ac-qdeblsq-shard-00-02.3fv3ap3.mongodb.net:27017: [Errno 11001] getaddrinfo failed (configured timeouts: socketTimeoutMS: 20000.0ms, connectTimeoutMS: 20000.0ms)')>]>
ERROR 2025-04-22 11:08:15,513 log 18372 25084 Internal Server Error: /api/trending-words/
ERROR 2025-04-22 11:08:27,772 log 18372 21924 Internal Server Error: /api/auth/login/
INFO 2025-04-22 11:08:51,659 autoreload 13864 20276 Watching for file changes with StatReloader
INFO 2025-04-22 11:13:02,489 autoreload 15316 15308 Watching for file changes with StatReloader
INFO 2025-04-22 12:29:53,992 autoreload 11520 12468 Watching for file changes with StatReloader
WARNING 2025-04-22 12:30:40,421 log 11520 8104 Unauthorized: /api/trending-words/
WARNING 2025-04-22 12:30:40,487 log 11520 8104 Unauthorized: /api/trending-words/
WARNING 2025-04-22 12:31:02,959 log 11520 3064 Bad Request: /api/auth/logout/
INFO 2025-04-22 12:36:22,692 _client 11520 4788 HTTP Request: POST https://api.deepseek.com/v1/chat/completions "HTTP/1.1 200 OK"
ERROR 2025-04-22 12:36:58,021 log 11520 1840 Internal Server Error: /api/transcripts/6806e24d04cbda6f4dedae9d/questions/undefined/answer/
ERROR 2025-04-22 12:41:38,201 log 11520 1840 Internal Server Error: /api/transcripts/PjXM-_Yz9NA/
Traceback (most recent call last):
  File "C:\Users\kaler\AppData\Local\Programs\Python\Python39\lib\site-packages\django\core\handlers\exception.py", line 55, in inner
    response = get_response(request)
  File "C:\Users\kaler\AppData\Local\Programs\Python\Python39\lib\site-packages\django\core\handlers\base.py", line 197, in _get_response
    response = wrapped_callback(request, *callback_args, **callback_kwargs)
  File "C:\Users\kaler\AppData\Local\Programs\Python\Python39\lib\site-packages\django\views\decorators\csrf.py", line 56, in wrapper_view
    return view_func(*args, **kwargs)
  File "C:\Users\kaler\AppData\Local\Programs\Python\Python39\lib\site-packages\rest_framework\viewsets.py", line 125, in view
    return self.dispatch(request, *args, **kwargs)
  File "C:\Users\kaler\AppData\Local\Programs\Python\Python39\lib\site-packages\rest_framework\views.py", line 509, in dispatch
    response = self.handle_exception(exc)
  File "C:\Users\kaler\AppData\Local\Programs\Python\Python39\lib\site-packages\rest_framework\views.py", line 469, in handle_exception
    self.raise_uncaught_exception(exc)
  File "C:\Users\kaler\AppData\Local\Programs\Python\Python39\lib\site-packages\rest_framework\views.py", line 480, in raise_uncaught_exception
    raise exc
  File "C:\Users\kaler\AppData\Local\Programs\Python\Python39\lib\site-packages\rest_framework\views.py", line 506, in dispatch
    response = handler(request, *args, **kwargs)
  File "C:\Users\kaler\AppData\Local\Programs\Python\Python39\lib\site-packages\rest_framework\mixins.py", line 54, in retrieve
    instance = self.get_object()
  File "C:\Users\kaler\Desktop\Hindi-New-Feature\hindi-learning-assistant\backend\api\views.py", line 178, in get_object
    transcript = mongo_service.db.transcripts.find_one({'_id': ObjectId(pk)})
  File "C:\Users\kaler\AppData\Local\Programs\Python\Python39\lib\site-packages\bson\objectid.py", line 103, in __init__
    self.__validate(oid)
  File "C:\Users\kaler\AppData\Local\Programs\Python\Python39\lib\site-packages\bson\objectid.py", line 201, in __validate
    _raise_invalid_id(oid)
  File "C:\Users\kaler\AppData\Local\Programs\Python\Python39\lib\site-packages\bson\objectid.py", line 35, in _raise_invalid_id
    raise InvalidId(
bson.errors.InvalidId: 'PjXM-_Yz9NA' is not a valid ObjectId, it must be a 12-byte input or a 24-character hex string
ERROR 2025-04-22 12:41:38,531 log 11520 6000 Internal Server Error: /api/transcripts/PjXM-_Yz9NA/
Traceback (most recent call last):
  File "C:\Users\kaler\AppData\Local\Programs\Python\Python39\lib\site-packages\django\core\handlers\exception.py", line 55, in inner
    response = get_response(request)
  File "C:\Users\kaler\AppData\Local\Programs\Python\Python39\lib\site-packages\django\core\handlers\base.py", line 197, in _get_response
    response = wrapped_callback(request, *callback_args, **callback_kwargs)
  File "C:\Users\kaler\AppData\Local\Programs\Python\Python39\lib\site-packages\django\views\decorators\csrf.py", line 56, in wrapper_view
    return view_func(*args, **kwargs)
  File "C:\Users\kaler\AppData\Local\Programs\Python\Python39\lib\site-packages\rest_framework\viewsets.py", line 125, in view
    return self.dispatch(request, *args, **kwargs)
  File "C:\Users\kaler\AppData\Local\Programs\Python\Python39\lib\site-packages\rest_framework\views.py", line 509, in dispatch
    response = self.handle_exception(exc)
  File "C:\Users\kaler\AppData\Local\Programs\Python\Python39\lib\site-packages\rest_framework\views.py", line 469, in handle_exception
    self.raise_uncaught_exception(exc)
  File "C:\Users\kaler\AppData\Local\Programs\Python\Python39\lib\site-packages\rest_framework\views.py", line 480, in raise_uncaught_exception
    raise exc
  File "C:\Users\kaler\AppData\Local\Programs\Python\Python39\lib\site-packages\rest_framework\views.py", line 506, in dispatch
    response = handler(request, *args, **kwargs)
  File "C:\Users\kaler\AppData\Local\Programs\Python\Python39\lib\site-packages\rest_framework\mixins.py", line 54, in retrieve
    instance = self.get_object()
  File "C:\Users\kaler\Desktop\Hindi-New-Feature\hindi-learning-assistant\backend\api\views.py", line 178, in get_object
    transcript = mongo_service.db.transcripts.find_one({'_id': ObjectId(pk)})
  File "C:\Users\kaler\AppData\Local\Programs\Python\Python39\lib\site-packages\bson\objectid.py", line 103, in __init__
    self.__validate(oid)
  File "C:\Users\kaler\AppData\Local\Programs\Python\Python39\lib\site-packages\bson\objectid.py", line 201, in __validate
    _raise_invalid_id(oid)
  File "C:\Users\kaler\AppData\Local\Programs\Python\Python39\lib\site-packages\bson\objectid.py", line 35, in _raise_invalid_id
    raise InvalidId(
bson.errors.InvalidId: 'PjXM-_Yz9NA' is not a valid ObjectId, it must be a 12-byte input or a 24-character hex string
WARNING 2025-04-22 16:41:06,760 log 11520 15856 Unauthorized: /api/trending-words/
WARNING 2025-04-22 16:41:06,798 log 11520 15856 Unauthorized: /api/trending-words/
WARNING 2025-04-23 11:03:29,768 log 11520 17164 Unauthorized: /api/auth/login/
WARNING 2025-04-23 11:03:29,837 log 11520 17164 Bad Request: /api/auth/refresh/
INFO 2025-04-23 11:04:03,599 autoreload 9976 4312 Watching for file changes with StatReloader
WARNING 2025-04-23 11:07:22,525 log 9976 17316 Unauthorized: /api/trending-words/
WARNING 2025-04-23 11:07:22,540 log 9976 17316 Unauthorized: /api/trending-words/
WARNING 2025-04-23 11:07:23,491 log 9976 20620 Unauthorized: /api/auth/refresh/
WARNING 2025-04-23 11:07:23,493 log 9976 21364 Unauthorized: /api/auth/refresh/
INFO 2025-04-23 11:12:54,511 views 9976 19120 Starting transcript creation process
INFO 2025-04-23 11:12:54,515 views 9976 19120 Received video URL: UayIEps9Y70
INFO 2025-04-23 11:12:54,517 views 9976 19120 Attempting to extract video ID
INFO 2025-04-23 11:12:54,520 youtube_utils 9976 19120 Attempting to extract video ID from URL: UayIEps9Y70
INFO 2025-04-23 11:12:54,527 youtube_utils 9976 19120 Successfully extracted video ID: UayIEps9Y70
INFO 2025-04-23 11:12:54,528 views 9976 19120 Extracted video ID: UayIEps9Y70
INFO 2025-04-23 11:12:54,529 views 9976 19120 Checking for existing transcript for user 68092be652664337876efb04 and video UayIEps9Y70
INFO 2025-04-23 11:12:54,597 views 9976 19120 Attempting to fetch transcript from YouTube
INFO 2025-04-23 11:12:54,598 youtube_utils 9976 19120 Attempting to fetch transcripts for video ID: UayIEps9Y70
INFO 2025-04-23 11:12:54,599 youtube_utils 9976 19120 Attempting to fetch transcripts for video ID: UayIEps9Y70
INFO 2025-04-23 11:12:55,974 youtube_utils 9976 19120 Available languages: ['en', 'hi', 'hi']
INFO 2025-04-23 11:12:55,975 youtube_utils 9976 19120 Found Hindi transcript
INFO 2025-04-23 11:12:56,198 youtube_utils 9976 19120 Successfully fetched hi transcript with 30 entries
INFO 2025-04-23 11:12:56,202 views 9976 19120 Successfully fetched transcript in hi
INFO 2025-04-23 11:12:56,208 youtube_utils 9976 19120 Formatting transcript with 30 entries
INFO 2025-04-23 11:12:56,210 youtube_utils 9976 19120 Formatted transcript length: 1085 characters
INFO 2025-04-23 11:12:56,213 views 9976 19120 Formatted transcript length: 1085
INFO 2025-04-23 11:12:56,216 views 9976 19120 Attempting to save transcript to MongoDB
INFO 2025-04-23 11:12:56,341 views 9976 19120 Successfully saved transcript to MongoDB
INFO 2025-04-23 11:12:56,342 views 9976 19120 Successfully completed transcript creation
INFO 2025-04-23 11:13:08,732 _client 9976 7748 HTTP Request: POST https://api.deepseek.com/v1/chat/completions "HTTP/1.1 200 OK"
INFO 2025-04-23 11:13:33,103 _client 9976 7748 HTTP Request: POST https://api.deepseek.com/v1/chat/completions "HTTP/1.1 200 OK"
INFO 2025-04-23 11:14:34,747 _client 9976 7748 HTTP Request: POST https://api.deepseek.com/v1/chat/completions "HTTP/1.1 200 OK"
INFO 2025-04-23 11:15:30,057 _client 9976 7748 HTTP Request: POST https://api.deepseek.com/v1/chat/completions "HTTP/1.1 200 OK"
INFO 2025-04-23 11:25:12,942 views 9976 15688 Starting transcript creation process
INFO 2025-04-23 11:25:12,944 views 9976 15688 Received video URL: 1fzjiaD780g 
INFO 2025-04-23 11:25:12,946 views 9976 15688 Attempting to extract video ID
INFO 2025-04-23 11:25:12,949 youtube_utils 9976 15688 Attempting to extract video ID from URL: 1fzjiaD780g 
ERROR 2025-04-23 11:25:12,958 youtube_utils 9976 15688 Failed to extract video ID from URL: 1fzjiaD780g 
INFO 2025-04-23 11:25:12,959 views 9976 15688 Extracted video ID: None
ERROR 2025-04-23 11:25:12,960 views 9976 15688 Failed to extract valid video ID from URL
WARNING 2025-04-23 11:25:12,962 log 9976 15688 Bad Request: /api/transcripts/create-from-video/
INFO 2025-04-23 11:28:06,303 views 9976 14404 Starting transcript creation process
INFO 2025-04-23 11:28:06,305 views 9976 14404 Received video URL: gUsrAmLyNlQ
INFO 2025-04-23 11:28:06,306 views 9976 14404 Attempting to extract video ID
INFO 2025-04-23 11:28:06,309 youtube_utils 9976 14404 Attempting to extract video ID from URL: gUsrAmLyNlQ
INFO 2025-04-23 11:28:06,317 youtube_utils 9976 14404 Successfully extracted video ID: gUsrAmLyNlQ
INFO 2025-04-23 11:28:06,318 views 9976 14404 Extracted video ID: gUsrAmLyNlQ
INFO 2025-04-23 11:28:06,320 views 9976 14404 Checking for existing transcript for user 68092be652664337876efb04 and video gUsrAmLyNlQ
INFO 2025-04-23 11:28:06,386 views 9976 14404 Attempting to fetch transcript from YouTube
INFO 2025-04-23 11:28:06,387 youtube_utils 9976 14404 Attempting to fetch transcripts for video ID: gUsrAmLyNlQ
INFO 2025-04-23 11:28:06,391 youtube_utils 9976 14404 Attempting to fetch transcripts for video ID: gUsrAmLyNlQ
INFO 2025-04-23 11:28:07,457 youtube_utils 9976 14404 Available languages: ['hi']
INFO 2025-04-23 11:28:07,461 youtube_utils 9976 14404 Found Hindi transcript
INFO 2025-04-23 11:28:07,632 youtube_utils 9976 14404 Successfully fetched hi transcript with 159 entries
INFO 2025-04-23 11:28:07,635 views 9976 14404 Successfully fetched transcript in hi
INFO 2025-04-23 11:28:07,636 youtube_utils 9976 14404 Formatting transcript with 159 entries
INFO 2025-04-23 11:28:07,638 youtube_utils 9976 14404 Formatted transcript length: 4858 characters
INFO 2025-04-23 11:28:07,643 views 9976 14404 Formatted transcript length: 4858
INFO 2025-04-23 11:28:07,645 views 9976 14404 Attempting to save transcript to MongoDB
INFO 2025-04-23 11:28:07,719 views 9976 14404 Successfully saved transcript to MongoDB
INFO 2025-04-23 11:28:07,720 views 9976 14404 Successfully completed transcript creation
ERROR 2025-04-23 11:28:13,452 log 9976 14404 Internal Server Error: /api/transcripts/6809313752664337876efb12/
Traceback (most recent call last):
  File "C:\Users\kaler\AppData\Local\Programs\Python\Python39\lib\site-packages\django\core\handlers\exception.py", line 55, in inner
    response = get_response(request)
  File "C:\Users\kaler\AppData\Local\Programs\Python\Python39\lib\site-packages\django\core\handlers\base.py", line 197, in _get_response
    response = wrapped_callback(request, *callback_args, **callback_kwargs)
  File "C:\Users\kaler\AppData\Local\Programs\Python\Python39\lib\site-packages\django\views\decorators\csrf.py", line 56, in wrapper_view
    return view_func(*args, **kwargs)
  File "C:\Users\kaler\AppData\Local\Programs\Python\Python39\lib\site-packages\rest_framework\viewsets.py", line 125, in view
    return self.dispatch(request, *args, **kwargs)
  File "C:\Users\kaler\AppData\Local\Programs\Python\Python39\lib\site-packages\rest_framework\views.py", line 509, in dispatch
    response = self.handle_exception(exc)
  File "C:\Users\kaler\AppData\Local\Programs\Python\Python39\lib\site-packages\rest_framework\views.py", line 469, in handle_exception
    self.raise_uncaught_exception(exc)
  File "C:\Users\kaler\AppData\Local\Programs\Python\Python39\lib\site-packages\rest_framework\views.py", line 480, in raise_uncaught_exception
    raise exc
  File "C:\Users\kaler\AppData\Local\Programs\Python\Python39\lib\site-packages\rest_framework\views.py", line 506, in dispatch
    response = handler(request, *args, **kwargs)
  File "C:\Users\kaler\AppData\Local\Programs\Python\Python39\lib\site-packages\rest_framework\mixins.py", line 91, in destroy
    self.perform_destroy(instance)
  File "C:\Users\kaler\AppData\Local\Programs\Python\Python39\lib\site-packages\rest_framework\mixins.py", line 95, in perform_destroy
    instance.delete()
AttributeError: 'dict' object has no attribute 'delete'
INFO 2025-04-23 11:31:27,206 views 9976 14604 Starting transcript creation process
INFO 2025-04-23 11:31:27,207 views 9976 14604 Received video URL: AmmtOO9mnOQ
INFO 2025-04-23 11:31:27,207 views 9976 14604 Attempting to extract video ID
INFO 2025-04-23 11:31:27,208 youtube_utils 9976 14604 Attempting to extract video ID from URL: AmmtOO9mnOQ
INFO 2025-04-23 11:31:27,210 youtube_utils 9976 14604 Successfully extracted video ID: AmmtOO9mnOQ
INFO 2025-04-23 11:31:27,212 views 9976 14604 Extracted video ID: AmmtOO9mnOQ
INFO 2025-04-23 11:31:27,215 views 9976 14604 Checking for existing transcript for user 68092be652664337876efb04 and video AmmtOO9mnOQ
INFO 2025-04-23 11:31:27,288 views 9976 14604 Attempting to fetch transcript from YouTube
INFO 2025-04-23 11:31:27,290 youtube_utils 9976 14604 Attempting to fetch transcripts for video ID: AmmtOO9mnOQ
INFO 2025-04-23 11:31:27,293 youtube_utils 9976 14604 Attempting to fetch transcripts for video ID: AmmtOO9mnOQ
INFO 2025-04-23 11:31:28,146 youtube_utils 9976 14604 Available languages: ['hi']
INFO 2025-04-23 11:31:28,153 youtube_utils 9976 14604 Found Hindi transcript
INFO 2025-04-23 11:31:28,290 youtube_utils 9976 14604 Successfully fetched hi transcript with 183 entries
INFO 2025-04-23 11:31:28,292 views 9976 14604 Successfully fetched transcript in hi
INFO 2025-04-23 11:31:28,294 youtube_utils 9976 14604 Formatting transcript with 183 entries
INFO 2025-04-23 11:31:28,299 youtube_utils 9976 14604 Formatted transcript length: 5860 characters
INFO 2025-04-23 11:31:28,300 views 9976 14604 Formatted transcript length: 5860
INFO 2025-04-23 11:31:28,301 views 9976 14604 Attempting to save transcript to MongoDB
INFO 2025-04-23 11:31:28,366 views 9976 14604 Successfully saved transcript to MongoDB
INFO 2025-04-23 11:31:28,367 views 9976 14604 Successfully completed transcript creation
INFO 2025-04-23 11:31:39,670 _client 9976 16064 HTTP Request: POST https://api.deepseek.com/v1/chat/completions "HTTP/1.1 200 OK"
INFO 2025-04-23 11:32:08,277 _client 9976 16064 HTTP Request: POST https://api.deepseek.com/v1/chat/completions "HTTP/1.1 200 OK"
INFO 2025-04-23 11:33:01,868 _client 9976 14604 HTTP Request: POST https://api.deepseek.com/v1/chat/completions "HTTP/1.1 200 OK"
INFO 2025-04-25 17:10:31,188 autoreload 5516 13388 Watching for file changes with StatReloader
INFO 2025-04-25 18:36:36,978 autoreload 5516 13388 C:\Users\kaler\Desktop\Hindi-New-Feature\hindi-learning-assistant\backend\api\migrations\0007_remove_sqlite_models.py changed, reloading.
INFO 2025-04-25 18:36:44,093 autoreload 13300 19776 Watching for file changes with StatReloader
WARNING 2025-04-25 18:36:55,247 log 13300 14096 Unauthorized: /api/transcripts/6806e24d04cbda6f4dedae9d/
ERROR 2025-04-25 18:36:59,190 log 13300 14096 Internal Server Error: /api/transcripts/6806e24d04cbda6f4dedae9d/
Traceback (most recent call last):
  File "C:\Users\kaler\AppData\Local\Programs\Python\Python39\lib\site-packages\django\core\handlers\exception.py", line 55, in inner
    response = get_response(request)
  File "C:\Users\kaler\AppData\Local\Programs\Python\Python39\lib\site-packages\django\core\handlers\base.py", line 197, in _get_response
    response = wrapped_callback(request, *callback_args, **callback_kwargs)
  File "C:\Users\kaler\AppData\Local\Programs\Python\Python39\lib\site-packages\django\views\decorators\csrf.py", line 56, in wrapper_view
    return view_func(*args, **kwargs)
  File "C:\Users\kaler\AppData\Local\Programs\Python\Python39\lib\site-packages\rest_framework\viewsets.py", line 125, in view
    return self.dispatch(request, *args, **kwargs)
  File "C:\Users\kaler\AppData\Local\Programs\Python\Python39\lib\site-packages\rest_framework\views.py", line 509, in dispatch
    response = self.handle_exception(exc)
  File "C:\Users\kaler\AppData\Local\Programs\Python\Python39\lib\site-packages\rest_framework\views.py", line 469, in handle_exception
    self.raise_uncaught_exception(exc)
  File "C:\Users\kaler\AppData\Local\Programs\Python\Python39\lib\site-packages\rest_framework\views.py", line 480, in raise_uncaught_exception
    raise exc
  File "C:\Users\kaler\AppData\Local\Programs\Python\Python39\lib\site-packages\rest_framework\views.py", line 506, in dispatch
    response = handler(request, *args, **kwargs)
  File "C:\Users\kaler\AppData\Local\Programs\Python\Python39\lib\site-packages\rest_framework\mixins.py", line 91, in destroy
    self.perform_destroy(instance)
  File "C:\Users\kaler\AppData\Local\Programs\Python\Python39\lib\site-packages\rest_framework\mixins.py", line 95, in perform_destroy
    instance.delete()
AttributeError: 'dict' object has no attribute 'delete'
ERROR 2025-04-25 18:37:00,497 log 13300 14096 Internal Server Error: /api/transcripts/6806e24d04cbda6f4dedae9d/
Traceback (most recent call last):
  File "C:\Users\kaler\AppData\Local\Programs\Python\Python39\lib\site-packages\django\core\handlers\exception.py", line 55, in inner
    response = get_response(request)
  File "C:\Users\kaler\AppData\Local\Programs\Python\Python39\lib\site-packages\django\core\handlers\base.py", line 197, in _get_response
    response = wrapped_callback(request, *callback_args, **callback_kwargs)
  File "C:\Users\kaler\AppData\Local\Programs\Python\Python39\lib\site-packages\django\views\decorators\csrf.py", line 56, in wrapper_view
    return view_func(*args, **kwargs)
  File "C:\Users\kaler\AppData\Local\Programs\Python\Python39\lib\site-packages\rest_framework\viewsets.py", line 125, in view
    return self.dispatch(request, *args, **kwargs)
  File "C:\Users\kaler\AppData\Local\Programs\Python\Python39\lib\site-packages\rest_framework\views.py", line 509, in dispatch
    response = self.handle_exception(exc)
  File "C:\Users\kaler\AppData\Local\Programs\Python\Python39\lib\site-packages\rest_framework\views.py", line 469, in handle_exception
    self.raise_uncaught_exception(exc)
  File "C:\Users\kaler\AppData\Local\Programs\Python\Python39\lib\site-packages\rest_framework\views.py", line 480, in raise_uncaught_exception
    raise exc
  File "C:\Users\kaler\AppData\Local\Programs\Python\Python39\lib\site-packages\rest_framework\views.py", line 506, in dispatch
    response = handler(request, *args, **kwargs)
  File "C:\Users\kaler\AppData\Local\Programs\Python\Python39\lib\site-packages\rest_framework\mixins.py", line 91, in destroy
    self.perform_destroy(instance)
  File "C:\Users\kaler\AppData\Local\Programs\Python\Python39\lib\site-packages\rest_framework\mixins.py", line 95, in perform_destroy
    instance.delete()
AttributeError: 'dict' object has no attribute 'delete'
ERROR 2025-04-25 18:37:19,320 log 13300 12156 Internal Server Error: /api/transcripts/6806e24d04cbda6f4dedae9d/
Traceback (most recent call last):
  File "C:\Users\kaler\AppData\Local\Programs\Python\Python39\lib\site-packages\django\core\handlers\exception.py", line 55, in inner
    response = get_response(request)
  File "C:\Users\kaler\AppData\Local\Programs\Python\Python39\lib\site-packages\django\core\handlers\base.py", line 197, in _get_response
    response = wrapped_callback(request, *callback_args, **callback_kwargs)
  File "C:\Users\kaler\AppData\Local\Programs\Python\Python39\lib\site-packages\django\views\decorators\csrf.py", line 56, in wrapper_view
    return view_func(*args, **kwargs)
  File "C:\Users\kaler\AppData\Local\Programs\Python\Python39\lib\site-packages\rest_framework\viewsets.py", line 125, in view
    return self.dispatch(request, *args, **kwargs)
  File "C:\Users\kaler\AppData\Local\Programs\Python\Python39\lib\site-packages\rest_framework\views.py", line 509, in dispatch
    response = self.handle_exception(exc)
  File "C:\Users\kaler\AppData\Local\Programs\Python\Python39\lib\site-packages\rest_framework\views.py", line 469, in handle_exception
    self.raise_uncaught_exception(exc)
  File "C:\Users\kaler\AppData\Local\Programs\Python\Python39\lib\site-packages\rest_framework\views.py", line 480, in raise_uncaught_exception
    raise exc
  File "C:\Users\kaler\AppData\Local\Programs\Python\Python39\lib\site-packages\rest_framework\views.py", line 506, in dispatch
    response = handler(request, *args, **kwargs)
  File "C:\Users\kaler\AppData\Local\Programs\Python\Python39\lib\site-packages\rest_framework\mixins.py", line 91, in destroy
    self.perform_destroy(instance)
  File "C:\Users\kaler\AppData\Local\Programs\Python\Python39\lib\site-packages\rest_framework\mixins.py", line 95, in perform_destroy
    instance.delete()
AttributeError: 'dict' object has no attribute 'delete'
INFO 2025-04-25 18:47:50,557 autoreload 13300 19776 C:\Users\kaler\Desktop\Hindi-New-Feature\hindi-learning-assistant\backend\api\views.py changed, reloading.
INFO 2025-04-25 18:47:53,711 autoreload 3668 14256 Watching for file changes with StatReloader
INFO 2025-04-25 18:58:09,107 autoreload 3668 14256 C:\Users\kaler\Desktop\Hindi-New-Feature\hindi-learning-assistant\backend\api\serializers.py changed, reloading.
INFO 2025-04-25 18:58:11,561 autoreload 9180 3252 Watching for file changes with StatReloader
INFO 2025-04-25 18:58:24,877 autoreload 9180 3252 C:\Users\kaler\Desktop\Hindi-New-Feature\hindi-learning-assistant\backend\api\views.py changed, reloading.
INFO 2025-04-25 18:58:28,342 autoreload 13712 17968 Watching for file changes with StatReloader
INFO 2025-04-25 18:58:35,070 autoreload 13712 17968 C:\Users\kaler\Desktop\Hindi-New-Feature\hindi-learning-assistant\backend\api\services\mongo_service.py changed, reloading.
INFO 2025-04-25 18:58:37,662 autoreload 13268 5260 Watching for file changes with StatReloader
INFO 2025-04-25 18:58:44,977 autoreload 13268 5260 C:\Users\kaler\Desktop\Hindi-New-Feature\hindi-learning-assistant\backend\api\serializers.py changed, reloading.
INFO 2025-04-25 18:58:47,184 autoreload 18708 17792 Watching for file changes with StatReloader
INFO 2025-04-25 18:59:31,362 autoreload 18708 17792 C:\Users\kaler\Desktop\Hindi-New-Feature\hindi-learning-assistant\backend\api\views.py changed, reloading.
INFO 2025-04-25 18:59:33,456 autoreload 18468 15312 Watching for file changes with StatReloader
INFO 2025-04-25 19:01:50,608 autoreload 18468 15312 C:\Users\kaler\Desktop\Hindi-New-Feature\hindi-learning-assistant\backend\api\views.py changed, reloading.
INFO 2025-04-25 19:01:52,951 autoreload 17872 8916 Watching for file changes with StatReloader
INFO 2025-04-25 19:04:39,060 autoreload 17872 8916 C:\Users\kaler\Desktop\Hindi-New-Feature\hindi-learning-assistant\backend\api\views.py changed, reloading.
INFO 2025-04-25 19:04:46,021 autoreload 7316 14316 Watching for file changes with StatReloader
INFO 2025-04-25 19:08:02,939 autoreload 7316 14316 C:\Users\kaler\Desktop\Hindi-New-Feature\hindi-learning-assistant\backend\qa_engine\prompts.py changed, reloading.
INFO 2025-04-25 19:08:05,447 autoreload 17860 8984 Watching for file changes with StatReloader
INFO 2025-04-25 19:08:16,473 autoreload 17860 8984 C:\Users\kaler\Desktop\Hindi-New-Feature\hindi-learning-assistant\backend\qa_engine\prompts.py changed, reloading.
INFO 2025-04-25 19:08:18,929 autoreload 13592 13572 Watching for file changes with StatReloader
INFO 2025-04-25 19:08:51,265 autoreload 13592 13572 C:\Users\kaler\Desktop\Hindi-New-Feature\hindi-learning-assistant\backend\api\services\mongo_service.py changed, reloading.
INFO 2025-04-25 19:08:58,390 autoreload 2076 11360 Watching for file changes with StatReloader
INFO 2025-04-25 19:09:36,452 autoreload 2076 11360 C:\Users\kaler\Desktop\Hindi-New-Feature\hindi-learning-assistant\backend\qa_engine\prompts.py changed, reloading.
INFO 2025-04-25 19:09:38,947 autoreload 8272 17544 Watching for file changes with StatReloader
INFO 2025-04-25 19:10:02,600 autoreload 8272 17544 C:\Users\kaler\Desktop\Hindi-New-Feature\hindi-learning-assistant\backend\qa_engine\qa_model.py changed, reloading.
INFO 2025-04-25 19:10:05,434 autoreload 4564 5248 Watching for file changes with StatReloader
INFO 2025-04-25 19:10:20,093 autoreload 4564 5248 C:\Users\kaler\Desktop\Hindi-New-Feature\hindi-learning-assistant\backend\api\views.py changed, reloading.
INFO 2025-04-25 19:10:22,447 autoreload 16216 10220 Watching for file changes with StatReloader
INFO 2025-04-25 19:14:10,483 _client 16216 18460 HTTP Request: POST https://api.deepseek.com/v1/chat/completions "HTTP/1.1 200 OK"
INFO 2025-04-25 19:20:18,208 autoreload 9660 15644 Watching for file changes with StatReloader
INFO 2025-04-25 19:21:25,989 autoreload 9660 15644 C:\Users\kaler\Desktop\Hindi-New-Feature\hindi-learning-assistant\backend\api\views.py changed, reloading.
INFO 2025-04-25 19:21:29,716 autoreload 19584 15472 Watching for file changes with StatReloader
INFO 2025-04-25 19:22:48,479 views 19584 2052 Starting transcript creation process
INFO 2025-04-25 19:22:48,481 views 19584 2052 Received video URL: LGB0e1CWN_I
INFO 2025-04-25 19:22:48,483 views 19584 2052 Attempting to extract video ID
INFO 2025-04-25 19:22:48,487 youtube_utils 19584 2052 Attempting to extract video ID from URL: LGB0e1CWN_I
INFO 2025-04-25 19:22:48,490 youtube_utils 19584 2052 Successfully extracted video ID: LGB0e1CWN_I
INFO 2025-04-25 19:22:48,491 views 19584 2052 Extracted video ID: LGB0e1CWN_I
INFO 2025-04-25 19:22:48,492 views 19584 2052 Checking for existing transcript for user 6806e1f104cbda6f4dedae9c and video LGB0e1CWN_I
INFO 2025-04-25 19:22:48,885 views 19584 2052 Attempting to fetch transcript from YouTube
INFO 2025-04-25 19:22:48,890 youtube_utils 19584 2052 Attempting to fetch transcripts for video ID: LGB0e1CWN_I
INFO 2025-04-25 19:22:48,892 youtube_utils 19584 2052 Attempting to fetch transcripts for video ID: LGB0e1CWN_I
INFO 2025-04-25 19:22:49,579 youtube_utils 19584 2052 Available languages: ['hi']
INFO 2025-04-25 19:22:49,581 youtube_utils 19584 2052 Found Hindi transcript
INFO 2025-04-25 19:22:49,666 youtube_utils 19584 2052 Successfully fetched hi transcript with 287 entries
INFO 2025-04-25 19:22:49,668 views 19584 2052 Successfully fetched transcript in hi
INFO 2025-04-25 19:22:49,670 youtube_utils 19584 2052 Formatting transcript with 287 entries
INFO 2025-04-25 19:22:49,671 youtube_utils 19584 2052 Formatted transcript length: 10511 characters
INFO 2025-04-25 19:22:49,673 views 19584 2052 Formatted transcript length: 10511
INFO 2025-04-25 19:22:49,674 views 19584 2052 Processing transcript with DeepSeek
ERROR 2025-04-25 19:22:49,675 views 19584 2052 Unexpected error in transcript creation: name 'qa_model' is not defined
ERROR 2025-04-25 19:22:49,679 views 19584 2052 Full traceback: Traceback (most recent call last):
  File "C:\Users\kaler\Desktop\Hindi-New-Feature\hindi-learning-assistant\backend\api\views.py", line 254, in create_from_video
    processed_data = qa_model.process_transcript(formatted_transcript)
NameError: name 'qa_model' is not defined

ERROR 2025-04-25 19:22:49,682 log 19584 2052 Internal Server Error: /api/transcripts/create-from-video/
INFO 2025-04-25 19:23:19,581 views 19584 4544 Starting transcript creation process
INFO 2025-04-25 19:23:19,583 views 19584 4544 Received video URL: l0W5NzqXS_8
INFO 2025-04-25 19:23:19,584 views 19584 4544 Attempting to extract video ID
INFO 2025-04-25 19:23:19,584 youtube_utils 19584 4544 Attempting to extract video ID from URL: l0W5NzqXS_8
INFO 2025-04-25 19:23:19,585 youtube_utils 19584 4544 Successfully extracted video ID: l0W5NzqXS_8
INFO 2025-04-25 19:23:19,587 views 19584 4544 Extracted video ID: l0W5NzqXS_8
INFO 2025-04-25 19:23:19,587 views 19584 4544 Checking for existing transcript for user 6806e1f104cbda6f4dedae9c and video l0W5NzqXS_8
INFO 2025-04-25 19:23:19,747 views 19584 4544 Attempting to fetch transcript from YouTube
INFO 2025-04-25 19:23:19,750 youtube_utils 19584 4544 Attempting to fetch transcripts for video ID: l0W5NzqXS_8
INFO 2025-04-25 19:23:19,753 youtube_utils 19584 4544 Attempting to fetch transcripts for video ID: l0W5NzqXS_8
INFO 2025-04-25 19:23:20,620 youtube_utils 19584 4544 Available languages: ['hi']
INFO 2025-04-25 19:23:20,621 youtube_utils 19584 4544 Found Hindi transcript
INFO 2025-04-25 19:23:20,800 youtube_utils 19584 4544 Successfully fetched hi transcript with 423 entries
INFO 2025-04-25 19:23:20,802 views 19584 4544 Successfully fetched transcript in hi
INFO 2025-04-25 19:23:20,804 youtube_utils 19584 4544 Formatting transcript with 423 entries
INFO 2025-04-25 19:23:20,806 youtube_utils 19584 4544 Formatted transcript length: 14386 characters
INFO 2025-04-25 19:23:20,808 views 19584 4544 Formatted transcript length: 14386
INFO 2025-04-25 19:23:20,809 views 19584 4544 Processing transcript with DeepSeek
ERROR 2025-04-25 19:23:20,811 views 19584 4544 Unexpected error in transcript creation: name 'qa_model' is not defined
ERROR 2025-04-25 19:23:20,813 views 19584 4544 Full traceback: Traceback (most recent call last):
  File "C:\Users\kaler\Desktop\Hindi-New-Feature\hindi-learning-assistant\backend\api\views.py", line 254, in create_from_video
    processed_data = qa_model.process_transcript(formatted_transcript)
NameError: name 'qa_model' is not defined

ERROR 2025-04-25 19:23:20,820 log 19584 4544 Internal Server Error: /api/transcripts/create-from-video/
INFO 2025-04-25 19:23:30,760 views 19584 18480 Starting transcript creation process
INFO 2025-04-25 19:23:30,762 views 19584 18480 Received video URL: l0W5NzqXS_8
INFO 2025-04-25 19:23:30,764 views 19584 18480 Attempting to extract video ID
INFO 2025-04-25 19:23:30,765 youtube_utils 19584 18480 Attempting to extract video ID from URL: l0W5NzqXS_8
INFO 2025-04-25 19:23:30,767 youtube_utils 19584 18480 Successfully extracted video ID: l0W5NzqXS_8
INFO 2025-04-25 19:23:30,768 views 19584 18480 Extracted video ID: l0W5NzqXS_8
INFO 2025-04-25 19:23:30,769 views 19584 18480 Checking for existing transcript for user 6806e1f104cbda6f4dedae9c and video l0W5NzqXS_8
INFO 2025-04-25 19:23:30,834 views 19584 18480 Found transcript in cache
INFO 2025-04-25 19:23:30,835 youtube_utils 19584 18480 Formatting transcript with 423 entries
INFO 2025-04-25 19:23:30,837 youtube_utils 19584 18480 Formatted transcript length: 14386 characters
INFO 2025-04-25 19:23:30,838 views 19584 18480 Formatted transcript length: 14386
INFO 2025-04-25 19:23:30,839 views 19584 18480 Processing transcript with DeepSeek
ERROR 2025-04-25 19:23:30,840 views 19584 18480 Unexpected error in transcript creation: name 'qa_model' is not defined
ERROR 2025-04-25 19:23:30,843 views 19584 18480 Full traceback: Traceback (most recent call last):
  File "C:\Users\kaler\Desktop\Hindi-New-Feature\hindi-learning-assistant\backend\api\views.py", line 254, in create_from_video
    processed_data = qa_model.process_transcript(formatted_transcript)
NameError: name 'qa_model' is not defined

ERROR 2025-04-25 19:23:30,849 log 19584 18480 Internal Server Error: /api/transcripts/create-from-video/
INFO 2025-04-25 19:24:33,912 autoreload 19584 15472 C:\Users\kaler\Desktop\Hindi-New-Feature\hindi-learning-assistant\backend\api\views.py changed, reloading.
INFO 2025-04-25 19:24:37,033 autoreload 11576 4340 Watching for file changes with StatReloader
INFO 2025-04-25 19:24:54,387 autoreload 11576 4340 C:\Users\kaler\Desktop\Hindi-New-Feature\hindi-learning-assistant\backend\api\views.py changed, reloading.
INFO 2025-04-25 19:24:56,850 autoreload 9736 8284 Watching for file changes with StatReloader
INFO 2025-04-25 19:25:15,275 autoreload 9736 8284 C:\Users\kaler\Desktop\Hindi-New-Feature\hindi-learning-assistant\backend\api\views.py changed, reloading.
INFO 2025-04-25 19:25:17,363 autoreload 13836 19816 Watching for file changes with StatReloader
INFO 2025-04-25 19:25:45,117 views 13836 16772 Starting transcript creation process
INFO 2025-04-25 19:25:45,118 views 13836 16772 Received video URL: l0W5NzqXS_8
INFO 2025-04-25 19:25:45,119 views 13836 16772 Attempting to extract video ID
INFO 2025-04-25 19:25:45,120 youtube_utils 13836 16772 Attempting to extract video ID from URL: l0W5NzqXS_8
INFO 2025-04-25 19:25:45,123 youtube_utils 13836 16772 Successfully extracted video ID: l0W5NzqXS_8
INFO 2025-04-25 19:25:45,125 views 13836 16772 Extracted video ID: l0W5NzqXS_8
INFO 2025-04-25 19:25:45,126 views 13836 16772 Checking for existing transcript for user 6806e1f104cbda6f4dedae9c and video l0W5NzqXS_8
INFO 2025-04-25 19:25:45,275 views 13836 16772 Attempting to fetch transcript from YouTube
INFO 2025-04-25 19:25:45,278 youtube_utils 13836 16772 Attempting to fetch transcripts for video ID: l0W5NzqXS_8
INFO 2025-04-25 19:25:45,280 youtube_utils 13836 16772 Attempting to fetch transcripts for video ID: l0W5NzqXS_8
INFO 2025-04-25 19:25:46,438 youtube_utils 13836 16772 Available languages: ['hi']
INFO 2025-04-25 19:25:46,444 youtube_utils 13836 16772 Found Hindi transcript
INFO 2025-04-25 19:25:46,619 youtube_utils 13836 16772 Successfully fetched hi transcript with 423 entries
INFO 2025-04-25 19:25:46,621 views 13836 16772 Successfully fetched transcript in hi
INFO 2025-04-25 19:25:46,623 youtube_utils 13836 16772 Formatting transcript with 423 entries
INFO 2025-04-25 19:25:46,627 youtube_utils 13836 16772 Formatted transcript length: 14386 characters
INFO 2025-04-25 19:25:46,628 views 13836 16772 Formatted transcript length: 14386
INFO 2025-04-25 19:25:46,630 views 13836 16772 Processing transcript with DeepSeek
ERROR 2025-04-25 19:25:46,687 views 13836 16772 Failed to process transcript with DeepSeek: Failed to process transcript: name 'transcript_system' is not defined
ERROR 2025-04-25 19:25:47,045 views 13836 16772 ValueError in transcript creation: Failed to process transcript with DeepSeek
WARNING 2025-04-25 19:25:47,048 log 13836 16772 Bad Request: /api/transcripts/create-from-video/
INFO 2025-04-25 19:26:43,034 autoreload 13836 19816 C:\Users\kaler\Desktop\Hindi-New-Feature\hindi-learning-assistant\backend\qa_engine\qa_model.py changed, reloading.
INFO 2025-04-25 19:26:46,434 autoreload 17968 6276 Watching for file changes with StatReloader
INFO 2025-04-25 19:27:04,018 autoreload 17968 6276 C:\Users\kaler\Desktop\Hindi-New-Feature\hindi-learning-assistant\backend\qa_engine\qa_model.py changed, reloading.
INFO 2025-04-25 19:27:06,370 autoreload 4708 4176 Watching for file changes with StatReloader
INFO 2025-04-25 19:30:37,765 autoreload 4708 4176 C:\Users\kaler\Desktop\Hindi-New-Feature\hindi-learning-assistant\backend\qa_engine\qa_model.py changed, reloading.
INFO 2025-04-25 19:30:40,085 autoreload 2108 12280 Watching for file changes with StatReloader
INFO 2025-04-25 19:31:42,805 views 2108 17048 Starting transcript creation process
INFO 2025-04-25 19:31:42,809 views 2108 17048 Received video URL: l0W5NzqXS_8
INFO 2025-04-25 19:31:42,810 views 2108 17048 Attempting to extract video ID
INFO 2025-04-25 19:31:42,810 youtube_utils 2108 17048 Attempting to extract video ID from URL: l0W5NzqXS_8
INFO 2025-04-25 19:31:42,812 youtube_utils 2108 17048 Successfully extracted video ID: l0W5NzqXS_8
INFO 2025-04-25 19:31:42,814 views 2108 17048 Extracted video ID: l0W5NzqXS_8
INFO 2025-04-25 19:31:42,815 views 2108 17048 Checking for existing transcript for user 6806e1f104cbda6f4dedae9c and video l0W5NzqXS_8
INFO 2025-04-25 19:31:42,877 views 2108 17048 Attempting to fetch transcript from YouTube
INFO 2025-04-25 19:31:42,895 youtube_utils 2108 17048 Attempting to fetch transcripts for video ID: l0W5NzqXS_8
INFO 2025-04-25 19:31:42,897 youtube_utils 2108 17048 Attempting to fetch transcripts for video ID: l0W5NzqXS_8
INFO 2025-04-25 19:31:43,726 youtube_utils 2108 17048 Available languages: ['hi']
INFO 2025-04-25 19:31:43,727 youtube_utils 2108 17048 Found Hindi transcript
INFO 2025-04-25 19:31:43,893 youtube_utils 2108 17048 Successfully fetched hi transcript with 423 entries
INFO 2025-04-25 19:31:43,898 views 2108 17048 Successfully fetched transcript in hi
INFO 2025-04-25 19:31:43,901 youtube_utils 2108 17048 Formatting transcript with 423 entries
INFO 2025-04-25 19:31:43,903 youtube_utils 2108 17048 Formatted transcript length: 14386 characters
INFO 2025-04-25 19:31:43,913 views 2108 17048 Formatted transcript length: 14386
INFO 2025-04-25 19:31:43,914 views 2108 17048 Processing transcript with DeepSeek
INFO 2025-04-25 19:31:44,798 _client 2108 17048 HTTP Request: POST https://api.deepseek.com/v1/chat/completions "HTTP/1.1 200 OK"
ERROR 2025-04-25 19:34:42,188 views 2108 17048 Failed to process transcript with DeepSeek: Failed to process transcript: No valid JSON found in response
ERROR 2025-04-25 19:34:42,268 views 2108 17048 ValueError in transcript creation: Failed to process transcript with DeepSeek
WARNING 2025-04-25 19:34:42,270 log 2108 17048 Bad Request: /api/transcripts/create-from-video/
INFO 2025-04-25 19:36:44,618 autoreload 2108 12280 C:\Users\kaler\Desktop\Hindi-New-Feature\hindi-learning-assistant\backend\qa_engine\prompts.py changed, reloading.
INFO 2025-04-25 19:36:47,286 autoreload 15900 5732 Watching for file changes with StatReloader
INFO 2025-04-25 19:37:02,869 autoreload 15900 5732 C:\Users\kaler\Desktop\Hindi-New-Feature\hindi-learning-assistant\backend\qa_engine\qa_model.py changed, reloading.
INFO 2025-04-25 19:37:05,411 autoreload 1668 16252 Watching for file changes with StatReloader
WARNING 2025-04-25 19:43:03,113 log 1668 12124 Unauthorized: /api/transcripts/
WARNING 2025-04-25 19:43:03,125 log 1668 12124 Unauthorized: /api/transcripts/
WARNING 2025-04-25 19:43:03,225 log 1668 12124 Unauthorized: /api/auth/refresh/
WARNING 2025-04-25 19:43:03,249 log 1668 12124 Unauthorized: /api/auth/refresh/
INFO 2025-04-25 19:43:26,628 views 1668 16076 Starting transcript creation process
INFO 2025-04-25 19:43:26,630 views 1668 16076 Received video URL: l0W5NzqXS_8
INFO 2025-04-25 19:43:26,631 views 1668 16076 Attempting to extract video ID
INFO 2025-04-25 19:43:26,632 youtube_utils 1668 16076 Attempting to extract video ID from URL: l0W5NzqXS_8
INFO 2025-04-25 19:43:26,634 youtube_utils 1668 16076 Successfully extracted video ID: l0W5NzqXS_8
INFO 2025-04-25 19:43:26,637 views 1668 16076 Extracted video ID: l0W5NzqXS_8
INFO 2025-04-25 19:43:26,638 views 1668 16076 Checking for existing transcript for user 6806e1f104cbda6f4dedae9c and video l0W5NzqXS_8
INFO 2025-04-25 19:43:26,700 views 1668 16076 Attempting to fetch transcript from YouTube
INFO 2025-04-25 19:43:26,702 youtube_utils 1668 16076 Attempting to fetch transcripts for video ID: l0W5NzqXS_8
INFO 2025-04-25 19:43:26,744 youtube_utils 1668 16076 Attempting to fetch transcripts for video ID: l0W5NzqXS_8
INFO 2025-04-25 19:43:27,684 youtube_utils 1668 16076 Available languages: ['hi']
INFO 2025-04-25 19:43:27,689 youtube_utils 1668 16076 Found Hindi transcript
INFO 2025-04-25 19:43:27,863 youtube_utils 1668 16076 Successfully fetched hi transcript with 423 entries
INFO 2025-04-25 19:43:27,865 views 1668 16076 Successfully fetched transcript in hi
INFO 2025-04-25 19:43:27,867 youtube_utils 1668 16076 Formatting transcript with 423 entries
INFO 2025-04-25 19:43:27,871 youtube_utils 1668 16076 Formatted transcript length: 14386 characters
INFO 2025-04-25 19:43:27,873 views 1668 16076 Formatted transcript length: 14386
INFO 2025-04-25 19:43:27,875 views 1668 16076 Processing transcript with DeepSeek
ERROR 2025-04-25 19:43:27,877 qa_model 1668 16076 Error processing transcript: _query_model() got an unexpected keyword argument 'system_prompt'
ERROR 2025-04-25 19:43:27,879 views 1668 16076 Failed to process transcript with DeepSeek: _query_model() got an unexpected keyword argument 'system_prompt'
ERROR 2025-04-25 19:43:28,051 views 1668 16076 ValueError in transcript creation: Failed to process transcript with DeepSeek
WARNING 2025-04-25 19:43:28,056 log 1668 16076 Bad Request: /api/transcripts/create-from-video/
INFO 2025-04-25 19:44:26,816 autoreload 1668 16252 C:\Users\kaler\Desktop\Hindi-New-Feature\hindi-learning-assistant\backend\qa_engine\qa_model.py changed, reloading.
INFO 2025-04-25 19:44:29,772 autoreload 17072 16236 Watching for file changes with StatReloader
INFO 2025-04-25 19:45:07,620 views 17072 3908 Starting transcript creation process
INFO 2025-04-25 19:45:07,622 views 17072 3908 Received video URL: l0W5NzqXS_8
INFO 2025-04-25 19:45:07,623 views 17072 3908 Attempting to extract video ID
INFO 2025-04-25 19:45:07,624 youtube_utils 17072 3908 Attempting to extract video ID from URL: l0W5NzqXS_8
INFO 2025-04-25 19:45:07,626 youtube_utils 17072 3908 Successfully extracted video ID: l0W5NzqXS_8
INFO 2025-04-25 19:45:07,627 views 17072 3908 Extracted video ID: l0W5NzqXS_8
INFO 2025-04-25 19:45:07,628 views 17072 3908 Checking for existing transcript for user 6806e1f104cbda6f4dedae9c and video l0W5NzqXS_8
INFO 2025-04-25 19:45:07,793 views 17072 3908 Attempting to fetch transcript from YouTube
INFO 2025-04-25 19:45:07,795 youtube_utils 17072 3908 Attempting to fetch transcripts for video ID: l0W5NzqXS_8
INFO 2025-04-25 19:45:07,796 youtube_utils 17072 3908 Attempting to fetch transcripts for video ID: l0W5NzqXS_8
INFO 2025-04-25 19:45:08,748 youtube_utils 17072 3908 Available languages: ['hi']
INFO 2025-04-25 19:45:08,749 youtube_utils 17072 3908 Found Hindi transcript
INFO 2025-04-25 19:45:08,929 youtube_utils 17072 3908 Successfully fetched hi transcript with 423 entries
INFO 2025-04-25 19:45:08,931 views 17072 3908 Successfully fetched transcript in hi
INFO 2025-04-25 19:45:08,933 youtube_utils 17072 3908 Formatting transcript with 423 entries
INFO 2025-04-25 19:45:08,934 youtube_utils 17072 3908 Formatted transcript length: 14386 characters
INFO 2025-04-25 19:45:08,935 views 17072 3908 Formatted transcript length: 14386
INFO 2025-04-25 19:45:08,939 views 17072 3908 Processing transcript with DeepSeek
INFO 2025-04-25 19:45:10,151 _client 17072 3908 HTTP Request: POST https://api.deepseek.com/v1/chat/completions "HTTP/1.1 200 OK"
INFO 2025-04-25 19:45:11,887 autoreload 17072 16236 C:\Users\kaler\Desktop\Hindi-New-Feature\hindi-learning-assistant\backend\qa_engine\qa_model.py changed, reloading.
INFO 2025-04-25 19:45:14,272 autoreload 5528 3372 Watching for file changes with StatReloader
INFO 2025-04-25 19:45:26,531 views 5528 1952 Starting transcript creation process
INFO 2025-04-25 19:45:26,532 views 5528 1952 Received video URL: l0W5NzqXS_8
INFO 2025-04-25 19:45:26,533 views 5528 1952 Attempting to extract video ID
INFO 2025-04-25 19:45:26,534 youtube_utils 5528 1952 Attempting to extract video ID from URL: l0W5NzqXS_8
INFO 2025-04-25 19:45:26,538 youtube_utils 5528 1952 Successfully extracted video ID: l0W5NzqXS_8
INFO 2025-04-25 19:45:26,539 views 5528 1952 Extracted video ID: l0W5NzqXS_8
INFO 2025-04-25 19:45:26,540 views 5528 1952 Checking for existing transcript for user 6806e1f104cbda6f4dedae9c and video l0W5NzqXS_8
INFO 2025-04-25 19:45:26,634 views 5528 1952 Attempting to fetch transcript from YouTube
INFO 2025-04-25 19:45:26,637 youtube_utils 5528 1952 Attempting to fetch transcripts for video ID: l0W5NzqXS_8
INFO 2025-04-25 19:45:26,638 youtube_utils 5528 1952 Attempting to fetch transcripts for video ID: l0W5NzqXS_8
INFO 2025-04-25 19:45:27,538 youtube_utils 5528 1952 Available languages: ['hi']
INFO 2025-04-25 19:45:27,539 youtube_utils 5528 1952 Found Hindi transcript
INFO 2025-04-25 19:45:27,666 youtube_utils 5528 1952 Successfully fetched hi transcript with 423 entries
INFO 2025-04-25 19:45:27,669 views 5528 1952 Successfully fetched transcript in hi
INFO 2025-04-25 19:45:27,672 youtube_utils 5528 1952 Formatting transcript with 423 entries
INFO 2025-04-25 19:45:27,674 youtube_utils 5528 1952 Formatted transcript length: 14386 characters
INFO 2025-04-25 19:45:27,675 views 5528 1952 Formatted transcript length: 14386
INFO 2025-04-25 19:45:27,676 views 5528 1952 Processing transcript with DeepSeek
INFO 2025-04-25 19:45:28,273 _client 5528 1952 HTTP Request: POST https://api.deepseek.com/v1/chat/completions "HTTP/1.1 200 OK"
ERROR 2025-04-25 19:48:23,141 qa_model 5528 1952 Error processing transcript: Model returned invalid JSON format
ERROR 2025-04-25 19:48:23,186 views 5528 1952 Failed to process transcript with DeepSeek: Failed to process transcript: Model returned invalid JSON format
ERROR 2025-04-25 19:48:23,236 views 5528 1952 ValueError in transcript creation: Failed to process transcript with DeepSeek
WARNING 2025-04-25 19:48:23,238 log 5528 1952 Bad Request: /api/transcripts/create-from-video/
INFO 2025-04-25 19:50:06,058 autoreload 5528 3372 C:\Users\kaler\Desktop\Hindi-New-Feature\hindi-learning-assistant\backend\qa_engine\qa_model.py changed, reloading.
INFO 2025-04-25 19:50:08,503 autoreload 20308 10572 Watching for file changes with StatReloader
INFO 2025-04-25 19:50:22,455 autoreload 20308 10572 C:\Users\kaler\Desktop\Hindi-New-Feature\hindi-learning-assistant\backend\qa_engine\qa_model.py changed, reloading.
INFO 2025-04-25 19:50:24,313 autoreload 9796 10660 Watching for file changes with StatReloader
INFO 2025-04-25 19:50:33,924 views 9796 9660 Starting transcript creation process
INFO 2025-04-25 19:50:33,927 views 9796 9660 Received video URL: l0W5NzqXS_8
INFO 2025-04-25 19:50:33,927 views 9796 9660 Attempting to extract video ID
INFO 2025-04-25 19:50:33,928 youtube_utils 9796 9660 Attempting to extract video ID from URL: l0W5NzqXS_8
INFO 2025-04-25 19:50:33,930 youtube_utils 9796 9660 Successfully extracted video ID: l0W5NzqXS_8
INFO 2025-04-25 19:50:33,930 views 9796 9660 Extracted video ID: l0W5NzqXS_8
INFO 2025-04-25 19:50:33,932 views 9796 9660 Checking for existing transcript for user 6806e1f104cbda6f4dedae9c and video l0W5NzqXS_8
INFO 2025-04-25 19:50:33,992 views 9796 9660 Attempting to fetch transcript from YouTube
INFO 2025-04-25 19:50:33,994 youtube_utils 9796 9660 Attempting to fetch transcripts for video ID: l0W5NzqXS_8
INFO 2025-04-25 19:50:33,995 youtube_utils 9796 9660 Attempting to fetch transcripts for video ID: l0W5NzqXS_8
INFO 2025-04-25 19:50:35,027 youtube_utils 9796 9660 Available languages: ['hi']
INFO 2025-04-25 19:50:35,028 youtube_utils 9796 9660 Found Hindi transcript
INFO 2025-04-25 19:50:35,355 youtube_utils 9796 9660 Successfully fetched hi transcript with 423 entries
INFO 2025-04-25 19:50:35,358 views 9796 9660 Successfully fetched transcript in hi
INFO 2025-04-25 19:50:35,360 youtube_utils 9796 9660 Formatting transcript with 423 entries
INFO 2025-04-25 19:50:35,361 youtube_utils 9796 9660 Formatted transcript length: 14386 characters
INFO 2025-04-25 19:50:35,363 views 9796 9660 Formatted transcript length: 14386
INFO 2025-04-25 19:50:35,363 views 9796 9660 Processing transcript with DeepSeek
INFO 2025-04-25 19:50:35,939 _client 9796 9660 HTTP Request: POST https://api.deepseek.com/v1/chat/completions "HTTP/1.1 200 OK"
ERROR 2025-04-25 19:53:34,151 qa_model 9796 9660 Error processing transcript: Model returned invalid JSON format
ERROR 2025-04-25 19:53:34,211 views 9796 9660 Failed to process transcript with DeepSeek: Failed to process transcript: Model returned invalid JSON format
ERROR 2025-04-25 19:53:34,285 views 9796 9660 ValueError in transcript creation: Failed to process transcript with DeepSeek
WARNING 2025-04-25 19:53:34,288 log 9796 9660 Bad Request: /api/transcripts/create-from-video/
INFO 2025-04-25 19:56:54,987 autoreload 9796 10660 C:\Users\kaler\Desktop\Hindi-New-Feature\hindi-learning-assistant\backend\api\youtube_utils.py changed, reloading.
INFO 2025-04-25 19:56:57,444 autoreload 18456 19940 Watching for file changes with StatReloader
INFO 2025-04-25 19:57:20,356 autoreload 18456 19940 C:\Users\kaler\Desktop\Hindi-New-Feature\hindi-learning-assistant\backend\qa_engine\qa_model.py changed, reloading.
INFO 2025-04-25 19:57:22,986 autoreload 13116 19752 Watching for file changes with StatReloader
INFO 2025-04-25 19:58:12,848 views 13116 6240 Starting transcript creation process
INFO 2025-04-25 19:58:12,849 views 13116 6240 Received video URL: l0W5NzqXS_8
INFO 2025-04-25 19:58:12,850 views 13116 6240 Attempting to extract video ID
INFO 2025-04-25 19:58:12,851 youtube_utils 13116 6240 Attempting to extract video ID from URL: l0W5NzqXS_8
INFO 2025-04-25 19:58:12,854 youtube_utils 13116 6240 Successfully extracted video ID: l0W5NzqXS_8
INFO 2025-04-25 19:58:12,855 views 13116 6240 Extracted video ID: l0W5NzqXS_8
INFO 2025-04-25 19:58:12,857 views 13116 6240 Checking for existing transcript for user 6806e1f104cbda6f4dedae9c and video l0W5NzqXS_8
INFO 2025-04-25 19:58:12,920 views 13116 6240 Attempting to fetch transcript from YouTube
INFO 2025-04-25 19:58:12,921 youtube_utils 13116 6240 Attempting to fetch transcripts for video ID: l0W5NzqXS_8
INFO 2025-04-25 19:58:12,922 youtube_utils 13116 6240 Attempting to fetch transcripts for video ID: l0W5NzqXS_8
INFO 2025-04-25 19:58:13,616 youtube_utils 13116 6240 Available languages: ['hi']
INFO 2025-04-25 19:58:13,617 youtube_utils 13116 6240 Found Hindi transcript
INFO 2025-04-25 19:58:13,701 youtube_utils 13116 6240 Successfully fetched hi transcript with 423 entries
INFO 2025-04-25 19:58:13,703 views 13116 6240 Successfully fetched transcript in hi
INFO 2025-04-25 19:58:13,705 youtube_utils 13116 6240 Formatting transcript with 423 entries
INFO 2025-04-25 19:58:13,710 youtube_utils 13116 6240 Formatted transcript length: 14282 characters
INFO 2025-04-25 19:58:13,712 views 13116 6240 Formatted transcript length: 14282
INFO 2025-04-25 19:58:13,713 views 13116 6240 Processing transcript with DeepSeek
INFO 2025-04-25 19:58:13,715 qa_model 13116 6240 Processing transcript of length: 14282
INFO 2025-04-25 19:58:14,886 _client 13116 6240 HTTP Request: POST https://api.deepseek.com/v1/chat/completions "HTTP/1.1 200 OK"
INFO 2025-04-25 19:58:32,765 autoreload 13116 19752 C:\Users\kaler\Desktop\Hindi-New-Feature\hindi-learning-assistant\backend\qa_engine\prompts.py changed, reloading.
INFO 2025-04-25 19:58:35,338 autoreload 15284 17512 Watching for file changes with StatReloader
INFO 2025-04-25 19:59:01,390 autoreload 15284 17512 C:\Users\kaler\Desktop\Hindi-New-Feature\hindi-learning-assistant\backend\qa_engine\qa_model.py changed, reloading.
INFO 2025-04-25 19:59:04,078 autoreload 18588 19644 Watching for file changes with StatReloader
INFO 2025-04-25 19:59:23,418 autoreload 18588 19644 C:\Users\kaler\Desktop\Hindi-New-Feature\hindi-learning-assistant\backend\api\youtube_utils.py changed, reloading.
INFO 2025-04-25 19:59:25,857 autoreload 4376 5780 Watching for file changes with StatReloader
INFO 2025-04-25 20:00:37,857 autoreload 4376 5780 C:\Users\kaler\Desktop\Hindi-New-Feature\hindi-learning-assistant\backend\qa_engine\qa_model.py changed, reloading.
INFO 2025-04-25 20:00:40,010 autoreload 8884 14596 Watching for file changes with StatReloader
INFO 2025-04-25 20:00:47,971 views 8884 10076 Starting transcript creation process
INFO 2025-04-25 20:00:47,973 views 8884 10076 Received video URL: l0W5NzqXS_8
INFO 2025-04-25 20:00:47,974 views 8884 10076 Attempting to extract video ID
INFO 2025-04-25 20:00:47,975 youtube_utils 8884 10076 Attempting to extract video ID from URL: l0W5NzqXS_8
INFO 2025-04-25 20:00:47,977 youtube_utils 8884 10076 Successfully extracted video ID: l0W5NzqXS_8
INFO 2025-04-25 20:00:47,977 views 8884 10076 Extracted video ID: l0W5NzqXS_8
INFO 2025-04-25 20:00:47,978 views 8884 10076 Checking for existing transcript for user 6806e1f104cbda6f4dedae9c and video l0W5NzqXS_8
INFO 2025-04-25 20:00:48,110 views 8884 10076 Attempting to fetch transcript from YouTube
INFO 2025-04-25 20:00:48,112 youtube_utils 8884 10076 Attempting to fetch transcripts for video ID: l0W5NzqXS_8
INFO 2025-04-25 20:00:48,113 youtube_utils 8884 10076 Attempting to fetch transcripts for video ID: l0W5NzqXS_8
INFO 2025-04-25 20:00:49,056 youtube_utils 8884 10076 Available languages: ['hi']
INFO 2025-04-25 20:00:49,057 youtube_utils 8884 10076 Found Hindi transcript
INFO 2025-04-25 20:00:49,243 youtube_utils 8884 10076 Successfully fetched hi transcript with 423 entries
INFO 2025-04-25 20:00:49,246 views 8884 10076 Successfully fetched transcript in hi
INFO 2025-04-25 20:00:49,248 youtube_utils 8884 10076 Formatting transcript with 423 entries
INFO 2025-04-25 20:00:49,261 youtube_utils 8884 10076 Formatted transcript length: 14282 characters
INFO 2025-04-25 20:00:49,264 views 8884 10076 Formatted transcript length: 14282
INFO 2025-04-25 20:00:49,264 views 8884 10076 Processing transcript with DeepSeek
INFO 2025-04-25 20:00:49,266 qa_model 8884 10076 Processing transcript of length: 14282
INFO 2025-04-25 20:00:50,058 _client 8884 10076 HTTP Request: POST https://api.deepseek.com/v1/chat/completions "HTTP/1.1 200 OK"
ERROR 2025-04-25 20:03:47,241 qa_model 8884 10076 Failed to parse response as JSON. Raw response: 
ERROR 2025-04-25 20:03:47,244 qa_model 8884 10076 Error processing transcript: Model returned invalid JSON format. Please try again.
ERROR 2025-04-25 20:03:47,349 views 8884 10076 Failed to process transcript with DeepSeek: Failed to process transcript: Model returned invalid JSON format. Please try again.
ERROR 2025-04-25 20:03:47,423 views 8884 10076 ValueError in transcript creation: Failed to process transcript with DeepSeek
WARNING 2025-04-25 20:03:47,433 log 8884 10076 Bad Request: /api/transcripts/create-from-video/
INFO 2025-04-25 20:09:12,294 autoreload 8884 14596 C:\Users\kaler\Desktop\Hindi-New-Feature\hindi-learning-assistant\backend\qa_engine\qa_model.py changed, reloading.
INFO 2025-04-25 20:09:14,968 autoreload 4544 1660 Watching for file changes with StatReloader
INFO 2025-04-25 20:09:44,854 autoreload 4544 1660 C:\Users\kaler\Desktop\Hindi-New-Feature\hindi-learning-assistant\backend\qa_engine\qa_model.py changed, reloading.
INFO 2025-04-25 20:09:47,631 autoreload 18136 3892 Watching for file changes with StatReloader
INFO 2025-04-25 20:09:51,564 views 18136 18236 Starting transcript creation process
INFO 2025-04-25 20:09:51,564 views 18136 18236 Received video URL: l0W5NzqXS_8
INFO 2025-04-25 20:09:51,565 views 18136 18236 Attempting to extract video ID
INFO 2025-04-25 20:09:51,566 youtube_utils 18136 18236 Attempting to extract video ID from URL: l0W5NzqXS_8
INFO 2025-04-25 20:09:51,569 youtube_utils 18136 18236 Successfully extracted video ID: l0W5NzqXS_8
INFO 2025-04-25 20:09:51,570 views 18136 18236 Extracted video ID: l0W5NzqXS_8
INFO 2025-04-25 20:09:51,571 views 18136 18236 Checking for existing transcript for user 6806e1f104cbda6f4dedae9c and video l0W5NzqXS_8
INFO 2025-04-25 20:09:51,635 views 18136 18236 Attempting to fetch transcript from YouTube
INFO 2025-04-25 20:09:51,637 youtube_utils 18136 18236 Attempting to fetch transcripts for video ID: l0W5NzqXS_8
INFO 2025-04-25 20:09:51,638 youtube_utils 18136 18236 Attempting to fetch transcripts for video ID: l0W5NzqXS_8
INFO 2025-04-25 20:09:52,561 youtube_utils 18136 18236 Available languages: ['hi']
INFO 2025-04-25 20:09:52,563 youtube_utils 18136 18236 Found Hindi transcript
INFO 2025-04-25 20:09:52,671 youtube_utils 18136 18236 Successfully fetched hi transcript with 423 entries
INFO 2025-04-25 20:09:52,674 views 18136 18236 Successfully fetched transcript in hi
INFO 2025-04-25 20:09:52,675 youtube_utils 18136 18236 Formatting transcript with 423 entries
INFO 2025-04-25 20:09:52,695 youtube_utils 18136 18236 Formatted transcript length: 14282 characters
INFO 2025-04-25 20:09:52,698 views 18136 18236 Formatted transcript length: 14282
INFO 2025-04-25 20:09:52,699 views 18136 18236 Processing transcript with DeepSeek
INFO 2025-04-25 20:09:52,699 qa_model 18136 18236 Processing transcript of length: 14282
INFO 2025-04-25 20:09:53,396 _client 18136 18236 HTTP Request: POST https://api.deepseek.com/v1/chat/completions "HTTP/1.1 200 OK"
INFO 2025-04-25 20:12:48,417 qa_model 18136 18236 === RAW RESPONSE FROM DEEPSEEK ===
INFO 2025-04-25 20:12:48,504 qa_model 18136 18236 === END RAW RESPONSE ===
INFO 2025-04-25 20:12:48,506 qa_model 18136 18236 === EXTRACTED JSON ===
INFO 2025-04-25 20:12:48,506 qa_model 18136 18236 
INFO 2025-04-25 20:12:48,506 qa_model 18136 18236 === END EXTRACTED JSON ===
ERROR 2025-04-25 20:12:48,506 qa_model 18136 18236 Failed to parse response as JSON. Error: Expecting value: line 1 column 1 (char 0)
ERROR 2025-04-25 20:12:48,507 qa_model 18136 18236 Response text being parsed: 
ERROR 2025-04-25 20:12:48,507 qa_model 18136 18236 Error processing transcript: Model returned invalid JSON format: Expecting value: line 1 column 1 (char 0)
ERROR 2025-04-25 20:12:48,555 views 18136 18236 Failed to process transcript with DeepSeek: Failed to process transcript: Model returned invalid JSON format: Expecting value: line 1 column 1 (char 0)
ERROR 2025-04-25 20:12:48,597 views 18136 18236 ValueError in transcript creation: Failed to process transcript with DeepSeek
WARNING 2025-04-25 20:12:48,600 log 18136 18236 Bad Request: /api/transcripts/create-from-video/
INFO 2025-04-25 20:19:25,022 autoreload 18136 3892 C:\Users\kaler\Desktop\Hindi-New-Feature\hindi-learning-assistant\backend\qa_engine\qa_model.py changed, reloading.
INFO 2025-04-25 20:19:27,482 autoreload 20396 11776 Watching for file changes with StatReloader
INFO 2025-04-25 20:19:44,563 autoreload 20396 11776 C:\Users\kaler\Desktop\Hindi-New-Feature\hindi-learning-assistant\backend\qa_engine\prompts.py changed, reloading.
INFO 2025-04-25 20:19:46,575 autoreload 18612 10832 Watching for file changes with StatReloader
INFO 2025-04-25 20:20:14,397 autoreload 18612 10832 C:\Users\kaler\Desktop\Hindi-New-Feature\hindi-learning-assistant\backend\qa_engine\qa_model.py changed, reloading.
INFO 2025-04-25 20:20:15,915 autoreload 4004 15988 Watching for file changes with StatReloader
INFO 2025-04-25 20:20:33,648 views 4004 18600 Starting transcript creation process
INFO 2025-04-25 20:20:33,650 views 4004 18600 Received video URL: l0W5NzqXS_8
INFO 2025-04-25 20:20:33,651 views 4004 18600 Attempting to extract video ID
INFO 2025-04-25 20:20:33,652 youtube_utils 4004 18600 Attempting to extract video ID from URL: l0W5NzqXS_8
INFO 2025-04-25 20:20:33,654 youtube_utils 4004 18600 Successfully extracted video ID: l0W5NzqXS_8
INFO 2025-04-25 20:20:33,655 views 4004 18600 Extracted video ID: l0W5NzqXS_8
INFO 2025-04-25 20:20:33,655 views 4004 18600 Checking for existing transcript for user 6806e1f104cbda6f4dedae9c and video l0W5NzqXS_8
INFO 2025-04-25 20:20:33,719 views 4004 18600 Attempting to fetch transcript from YouTube
INFO 2025-04-25 20:20:33,721 youtube_utils 4004 18600 Attempting to fetch transcripts for video ID: l0W5NzqXS_8
INFO 2025-04-25 20:20:33,723 youtube_utils 4004 18600 Attempting to fetch transcripts for video ID: l0W5NzqXS_8
INFO 2025-04-25 20:20:34,583 youtube_utils 4004 18600 Available languages: ['hi']
INFO 2025-04-25 20:20:34,583 youtube_utils 4004 18600 Found Hindi transcript
INFO 2025-04-25 20:20:34,674 youtube_utils 4004 18600 Successfully fetched hi transcript with 423 entries
INFO 2025-04-25 20:20:34,676 views 4004 18600 Successfully fetched transcript in hi
INFO 2025-04-25 20:20:34,677 youtube_utils 4004 18600 Formatting transcript with 423 entries
INFO 2025-04-25 20:20:34,685 youtube_utils 4004 18600 Formatted transcript length: 14282 characters
INFO 2025-04-25 20:20:34,685 views 4004 18600 Formatted transcript length: 14282
INFO 2025-04-25 20:20:34,686 views 4004 18600 Processing transcript with DeepSeek
INFO 2025-04-25 20:20:34,688 qa_model 4004 18600 Processing transcript of length: 14282
INFO 2025-04-25 20:20:35,206 _client 4004 18600 HTTP Request: POST https://api.deepseek.com/v1/chat/completions "HTTP/1.1 200 OK"
ERROR 2025-04-25 20:23:31,261 qa_model 4004 18600 JSON Parse Error: Expecting value: line 1 column 1 (char 0)
ERROR 2025-04-25 20:23:31,263 qa_model 4004 18600 Failed JSON text: 
ERROR 2025-04-25 20:23:31,264 qa_model 4004 18600 Error in process_transcript: Could not parse response as valid JSON even after cleanup
ERROR 2025-04-25 20:23:31,360 views 4004 18600 Failed to process transcript with DeepSeek: Failed to process transcript: Could not parse response as valid JSON even after cleanup
ERROR 2025-04-25 20:23:31,429 views 4004 18600 ValueError in transcript creation: Failed to process transcript with DeepSeek
WARNING 2025-04-25 20:23:31,432 log 4004 18600 Bad Request: /api/transcripts/create-from-video/
INFO 2025-04-25 20:24:49,973 autoreload 4004 15988 C:\Users\kaler\Desktop\Hindi-New-Feature\hindi-learning-assistant\backend\qa_engine\qa_model.py changed, reloading.
INFO 2025-04-25 20:24:52,622 autoreload 1060 9508 Watching for file changes with StatReloader
INFO 2025-04-25 20:25:29,895 autoreload 1060 9508 C:\Users\kaler\Desktop\Hindi-New-Feature\hindi-learning-assistant\backend\qa_engine\qa_model.py changed, reloading.
INFO 2025-04-25 20:25:32,904 autoreload 8384 12744 Watching for file changes with StatReloader
INFO 2025-04-25 20:26:10,979 autoreload 8384 12744 C:\Users\kaler\Desktop\Hindi-New-Feature\hindi-learning-assistant\backend\qa_engine\qa_model.py changed, reloading.
INFO 2025-04-25 20:26:13,351 autoreload 6240 5752 Watching for file changes with StatReloader
INFO 2025-04-25 20:28:33,151 autoreload 6240 5752 C:\Users\kaler\Desktop\Hindi-New-Feature\hindi-learning-assistant\backend\qa_engine\qa_model.py changed, reloading.
INFO 2025-04-25 20:28:35,272 autoreload 18484 14720 Watching for file changes with StatReloader
INFO 2025-04-25 20:28:53,770 autoreload 18484 14720 C:\Users\kaler\Desktop\Hindi-New-Feature\hindi-learning-assistant\backend\qa_engine\qa_model.py changed, reloading.
INFO 2025-04-25 20:28:55,527 autoreload 1952 15212 Watching for file changes with StatReloader
INFO 2025-04-25 20:29:02,830 views 1952 16472 Starting transcript creation process
INFO 2025-04-25 20:29:02,831 views 1952 16472 Received video URL: l0W5NzqXS_8
INFO 2025-04-25 20:29:02,832 views 1952 16472 Attempting to extract video ID
INFO 2025-04-25 20:29:02,832 youtube_utils 1952 16472 Attempting to extract video ID from URL: l0W5NzqXS_8
INFO 2025-04-25 20:29:02,834 youtube_utils 1952 16472 Successfully extracted video ID: l0W5NzqXS_8
INFO 2025-04-25 20:29:02,835 views 1952 16472 Extracted video ID: l0W5NzqXS_8
INFO 2025-04-25 20:29:02,836 views 1952 16472 Checking for existing transcript for user 6806e1f104cbda6f4dedae9c and video l0W5NzqXS_8
INFO 2025-04-25 20:29:02,894 views 1952 16472 Attempting to fetch transcript from YouTube
INFO 2025-04-25 20:29:02,895 youtube_utils 1952 16472 Attempting to fetch transcripts for video ID: l0W5NzqXS_8
INFO 2025-04-25 20:29:02,898 youtube_utils 1952 16472 Attempting to fetch transcripts for video ID: l0W5NzqXS_8
INFO 2025-04-25 20:29:03,884 youtube_utils 1952 16472 Available languages: ['hi']
INFO 2025-04-25 20:29:03,885 youtube_utils 1952 16472 Found Hindi transcript
INFO 2025-04-25 20:29:03,961 youtube_utils 1952 16472 Successfully fetched hi transcript with 423 entries
INFO 2025-04-25 20:29:03,963 views 1952 16472 Successfully fetched transcript in hi
INFO 2025-04-25 20:29:03,964 youtube_utils 1952 16472 Formatting transcript with 423 entries
INFO 2025-04-25 20:29:03,968 youtube_utils 1952 16472 Formatted transcript length: 14282 characters
INFO 2025-04-25 20:29:03,969 views 1952 16472 Formatted transcript length: 14282
INFO 2025-04-25 20:29:03,969 views 1952 16472 Processing transcript with DeepSeek
INFO 2025-04-25 20:29:03,970 qa_model 1952 16472 Processing transcript of length: 14282
INFO 2025-04-25 20:29:03,973 qa_model 1952 16472 Text is long (14282 chars), splitting into chunks
INFO 2025-04-25 20:29:03,975 qa_model 1952 16472 Split text into 1 chunks
INFO 2025-04-25 20:29:03,976 qa_model 1952 16472 Processing chunk 1/1
INFO 2025-04-25 20:29:04,584 _client 1952 16472 HTTP Request: POST https://api.deepseek.com/v1/chat/completions "HTTP/1.1 200 OK"
WARNING 2025-04-25 20:32:00,462 qa_model 1952 16472 Response appears to be incomplete (unmatched braces)
ERROR 2025-04-25 20:32:00,464 qa_model 1952 16472 Error in process_transcript: Could not find complete JSON object in response
ERROR 2025-04-25 20:32:00,542 views 1952 16472 Failed to process transcript with DeepSeek: Failed to process transcript: Could not find complete JSON object in response
ERROR 2025-04-25 20:32:00,595 views 1952 16472 ValueError in transcript creation: Failed to process transcript with DeepSeek
WARNING 2025-04-25 20:32:00,598 log 1952 16472 Bad Request: /api/transcripts/create-from-video/
INFO 2025-04-25 20:34:29,285 autoreload 1952 15212 C:\Users\kaler\Desktop\Hindi-New-Feature\hindi-learning-assistant\backend\qa_engine\qa_model.py changed, reloading.
INFO 2025-04-25 20:34:31,511 autoreload 19476 3256 Watching for file changes with StatReloader
INFO 2025-04-25 20:35:00,053 autoreload 19476 3256 C:\Users\kaler\Desktop\Hindi-New-Feature\hindi-learning-assistant\backend\qa_engine\qa_model.py changed, reloading.
INFO 2025-04-25 20:35:01,997 autoreload 18984 19752 Watching for file changes with StatReloader
INFO 2025-04-25 20:36:19,104 autoreload 18984 19752 C:\Users\kaler\Desktop\Hindi-New-Feature\hindi-learning-assistant\backend\qa_engine\qa_model.py changed, reloading.
INFO 2025-04-25 20:36:21,069 autoreload 17924 18760 Watching for file changes with StatReloader
INFO 2025-04-25 20:36:25,634 autoreload 17924 18760 C:\Users\kaler\Desktop\Hindi-New-Feature\hindi-learning-assistant\backend\qa_engine\qa_model.py changed, reloading.
INFO 2025-04-25 20:36:27,650 autoreload 18076 12640 Watching for file changes with StatReloader
INFO 2025-04-25 20:36:31,660 autoreload 18076 12640 C:\Users\kaler\Desktop\Hindi-New-Feature\hindi-learning-assistant\backend\qa_engine\qa_model.py changed, reloading.
INFO 2025-04-25 20:36:33,681 autoreload 7208 11136 Watching for file changes with StatReloader
INFO 2025-04-25 20:36:59,316 autoreload 13800 14988 Watching for file changes with StatReloader
INFO 2025-04-25 20:37:07,142 views 13800 13892 Starting transcript creation process
INFO 2025-04-25 20:37:07,144 views 13800 13892 Received video URL: l0W5NzqXS_8
INFO 2025-04-25 20:37:07,144 views 13800 13892 Attempting to extract video ID
INFO 2025-04-25 20:37:07,145 youtube_utils 13800 13892 Attempting to extract video ID from URL: l0W5NzqXS_8
INFO 2025-04-25 20:37:07,146 youtube_utils 13800 13892 Successfully extracted video ID: l0W5NzqXS_8
INFO 2025-04-25 20:37:07,146 views 13800 13892 Extracted video ID: l0W5NzqXS_8
INFO 2025-04-25 20:37:07,147 views 13800 13892 Checking for existing transcript for user 6806e1f104cbda6f4dedae9c and video l0W5NzqXS_8
INFO 2025-04-25 20:37:07,211 views 13800 13892 Attempting to fetch transcript from YouTube
INFO 2025-04-25 20:37:07,212 youtube_utils 13800 13892 Attempting to fetch transcripts for video ID: l0W5NzqXS_8
INFO 2025-04-25 20:37:07,212 youtube_utils 13800 13892 Attempting to fetch transcripts for video ID: l0W5NzqXS_8
INFO 2025-04-25 20:37:08,162 youtube_utils 13800 13892 Available languages: ['hi']
INFO 2025-04-25 20:37:08,162 youtube_utils 13800 13892 Found Hindi transcript
INFO 2025-04-25 20:37:08,241 youtube_utils 13800 13892 Successfully fetched hi transcript with 423 entries
INFO 2025-04-25 20:37:08,242 views 13800 13892 Successfully fetched transcript in hi
INFO 2025-04-25 20:37:08,243 youtube_utils 13800 13892 Formatting transcript with 423 entries
INFO 2025-04-25 20:37:08,249 youtube_utils 13800 13892 Formatted transcript length: 14282 characters
INFO 2025-04-25 20:37:08,251 views 13800 13892 Formatted transcript length: 14282
INFO 2025-04-25 20:37:08,252 views 13800 13892 Processing transcript with DeepSeek
INFO 2025-04-25 20:37:08,253 qa_model 13800 13892 Processing transcript of length: 14282
INFO 2025-04-25 20:37:09,398 _client 13800 13892 HTTP Request: POST https://api.deepseek.com/v1/chat/completions "HTTP/1.1 200 OK"
ERROR 2025-04-25 20:38:40,235 qa_model 13800 13892 JSON Parse Error: Expecting value: line 1 column 1 (char 0)
ERROR 2025-04-25 20:38:40,236 qa_model 13800 13892 Failed JSON text: 
ERROR 2025-04-25 20:38:40,237 qa_model 13800 13892 Error in process_transcript: Could not parse response as valid JSON even after cleanup
ERROR 2025-04-25 20:38:40,297 views 13800 13892 Failed to process transcript with DeepSeek: Failed to process transcript: Could not parse response as valid JSON even after cleanup
ERROR 2025-04-25 20:38:40,339 views 13800 13892 ValueError in transcript creation: Failed to process transcript with DeepSeek
WARNING 2025-04-25 20:38:40,343 log 13800 13892 Bad Request: /api/transcripts/create-from-video/
INFO 2025-04-25 20:42:10,480 autoreload 13800 14988 C:\Users\kaler\Desktop\Hindi-New-Feature\hindi-learning-assistant\backend\qa_engine\qa_model.py changed, reloading.
INFO 2025-04-25 20:42:12,695 autoreload 8536 13556 Watching for file changes with StatReloader
INFO 2025-04-25 20:42:38,543 autoreload 8536 13556 C:\Users\kaler\Desktop\Hindi-New-Feature\hindi-learning-assistant\backend\qa_engine\qa_model.py changed, reloading.
INFO 2025-04-25 20:42:40,281 autoreload 15840 18964 Watching for file changes with StatReloader
INFO 2025-04-25 20:43:05,556 autoreload 15840 18964 C:\Users\kaler\Desktop\Hindi-New-Feature\hindi-learning-assistant\backend\qa_engine\qa_model.py changed, reloading.
INFO 2025-04-25 20:43:07,617 autoreload 6860 7680 Watching for file changes with StatReloader
INFO 2025-04-25 20:43:35,529 autoreload 6860 7680 C:\Users\kaler\Desktop\Hindi-New-Feature\hindi-learning-assistant\backend\qa_engine\qa_model.py changed, reloading.
INFO 2025-04-25 20:43:37,442 autoreload 7748 13592 Watching for file changes with StatReloader
INFO 2025-04-25 20:43:49,773 autoreload 7748 13592 C:\Users\kaler\Desktop\Hindi-New-Feature\hindi-learning-assistant\backend\qa_engine\qa_model.py changed, reloading.
INFO 2025-04-25 20:43:51,857 autoreload 7312 14544 Watching for file changes with StatReloader
INFO 2025-04-25 20:44:08,128 autoreload 15112 17268 Watching for file changes with StatReloader
WARNING 2025-04-25 20:45:48,184 log 15112 7900 Unauthorized: /api/transcripts/create-from-video/
INFO 2025-04-25 20:45:48,287 views 15112 7900 Starting transcript creation process
INFO 2025-04-25 20:45:48,288 views 15112 7900 Received video URL: l0W5NzqXS_8
INFO 2025-04-25 20:45:48,289 views 15112 7900 Attempting to extract video ID
INFO 2025-04-25 20:45:48,289 youtube_utils 15112 7900 Attempting to extract video ID from URL: l0W5NzqXS_8
INFO 2025-04-25 20:45:48,290 youtube_utils 15112 7900 Successfully extracted video ID: l0W5NzqXS_8
INFO 2025-04-25 20:45:48,291 views 15112 7900 Extracted video ID: l0W5NzqXS_8
INFO 2025-04-25 20:45:48,291 views 15112 7900 Checking for existing transcript for user 6806e1f104cbda6f4dedae9c and video l0W5NzqXS_8
INFO 2025-04-25 20:45:48,351 views 15112 7900 Attempting to fetch transcript from YouTube
INFO 2025-04-25 20:45:48,351 youtube_utils 15112 7900 Attempting to fetch transcripts for video ID: l0W5NzqXS_8
INFO 2025-04-25 20:45:48,352 youtube_utils 15112 7900 Attempting to fetch transcripts for video ID: l0W5NzqXS_8
INFO 2025-04-25 20:45:49,072 youtube_utils 15112 7900 Available languages: ['hi']
INFO 2025-04-25 20:45:49,073 youtube_utils 15112 7900 Found Hindi transcript
INFO 2025-04-25 20:45:49,157 youtube_utils 15112 7900 Successfully fetched hi transcript with 423 entries
INFO 2025-04-25 20:45:49,159 views 15112 7900 Successfully fetched transcript in hi
INFO 2025-04-25 20:45:49,161 youtube_utils 15112 7900 Formatting transcript with 423 entries
INFO 2025-04-25 20:45:49,165 youtube_utils 15112 7900 Formatted transcript length: 14282 characters
INFO 2025-04-25 20:45:49,166 views 15112 7900 Formatted transcript length: 14282
INFO 2025-04-25 20:45:49,167 views 15112 7900 Processing transcript with DeepSeek
INFO 2025-04-25 20:45:49,168 qa_model 15112 7900 Processing transcript of length: 14282
INFO 2025-04-25 20:45:49,730 _client 15112 7900 HTTP Request: POST https://api.deepseek.com/v1/chat/completions "HTTP/1.1 200 OK"
INFO 2025-04-25 20:47:33,774 qa_model 15112 7900 Successfully parsed JSON directly from response
INFO 2025-04-25 20:47:33,775 views 15112 7900 Successfully processed transcript with DeepSeek
INFO 2025-04-25 20:47:33,776 views 15112 7900 Attempting to save processed transcript to MongoDB
INFO 2025-04-25 20:47:33,852 views 15112 7900 Successfully saved processed transcript to MongoDB
INFO 2025-04-25 20:47:33,853 views 15112 7900 Successfully completed transcript creation and processing
INFO 2025-04-25 20:50:01,922 _client 15112 16016 HTTP Request: POST https://api.deepseek.com/v1/chat/completions "HTTP/1.1 200 OK"
INFO 2025-04-26 15:42:30,907 autoreload 18356 17660 Watching for file changes with StatReloader
WARNING 2025-04-26 15:43:30,094 log 18356 22956 Unauthorized: /api/trending-words/
WARNING 2025-04-26 15:43:30,112 log 18356 22956 Unauthorized: /api/trending-words/
WARNING 2025-04-26 15:43:30,170 log 18356 22956 Unauthorized: /api/auth/refresh/
WARNING 2025-04-26 15:43:30,176 log 18356 6936 Unauthorized: /api/auth/refresh/
INFO 2025-04-26 15:45:37,631 views 18356 1556 Starting transcript creation process
INFO 2025-04-26 15:45:37,632 views 18356 1556 Received video URL: 1rBj2Z4ea-U
INFO 2025-04-26 15:45:37,634 views 18356 1556 Attempting to extract video ID
INFO 2025-04-26 15:45:37,636 youtube_utils 18356 1556 Attempting to extract video ID from URL: 1rBj2Z4ea-U
INFO 2025-04-26 15:45:37,639 youtube_utils 18356 1556 Successfully extracted video ID: 1rBj2Z4ea-U
INFO 2025-04-26 15:45:37,640 views 18356 1556 Extracted video ID: 1rBj2Z4ea-U
INFO 2025-04-26 15:45:37,641 views 18356 1556 Checking for existing transcript for user 6806e1f104cbda6f4dedae9c and video 1rBj2Z4ea-U
INFO 2025-04-26 15:45:37,703 views 18356 1556 Attempting to fetch transcript from YouTube
INFO 2025-04-26 15:45:37,704 youtube_utils 18356 1556 Attempting to fetch transcripts for video ID: 1rBj2Z4ea-U
INFO 2025-04-26 15:45:37,705 youtube_utils 18356 1556 Attempting to fetch transcripts for video ID: 1rBj2Z4ea-U
INFO 2025-04-26 15:45:38,613 youtube_utils 18356 1556 Available languages: ['hi']
INFO 2025-04-26 15:45:38,615 youtube_utils 18356 1556 Found Hindi transcript
INFO 2025-04-26 15:45:38,714 youtube_utils 18356 1556 Successfully fetched hi transcript with 399 entries
INFO 2025-04-26 15:45:38,716 views 18356 1556 Successfully fetched transcript in hi
INFO 2025-04-26 15:45:38,718 youtube_utils 18356 1556 Formatting transcript with 399 entries
INFO 2025-04-26 15:45:38,728 youtube_utils 18356 1556 Formatted transcript length: 15378 characters
INFO 2025-04-26 15:45:38,729 views 18356 1556 Formatted transcript length: 15378
INFO 2025-04-26 15:45:38,731 views 18356 1556 Processing transcript with DeepSeek
INFO 2025-04-26 15:45:38,732 qa_model 18356 1556 Processing transcript of length: 15378
INFO 2025-04-26 15:45:39,371 _client 18356 1556 HTTP Request: POST https://api.deepseek.com/v1/chat/completions "HTTP/1.1 200 OK"
INFO 2025-04-26 15:48:06,331 qa_model 18356 1556 Could not parse response directly as JSON, attempting cleanup
WARNING 2025-04-26 15:48:06,332 qa_model 18356 1556 Response appears to be incomplete (unmatched braces)
ERROR 2025-04-26 15:48:06,333 qa_model 18356 1556 Error in process_transcript: Could not find complete JSON object in response
ERROR 2025-04-26 15:48:06,772 views 18356 1556 Failed to process transcript with DeepSeek: Failed to process transcript: Could not find complete JSON object in response
ERROR 2025-04-26 15:48:06,814 views 18356 1556 ValueError in transcript creation: Failed to process transcript with DeepSeek
WARNING 2025-04-26 15:48:06,816 log 18356 1556 Bad Request: /api/transcripts/create-from-video/
INFO 2025-04-26 15:48:59,274 autoreload 18356 17660 C:\Users\kaler\Desktop\Hindi-New-Feature\hindi-learning-assistant\backend\qa_engine\qa_model.py changed, reloading.
INFO 2025-04-26 15:49:03,164 autoreload 7868 18952 Watching for file changes with StatReloader
INFO 2025-04-26 15:51:17,207 autoreload 7868 18952 C:\Users\kaler\Desktop\Hindi-New-Feature\hindi-learning-assistant\backend\api\services\mongo_service.py changed, reloading.
INFO 2025-04-26 15:51:19,235 autoreload 21620 20288 Watching for file changes with StatReloader
INFO 2025-04-26 15:51:29,570 autoreload 21620 20288 C:\Users\kaler\Desktop\Hindi-New-Feature\hindi-learning-assistant\backend\api\views.py changed, reloading.
INFO 2025-04-26 15:51:31,689 autoreload 21076 4144 Watching for file changes with StatReloader
INFO 2025-04-26 15:51:42,002 autoreload 21076 4144 C:\Users\kaler\Desktop\Hindi-New-Feature\hindi-learning-assistant\backend\api\views.py changed, reloading.
INFO 2025-04-26 15:51:43,765 autoreload 7516 23096 Watching for file changes with StatReloader
INFO 2025-04-26 15:52:27,637 autoreload 7516 23096 C:\Users\kaler\Desktop\Hindi-New-Feature\hindi-learning-assistant\backend\api\views.py changed, reloading.
INFO 2025-04-26 15:52:29,363 autoreload 7240 21088 Watching for file changes with StatReloader
INFO 2025-04-26 15:52:38,388 autoreload 7240 21088 C:\Users\kaler\Desktop\Hindi-New-Feature\hindi-learning-assistant\backend\api\views.py changed, reloading.
INFO 2025-04-26 15:52:40,271 autoreload 10696 3464 Watching for file changes with StatReloader
INFO 2025-04-26 16:00:31,362 views 10696 20852 Starting transcript creation process
INFO 2025-04-26 16:00:31,364 views 10696 20852 Received video URL: 1rBj2Z4ea-U
INFO 2025-04-26 16:00:31,365 views 10696 20852 Attempting to extract video ID
INFO 2025-04-26 16:00:31,366 youtube_utils 10696 20852 Attempting to extract video ID from URL: 1rBj2Z4ea-U
INFO 2025-04-26 16:00:31,367 youtube_utils 10696 20852 Successfully extracted video ID: 1rBj2Z4ea-U
INFO 2025-04-26 16:00:31,368 views 10696 20852 Extracted video ID: 1rBj2Z4ea-U
INFO 2025-04-26 16:00:31,369 views 10696 20852 Checking for existing transcript for user 6806e1f104cbda6f4dedae9c and video 1rBj2Z4ea-U
INFO 2025-04-26 16:00:31,434 views 10696 20852 Attempting to fetch transcript from YouTube
INFO 2025-04-26 16:00:31,435 youtube_utils 10696 20852 Attempting to fetch transcripts for video ID: 1rBj2Z4ea-U
INFO 2025-04-26 16:00:31,436 youtube_utils 10696 20852 Attempting to fetch transcripts for video ID: 1rBj2Z4ea-U
INFO 2025-04-26 16:00:32,314 youtube_utils 10696 20852 Available languages: ['hi']
INFO 2025-04-26 16:00:32,316 youtube_utils 10696 20852 Found Hindi transcript
INFO 2025-04-26 16:00:32,494 youtube_utils 10696 20852 Successfully fetched hi transcript with 406 entries
INFO 2025-04-26 16:00:32,495 views 10696 20852 Successfully fetched transcript in hi
INFO 2025-04-26 16:00:32,497 youtube_utils 10696 20852 Formatting transcript with 406 entries
INFO 2025-04-26 16:00:32,508 youtube_utils 10696 20852 Formatted transcript length: 15653 characters
INFO 2025-04-26 16:00:32,509 views 10696 20852 Formatted transcript length: 15653
INFO 2025-04-26 16:00:32,510 views 10696 20852 Processing transcript with DeepSeek
INFO 2025-04-26 16:00:32,512 qa_model 10696 20852 Processing transcript of length: 15653
INFO 2025-04-26 16:00:33,172 _client 10696 20852 HTTP Request: POST https://api.deepseek.com/v1/chat/completions "HTTP/1.1 200 OK"
INFO 2025-04-26 16:01:10,208 qa_model 10696 20852 Successfully parsed JSON directly from response
INFO 2025-04-26 16:01:10,208 views 10696 20852 Successfully processed transcript with DeepSeek
INFO 2025-04-26 16:01:10,209 views 10696 20852 Attempting to save processed transcript to MongoDB
INFO 2025-04-26 16:01:10,284 views 10696 20852 Successfully saved processed transcript to MongoDB
INFO 2025-04-26 16:01:10,285 views 10696 20852 Successfully completed transcript creation and processing
INFO 2025-04-26 16:02:39,811 views 10696 20852 Starting transcript creation process
INFO 2025-04-26 16:02:39,812 views 10696 20852 Received video URL: 1rBj2Z4ea-U
INFO 2025-04-26 16:02:39,813 views 10696 20852 Attempting to extract video ID
INFO 2025-04-26 16:02:39,813 youtube_utils 10696 20852 Attempting to extract video ID from URL: 1rBj2Z4ea-U
INFO 2025-04-26 16:02:39,814 youtube_utils 10696 20852 Successfully extracted video ID: 1rBj2Z4ea-U
INFO 2025-04-26 16:02:39,815 views 10696 20852 Extracted video ID: 1rBj2Z4ea-U
INFO 2025-04-26 16:02:39,816 views 10696 20852 Checking for existing transcript for user 6806e1f104cbda6f4dedae9c and video 1rBj2Z4ea-U
INFO 2025-04-26 16:02:39,877 views 10696 20852 Found transcript in cache
INFO 2025-04-26 16:02:39,878 youtube_utils 10696 20852 Formatting transcript with 406 entries
INFO 2025-04-26 16:02:39,889 youtube_utils 10696 20852 Formatted transcript length: 15653 characters
INFO 2025-04-26 16:02:39,891 views 10696 20852 Formatted transcript length: 15653
INFO 2025-04-26 16:02:39,892 views 10696 20852 Processing transcript with DeepSeek
INFO 2025-04-26 16:02:39,893 qa_model 10696 20852 Processing transcript of length: 15653
INFO 2025-04-26 16:02:40,607 _client 10696 20852 HTTP Request: POST https://api.deepseek.com/v1/chat/completions "HTTP/1.1 200 OK"
INFO 2025-04-26 16:03:40,529 qa_model 10696 20852 Successfully parsed JSON directly from response
INFO 2025-04-26 16:03:40,530 views 10696 20852 Successfully processed transcript with DeepSeek
INFO 2025-04-26 16:03:40,532 views 10696 20852 Attempting to save processed transcript to MongoDB
INFO 2025-04-26 16:03:40,606 views 10696 20852 Successfully saved processed transcript to MongoDB
INFO 2025-04-26 16:03:40,607 views 10696 20852 Successfully completed transcript creation and processing
INFO 2025-04-26 16:14:19,927 autoreload 10696 3464 C:\Users\kaler\Desktop\Hindi-New-Feature\hindi-learning-assistant\backend\qa_engine\prompts.py changed, reloading.
INFO 2025-04-26 16:14:22,523 autoreload 11380 20292 Watching for file changes with StatReloader
INFO 2025-04-26 16:14:26,949 autoreload 11380 20292 C:\Users\kaler\Desktop\Hindi-New-Feature\hindi-learning-assistant\backend\qa_engine\prompts.py changed, reloading.
INFO 2025-04-26 16:14:28,604 autoreload 21432 8576 Watching for file changes with StatReloader
INFO 2025-04-26 16:14:48,252 autoreload 21432 8576 C:\Users\kaler\Desktop\Hindi-New-Feature\hindi-learning-assistant\backend\qa_engine\prompts.py changed, reloading.
INFO 2025-04-26 16:14:50,780 autoreload 19224 16676 Watching for file changes with StatReloader
INFO 2025-04-26 16:14:54,996 autoreload 19224 16676 C:\Users\kaler\Desktop\Hindi-New-Feature\hindi-learning-assistant\backend\qa_engine\prompts.py changed, reloading.
INFO 2025-04-26 16:14:56,572 autoreload 14316 23076 Watching for file changes with StatReloader
INFO 2025-04-26 16:15:20,426 autoreload 14316 23076 C:\Users\kaler\Desktop\Hindi-New-Feature\hindi-learning-assistant\backend\qa_engine\prompts.py changed, reloading.
INFO 2025-04-26 16:15:22,011 autoreload 21988 20932 Watching for file changes with StatReloader
INFO 2025-04-26 16:15:25,976 autoreload 21988 20932 C:\Users\kaler\Desktop\Hindi-New-Feature\hindi-learning-assistant\backend\qa_engine\prompts.py changed, reloading.
INFO 2025-04-26 16:15:27,893 autoreload 16184 5780 Watching for file changes with StatReloader
INFO 2025-04-26 16:15:55,295 views 16184 21500 Starting transcript creation process
INFO 2025-04-26 16:15:55,296 views 16184 21500 Received video URL: FhyDnJc-K3M
INFO 2025-04-26 16:15:55,297 views 16184 21500 Attempting to extract video ID
INFO 2025-04-26 16:15:55,298 youtube_utils 16184 21500 Attempting to extract video ID from URL: FhyDnJc-K3M
INFO 2025-04-26 16:15:55,299 youtube_utils 16184 21500 Successfully extracted video ID: FhyDnJc-K3M
INFO 2025-04-26 16:15:55,300 views 16184 21500 Extracted video ID: FhyDnJc-K3M
INFO 2025-04-26 16:15:55,301 views 16184 21500 Checking for existing transcript for user 6806e1f104cbda6f4dedae9c and video FhyDnJc-K3M
INFO 2025-04-26 16:15:55,361 views 16184 21500 Attempting to fetch transcript from YouTube
INFO 2025-04-26 16:15:55,362 youtube_utils 16184 21500 Attempting to fetch transcripts for video ID: FhyDnJc-K3M
INFO 2025-04-26 16:15:55,363 youtube_utils 16184 21500 Attempting to fetch transcripts for video ID: FhyDnJc-K3M
INFO 2025-04-26 16:15:56,157 youtube_utils 16184 21500 Available languages: ['hi']
INFO 2025-04-26 16:15:56,159 youtube_utils 16184 21500 Found Hindi transcript
INFO 2025-04-26 16:15:56,249 youtube_utils 16184 21500 Successfully fetched hi transcript with 384 entries
INFO 2025-04-26 16:15:56,251 views 16184 21500 Successfully fetched transcript in hi
INFO 2025-04-26 16:15:56,251 youtube_utils 16184 21500 Formatting transcript with 384 entries
INFO 2025-04-26 16:15:56,256 youtube_utils 16184 21500 Formatted transcript length: 14917 characters
INFO 2025-04-26 16:15:56,256 views 16184 21500 Formatted transcript length: 14917
INFO 2025-04-26 16:15:56,259 views 16184 21500 Processing transcript with DeepSeek
INFO 2025-04-26 16:15:56,260 qa_model 16184 21500 Processing transcript of length: 14917
INFO 2025-04-26 16:15:56,842 _client 16184 21500 HTTP Request: POST https://api.deepseek.com/v1/chat/completions "HTTP/1.1 200 OK"
INFO 2025-04-26 16:18:26,771 qa_model 16184 21500 Could not parse response directly as JSON, attempting cleanup
WARNING 2025-04-26 16:18:26,771 qa_model 16184 21500 Response appears to be incomplete (unmatched braces)
ERROR 2025-04-26 16:18:26,773 qa_model 16184 21500 Error in process_transcript: Could not find complete JSON object in response
ERROR 2025-04-26 16:18:26,804 views 16184 21500 Failed to process transcript with DeepSeek: Failed to process transcript: Could not find complete JSON object in response
ERROR 2025-04-26 16:18:26,835 views 16184 21500 ValueError in transcript creation: Failed to process transcript with DeepSeek
WARNING 2025-04-26 16:18:26,836 log 16184 21500 Bad Request: /api/transcripts/create-from-video/
INFO 2025-04-26 16:19:37,145 autoreload 16184 5780 C:\Users\kaler\Desktop\Hindi-New-Feature\hindi-learning-assistant\backend\qa_engine\prompts.py changed, reloading.
INFO 2025-04-26 16:19:38,990 autoreload 17144 4688 Watching for file changes with StatReloader
INFO 2025-04-26 16:20:06,965 autoreload 17144 4688 C:\Users\kaler\Desktop\Hindi-New-Feature\hindi-learning-assistant\backend\qa_engine\prompts.py changed, reloading.
INFO 2025-04-26 16:20:08,819 autoreload 14472 15648 Watching for file changes with StatReloader
INFO 2025-04-26 16:20:33,402 autoreload 14472 15648 C:\Users\kaler\Desktop\Hindi-New-Feature\hindi-learning-assistant\backend\qa_engine\prompts.py changed, reloading.
INFO 2025-04-26 16:20:35,055 autoreload 17264 23128 Watching for file changes with StatReloader
INFO 2025-04-26 16:20:41,364 autoreload 17264 23128 C:\Users\kaler\Desktop\Hindi-New-Feature\hindi-learning-assistant\backend\qa_engine\prompts.py changed, reloading.
INFO 2025-04-26 16:20:43,426 autoreload 22164 7412 Watching for file changes with StatReloader
INFO 2025-04-26 16:20:46,164 views 22164 18148 Starting transcript creation process
INFO 2025-04-26 16:20:46,165 views 22164 18148 Received video URL: FhyDnJc-K3M
INFO 2025-04-26 16:20:46,166 views 22164 18148 Attempting to extract video ID
INFO 2025-04-26 16:20:46,168 youtube_utils 22164 18148 Attempting to extract video ID from URL: FhyDnJc-K3M
INFO 2025-04-26 16:20:46,169 youtube_utils 22164 18148 Successfully extracted video ID: FhyDnJc-K3M
INFO 2025-04-26 16:20:46,170 views 22164 18148 Extracted video ID: FhyDnJc-K3M
INFO 2025-04-26 16:20:46,170 views 22164 18148 Checking for existing transcript for user 6806e1f104cbda6f4dedae9c and video FhyDnJc-K3M
INFO 2025-04-26 16:20:46,229 views 22164 18148 Attempting to fetch transcript from YouTube
INFO 2025-04-26 16:20:46,230 youtube_utils 22164 18148 Attempting to fetch transcripts for video ID: FhyDnJc-K3M
INFO 2025-04-26 16:20:46,231 youtube_utils 22164 18148 Attempting to fetch transcripts for video ID: FhyDnJc-K3M
INFO 2025-04-26 16:20:47,009 youtube_utils 22164 18148 Available languages: ['hi']
INFO 2025-04-26 16:20:47,010 youtube_utils 22164 18148 Found Hindi transcript
INFO 2025-04-26 16:20:47,115 youtube_utils 22164 18148 Successfully fetched hi transcript with 392 entries
INFO 2025-04-26 16:20:47,117 views 22164 18148 Successfully fetched transcript in hi
INFO 2025-04-26 16:20:47,118 youtube_utils 22164 18148 Formatting transcript with 392 entries
INFO 2025-04-26 16:20:47,122 youtube_utils 22164 18148 Formatted transcript length: 15216 characters
INFO 2025-04-26 16:20:47,123 views 22164 18148 Formatted transcript length: 15216
INFO 2025-04-26 16:20:47,124 views 22164 18148 Processing transcript with DeepSeek
INFO 2025-04-26 16:20:47,124 qa_model 22164 18148 Processing transcript of length: 15216
INFO 2025-04-26 16:20:47,626 _client 22164 18148 HTTP Request: POST https://api.deepseek.com/v1/chat/completions "HTTP/1.1 200 OK"
INFO 2025-04-26 16:23:11,815 qa_model 22164 18148 Could not parse response directly as JSON, attempting cleanup
WARNING 2025-04-26 16:23:11,816 qa_model 22164 18148 Response appears to be incomplete (unmatched braces)
ERROR 2025-04-26 16:23:11,817 qa_model 22164 18148 Error in process_transcript: Could not find complete JSON object in response
ERROR 2025-04-26 16:23:11,852 views 22164 18148 Failed to process transcript with DeepSeek: Failed to process transcript: Could not find complete JSON object in response
ERROR 2025-04-26 16:23:11,872 views 22164 18148 ValueError in transcript creation: Failed to process transcript with DeepSeek
WARNING 2025-04-26 16:23:11,874 log 22164 18148 Bad Request: /api/transcripts/create-from-video/
INFO 2025-04-26 16:24:03,317 autoreload 22164 7412 C:\Users\kaler\Desktop\Hindi-New-Feature\hindi-learning-assistant\backend\qa_engine\prompts.py changed, reloading.
INFO 2025-04-26 16:24:05,158 autoreload 15700 10040 Watching for file changes with StatReloader
INFO 2025-04-26 16:24:12,334 autoreload 15700 10040 C:\Users\kaler\Desktop\Hindi-New-Feature\hindi-learning-assistant\backend\qa_engine\prompts.py changed, reloading.
INFO 2025-04-26 16:24:14,055 autoreload 9540 8532 Watching for file changes with StatReloader
INFO 2025-04-26 16:24:23,623 autoreload 9540 8532 C:\Users\kaler\Desktop\Hindi-New-Feature\hindi-learning-assistant\backend\qa_engine\prompts.py changed, reloading.
INFO 2025-04-26 16:24:25,244 autoreload 16968 9636 Watching for file changes with StatReloader
INFO 2025-04-26 16:24:40,161 autoreload 16968 9636 C:\Users\kaler\Desktop\Hindi-New-Feature\hindi-learning-assistant\backend\qa_engine\prompts.py changed, reloading.
INFO 2025-04-26 16:24:41,975 autoreload 2256 16832 Watching for file changes with StatReloader
INFO 2025-04-26 16:24:46,253 autoreload 2256 16832 C:\Users\kaler\Desktop\Hindi-New-Feature\hindi-learning-assistant\backend\qa_engine\prompts.py changed, reloading.
INFO 2025-04-26 16:24:48,090 autoreload 8208 18188 Watching for file changes with StatReloader
INFO 2025-04-26 16:24:58,868 autoreload 8208 18188 C:\Users\kaler\Desktop\Hindi-New-Feature\hindi-learning-assistant\backend\qa_engine\prompts.py changed, reloading.
INFO 2025-04-26 16:25:00,600 autoreload 5240 1104 Watching for file changes with StatReloader
INFO 2025-04-26 16:25:22,487 autoreload 5240 1104 C:\Users\kaler\Desktop\Hindi-New-Feature\hindi-learning-assistant\backend\qa_engine\prompts.py changed, reloading.
INFO 2025-04-26 16:25:24,657 autoreload 8052 16160 Watching for file changes with StatReloader
INFO 2025-04-26 16:25:27,276 views 8052 21380 Starting transcript creation process
INFO 2025-04-26 16:25:27,277 views 8052 21380 Received video URL: FhyDnJc-K3M
INFO 2025-04-26 16:25:27,278 views 8052 21380 Attempting to extract video ID
INFO 2025-04-26 16:25:27,278 youtube_utils 8052 21380 Attempting to extract video ID from URL: FhyDnJc-K3M
INFO 2025-04-26 16:25:27,279 youtube_utils 8052 21380 Successfully extracted video ID: FhyDnJc-K3M
INFO 2025-04-26 16:25:27,280 views 8052 21380 Extracted video ID: FhyDnJc-K3M
INFO 2025-04-26 16:25:27,280 views 8052 21380 Checking for existing transcript for user 6806e1f104cbda6f4dedae9c and video FhyDnJc-K3M
INFO 2025-04-26 16:25:27,341 views 8052 21380 Attempting to fetch transcript from YouTube
INFO 2025-04-26 16:25:27,342 youtube_utils 8052 21380 Attempting to fetch transcripts for video ID: FhyDnJc-K3M
INFO 2025-04-26 16:25:27,343 youtube_utils 8052 21380 Attempting to fetch transcripts for video ID: FhyDnJc-K3M
INFO 2025-04-26 16:25:28,205 youtube_utils 8052 21380 Available languages: ['hi']
INFO 2025-04-26 16:25:28,206 youtube_utils 8052 21380 Found Hindi transcript
INFO 2025-04-26 16:25:28,294 youtube_utils 8052 21380 Successfully fetched hi transcript with 392 entries
INFO 2025-04-26 16:25:28,296 views 8052 21380 Successfully fetched transcript in hi
INFO 2025-04-26 16:25:28,297 youtube_utils 8052 21380 Formatting transcript with 392 entries
INFO 2025-04-26 16:25:28,301 youtube_utils 8052 21380 Formatted transcript length: 15216 characters
INFO 2025-04-26 16:25:28,303 views 8052 21380 Formatted transcript length: 15216
INFO 2025-04-26 16:25:28,303 views 8052 21380 Processing transcript with DeepSeek
INFO 2025-04-26 16:25:28,303 qa_model 8052 21380 Processing transcript of length: 15216
INFO 2025-04-26 16:25:28,921 _client 8052 21380 HTTP Request: POST https://api.deepseek.com/v1/chat/completions "HTTP/1.1 200 OK"
INFO 2025-04-26 16:27:57,197 qa_model 8052 21380 Could not parse response directly as JSON, attempting cleanup
WARNING 2025-04-26 16:27:57,198 qa_model 8052 21380 Response appears to be incomplete (unmatched braces)
ERROR 2025-04-26 16:27:57,203 qa_model 8052 21380 Error in process_transcript: Could not find complete JSON object in response
ERROR 2025-04-26 16:27:57,281 views 8052 21380 Failed to process transcript with DeepSeek: Failed to process transcript: Could not find complete JSON object in response
ERROR 2025-04-26 16:27:57,324 views 8052 21380 ValueError in transcript creation: Failed to process transcript with DeepSeek
WARNING 2025-04-26 16:27:57,327 log 8052 21380 Bad Request: /api/transcripts/create-from-video/
INFO 2025-04-26 16:28:55,273 autoreload 8052 16160 C:\Users\kaler\Desktop\Hindi-New-Feature\hindi-learning-assistant\backend\qa_engine\prompts.py changed, reloading.
INFO 2025-04-26 16:28:57,295 autoreload 19708 1060 Watching for file changes with StatReloader
INFO 2025-04-26 16:30:01,934 autoreload 19708 1060 C:\Users\kaler\Desktop\Hindi-New-Feature\hindi-learning-assistant\backend\qa_engine\prompts.py changed, reloading.
INFO 2025-04-26 16:30:04,120 autoreload 5748 18268 Watching for file changes with StatReloader
INFO 2025-04-26 16:30:10,655 autoreload 5748 18268 C:\Users\kaler\Desktop\Hindi-New-Feature\hindi-learning-assistant\backend\qa_engine\prompts.py changed, reloading.
INFO 2025-04-26 16:30:12,471 autoreload 20568 12712 Watching for file changes with StatReloader
INFO 2025-04-26 16:30:16,722 autoreload 20568 12712 C:\Users\kaler\Desktop\Hindi-New-Feature\hindi-learning-assistant\backend\qa_engine\prompts.py changed, reloading.
INFO 2025-04-26 16:30:18,587 autoreload 11564 18532 Watching for file changes with StatReloader
INFO 2025-04-26 16:30:51,301 views 11564 14524 Starting transcript creation process
INFO 2025-04-26 16:30:51,302 views 11564 14524 Received video URL: jjy06R8FxOU
INFO 2025-04-26 16:30:51,302 views 11564 14524 Attempting to extract video ID
INFO 2025-04-26 16:30:51,303 youtube_utils 11564 14524 Attempting to extract video ID from URL: jjy06R8FxOU
INFO 2025-04-26 16:30:51,304 youtube_utils 11564 14524 Successfully extracted video ID: jjy06R8FxOU
INFO 2025-04-26 16:30:51,305 views 11564 14524 Extracted video ID: jjy06R8FxOU
INFO 2025-04-26 16:30:51,305 views 11564 14524 Checking for existing transcript for user 6806e1f104cbda6f4dedae9c and video jjy06R8FxOU
INFO 2025-04-26 16:30:51,364 views 11564 14524 Attempting to fetch transcript from YouTube
INFO 2025-04-26 16:30:51,365 youtube_utils 11564 14524 Attempting to fetch transcripts for video ID: jjy06R8FxOU
INFO 2025-04-26 16:30:51,367 youtube_utils 11564 14524 Attempting to fetch transcripts for video ID: jjy06R8FxOU
INFO 2025-04-26 16:30:52,292 youtube_utils 11564 14524 Available languages: ['hi']
INFO 2025-04-26 16:30:52,293 youtube_utils 11564 14524 Found Hindi transcript
INFO 2025-04-26 16:30:52,455 youtube_utils 11564 14524 Successfully fetched hi transcript with 343 entries
INFO 2025-04-26 16:30:52,457 views 11564 14524 Successfully fetched transcript in hi
INFO 2025-04-26 16:30:52,458 youtube_utils 11564 14524 Formatting transcript with 343 entries
INFO 2025-04-26 16:30:52,464 youtube_utils 11564 14524 Formatted transcript length: 12821 characters
INFO 2025-04-26 16:30:52,466 views 11564 14524 Formatted transcript length: 12821
INFO 2025-04-26 16:30:52,466 views 11564 14524 Processing transcript with DeepSeek
INFO 2025-04-26 16:30:52,467 qa_model 11564 14524 Processing transcript of length: 12821
INFO 2025-04-26 16:30:53,016 _client 11564 14524 HTTP Request: POST https://api.deepseek.com/v1/chat/completions "HTTP/1.1 200 OK"
INFO 2025-04-26 16:32:12,723 autoreload 11564 18532 C:\Users\kaler\Desktop\Hindi-New-Feature\hindi-learning-assistant\backend\qa_engine\prompts.py changed, reloading.
INFO 2025-04-26 16:32:14,784 autoreload 11228 1496 Watching for file changes with StatReloader
INFO 2025-04-26 16:32:24,998 views 11228 23240 Starting transcript creation process
INFO 2025-04-26 16:32:24,998 views 11228 23240 Received video URL: jjy06R8FxOU
INFO 2025-04-26 16:32:24,999 views 11228 23240 Attempting to extract video ID
INFO 2025-04-26 16:32:25,001 youtube_utils 11228 23240 Attempting to extract video ID from URL: jjy06R8FxOU
INFO 2025-04-26 16:32:25,003 youtube_utils 11228 23240 Successfully extracted video ID: jjy06R8FxOU
INFO 2025-04-26 16:32:25,005 views 11228 23240 Extracted video ID: jjy06R8FxOU
INFO 2025-04-26 16:32:25,006 views 11228 23240 Checking for existing transcript for user 6806e1f104cbda6f4dedae9c and video jjy06R8FxOU
INFO 2025-04-26 16:32:25,071 views 11228 23240 Attempting to fetch transcript from YouTube
INFO 2025-04-26 16:32:25,072 youtube_utils 11228 23240 Attempting to fetch transcripts for video ID: jjy06R8FxOU
INFO 2025-04-26 16:32:25,073 youtube_utils 11228 23240 Attempting to fetch transcripts for video ID: jjy06R8FxOU
INFO 2025-04-26 16:32:25,837 youtube_utils 11228 23240 Available languages: ['hi']
INFO 2025-04-26 16:32:25,838 youtube_utils 11228 23240 Found Hindi transcript
INFO 2025-04-26 16:32:25,943 youtube_utils 11228 23240 Successfully fetched hi transcript with 343 entries
INFO 2025-04-26 16:32:25,945 views 11228 23240 Successfully fetched transcript in hi
INFO 2025-04-26 16:32:25,946 youtube_utils 11228 23240 Formatting transcript with 343 entries
INFO 2025-04-26 16:32:25,951 youtube_utils 11228 23240 Formatted transcript length: 12821 characters
INFO 2025-04-26 16:32:25,951 views 11228 23240 Formatted transcript length: 12821
INFO 2025-04-26 16:32:25,952 views 11228 23240 Processing transcript with DeepSeek
INFO 2025-04-26 16:32:25,953 qa_model 11228 23240 Processing transcript of length: 12821
INFO 2025-04-26 16:32:26,506 _client 11228 23240 HTTP Request: POST https://api.deepseek.com/v1/chat/completions "HTTP/1.1 200 OK"
INFO 2025-04-26 16:34:53,156 qa_model 11228 23240 Could not parse response directly as JSON, attempting cleanup
WARNING 2025-04-26 16:34:53,157 qa_model 11228 23240 Response appears to be incomplete (unmatched braces)
ERROR 2025-04-26 16:34:53,160 qa_model 11228 23240 Error in process_transcript: Could not find complete JSON object in response
ERROR 2025-04-26 16:34:53,232 views 11228 23240 Failed to process transcript with DeepSeek: Failed to process transcript: Could not find complete JSON object in response
ERROR 2025-04-26 16:34:53,288 views 11228 23240 ValueError in transcript creation: Failed to process transcript with DeepSeek
WARNING 2025-04-26 16:34:53,289 log 11228 23240 Bad Request: /api/transcripts/create-from-video/
INFO 2025-04-26 16:35:42,013 autoreload 11228 1496 C:\Users\kaler\Desktop\Hindi-New-Feature\hindi-learning-assistant\backend\qa_engine\prompts.py changed, reloading.
INFO 2025-04-26 16:35:44,331 autoreload 22328 15064 Watching for file changes with StatReloader
INFO 2025-04-26 16:35:53,972 autoreload 22328 15064 C:\Users\kaler\Desktop\Hindi-New-Feature\hindi-learning-assistant\backend\qa_engine\prompts.py changed, reloading.
INFO 2025-04-26 16:35:55,896 autoreload 23204 22708 Watching for file changes with StatReloader
INFO 2025-04-26 16:36:00,984 autoreload 23204 22708 C:\Users\kaler\Desktop\Hindi-New-Feature\hindi-learning-assistant\backend\qa_engine\prompts.py changed, reloading.
INFO 2025-04-26 16:36:03,190 autoreload 7480 16452 Watching for file changes with StatReloader
INFO 2025-04-26 16:36:07,559 autoreload 7480 16452 C:\Users\kaler\Desktop\Hindi-New-Feature\hindi-learning-assistant\backend\qa_engine\prompts.py changed, reloading.
INFO 2025-04-26 16:36:09,359 autoreload 15304 20904 Watching for file changes with StatReloader
INFO 2025-04-26 16:36:29,950 autoreload 15304 20904 C:\Users\kaler\Desktop\Hindi-New-Feature\hindi-learning-assistant\backend\qa_engine\prompts.py changed, reloading.
INFO 2025-04-26 16:36:31,791 autoreload 20824 2348 Watching for file changes with StatReloader
INFO 2025-04-26 16:36:37,971 autoreload 20824 2348 C:\Users\kaler\Desktop\Hindi-New-Feature\hindi-learning-assistant\backend\qa_engine\prompts.py changed, reloading.
INFO 2025-04-26 16:36:39,959 autoreload 17912 22496 Watching for file changes with StatReloader
INFO 2025-04-26 16:36:44,439 autoreload 17912 22496 C:\Users\kaler\Desktop\Hindi-New-Feature\hindi-learning-assistant\backend\qa_engine\prompts.py changed, reloading.
INFO 2025-04-26 16:36:46,347 autoreload 22044 9808 Watching for file changes with StatReloader
INFO 2025-04-26 16:36:50,271 autoreload 22044 9808 C:\Users\kaler\Desktop\Hindi-New-Feature\hindi-learning-assistant\backend\qa_engine\prompts.py changed, reloading.
INFO 2025-04-26 16:36:52,180 autoreload 1952 18280 Watching for file changes with StatReloader
INFO 2025-04-26 16:37:03,570 views 1952 12792 Starting transcript creation process
INFO 2025-04-26 16:37:03,571 views 1952 12792 Received video URL: jjy06R8FxOU
INFO 2025-04-26 16:37:03,571 views 1952 12792 Attempting to extract video ID
INFO 2025-04-26 16:37:03,572 youtube_utils 1952 12792 Attempting to extract video ID from URL: jjy06R8FxOU
INFO 2025-04-26 16:37:03,574 youtube_utils 1952 12792 Successfully extracted video ID: jjy06R8FxOU
INFO 2025-04-26 16:37:03,574 views 1952 12792 Extracted video ID: jjy06R8FxOU
INFO 2025-04-26 16:37:03,575 views 1952 12792 Checking for existing transcript for user 6806e1f104cbda6f4dedae9c and video jjy06R8FxOU
INFO 2025-04-26 16:37:03,635 views 1952 12792 Attempting to fetch transcript from YouTube
INFO 2025-04-26 16:37:03,636 youtube_utils 1952 12792 Attempting to fetch transcripts for video ID: jjy06R8FxOU
INFO 2025-04-26 16:37:03,637 youtube_utils 1952 12792 Attempting to fetch transcripts for video ID: jjy06R8FxOU
INFO 2025-04-26 16:37:04,585 youtube_utils 1952 12792 Available languages: ['hi']
INFO 2025-04-26 16:37:04,586 youtube_utils 1952 12792 Found Hindi transcript
INFO 2025-04-26 16:37:04,679 youtube_utils 1952 12792 Successfully fetched hi transcript with 343 entries
INFO 2025-04-26 16:37:04,681 views 1952 12792 Successfully fetched transcript in hi
INFO 2025-04-26 16:37:04,682 youtube_utils 1952 12792 Formatting transcript with 343 entries
INFO 2025-04-26 16:37:04,687 youtube_utils 1952 12792 Formatted transcript length: 12821 characters
INFO 2025-04-26 16:37:04,688 views 1952 12792 Formatted transcript length: 12821
INFO 2025-04-26 16:37:04,688 views 1952 12792 Processing transcript with DeepSeek
INFO 2025-04-26 16:37:04,689 qa_model 1952 12792 Processing transcript of length: 12821
INFO 2025-04-26 16:37:05,262 _client 1952 12792 HTTP Request: POST https://api.deepseek.com/v1/chat/completions "HTTP/1.1 200 OK"
INFO 2025-04-26 16:39:30,791 qa_model 1952 12792 Could not parse response directly as JSON, attempting cleanup
WARNING 2025-04-26 16:39:30,793 qa_model 1952 12792 Response appears to be incomplete (unmatched braces)
ERROR 2025-04-26 16:39:30,797 qa_model 1952 12792 Error in process_transcript: Could not find complete JSON object in response
ERROR 2025-04-26 16:39:30,902 views 1952 12792 Failed to process transcript with DeepSeek: Failed to process transcript: Could not find complete JSON object in response
ERROR 2025-04-26 16:39:30,983 views 1952 12792 ValueError in transcript creation: Failed to process transcript with DeepSeek
WARNING 2025-04-26 16:39:30,985 log 1952 12792 Bad Request: /api/transcripts/create-from-video/
INFO 2025-04-26 16:39:43,659 autoreload 1952 18280 C:\Users\kaler\Desktop\Hindi-New-Feature\hindi-learning-assistant\backend\qa_engine\prompts.py changed, reloading.
INFO 2025-04-26 16:39:45,816 autoreload 16128 9272 Watching for file changes with StatReloader
INFO 2025-04-26 16:39:56,856 autoreload 16128 9272 C:\Users\kaler\Desktop\Hindi-New-Feature\hindi-learning-assistant\backend\qa_engine\prompts.py changed, reloading.
INFO 2025-04-26 16:39:58,458 autoreload 17036 5248 Watching for file changes with StatReloader
INFO 2025-04-26 16:40:02,795 autoreload 17036 5248 C:\Users\kaler\Desktop\Hindi-New-Feature\hindi-learning-assistant\backend\qa_engine\prompts.py changed, reloading.
INFO 2025-04-26 16:40:04,485 autoreload 19500 19552 Watching for file changes with StatReloader
INFO 2025-04-26 16:40:11,282 views 19500 13696 Starting transcript creation process
INFO 2025-04-26 16:40:11,284 views 19500 13696 Received video URL: jjy06R8FxOU
INFO 2025-04-26 16:40:11,285 views 19500 13696 Attempting to extract video ID
INFO 2025-04-26 16:40:11,286 youtube_utils 19500 13696 Attempting to extract video ID from URL: jjy06R8FxOU
INFO 2025-04-26 16:40:11,287 youtube_utils 19500 13696 Successfully extracted video ID: jjy06R8FxOU
INFO 2025-04-26 16:40:11,288 views 19500 13696 Extracted video ID: jjy06R8FxOU
INFO 2025-04-26 16:40:11,288 views 19500 13696 Checking for existing transcript for user 6806e1f104cbda6f4dedae9c and video jjy06R8FxOU
INFO 2025-04-26 16:40:11,348 views 19500 13696 Attempting to fetch transcript from YouTube
INFO 2025-04-26 16:40:11,350 youtube_utils 19500 13696 Attempting to fetch transcripts for video ID: jjy06R8FxOU
INFO 2025-04-26 16:40:11,351 youtube_utils 19500 13696 Attempting to fetch transcripts for video ID: jjy06R8FxOU
INFO 2025-04-26 16:40:12,210 youtube_utils 19500 13696 Available languages: ['hi']
INFO 2025-04-26 16:40:12,211 youtube_utils 19500 13696 Found Hindi transcript
INFO 2025-04-26 16:40:12,304 youtube_utils 19500 13696 Successfully fetched hi transcript with 343 entries
INFO 2025-04-26 16:40:12,306 views 19500 13696 Successfully fetched transcript in hi
INFO 2025-04-26 16:40:12,307 youtube_utils 19500 13696 Formatting transcript with 343 entries
INFO 2025-04-26 16:40:12,310 youtube_utils 19500 13696 Formatted transcript length: 12821 characters
INFO 2025-04-26 16:40:12,311 views 19500 13696 Formatted transcript length: 12821
INFO 2025-04-26 16:40:12,311 views 19500 13696 Processing transcript with DeepSeek
INFO 2025-04-26 16:40:12,312 qa_model 19500 13696 Processing transcript of length: 12821
INFO 2025-04-26 16:40:12,837 _client 19500 13696 HTTP Request: POST https://api.deepseek.com/v1/chat/completions "HTTP/1.1 200 OK"
INFO 2025-04-26 16:42:36,852 qa_model 19500 13696 Could not parse response directly as JSON, attempting cleanup
WARNING 2025-04-26 16:42:36,853 qa_model 19500 13696 Response appears to be incomplete (unmatched braces)
ERROR 2025-04-26 16:42:36,854 qa_model 19500 13696 Error in process_transcript: Could not find complete JSON object in response
ERROR 2025-04-26 16:42:36,886 views 19500 13696 Failed to process transcript with DeepSeek: Failed to process transcript: Could not find complete JSON object in response
ERROR 2025-04-26 16:42:36,905 views 19500 13696 ValueError in transcript creation: Failed to process transcript with DeepSeek
WARNING 2025-04-26 16:42:36,906 log 19500 13696 Bad Request: /api/transcripts/create-from-video/
INFO 2025-04-26 16:42:58,065 autoreload 19500 19552 C:\Users\kaler\Desktop\Hindi-New-Feature\hindi-learning-assistant\backend\qa_engine\prompts.py changed, reloading.
INFO 2025-04-26 16:42:59,927 autoreload 8084 19216 Watching for file changes with StatReloader
INFO 2025-04-26 16:43:05,389 autoreload 8084 19216 C:\Users\kaler\Desktop\Hindi-New-Feature\hindi-learning-assistant\backend\qa_engine\prompts.py changed, reloading.
INFO 2025-04-26 16:43:07,368 autoreload 14720 15308 Watching for file changes with StatReloader
INFO 2025-04-26 16:43:14,633 autoreload 14720 15308 C:\Users\kaler\Desktop\Hindi-New-Feature\hindi-learning-assistant\backend\qa_engine\prompts.py changed, reloading.
INFO 2025-04-26 16:43:16,479 autoreload 20500 23232 Watching for file changes with StatReloader
INFO 2025-04-26 16:43:20,550 autoreload 20500 23232 C:\Users\kaler\Desktop\Hindi-New-Feature\hindi-learning-assistant\backend\qa_engine\prompts.py changed, reloading.
INFO 2025-04-26 16:43:22,336 autoreload 20508 22440 Watching for file changes with StatReloader
INFO 2025-04-26 16:43:42,579 autoreload 3620 22340 Watching for file changes with StatReloader
WARNING 2025-04-26 16:44:07,643 log 3620 21872 Unauthorized: /api/transcripts/create-from-video/
INFO 2025-04-26 16:44:07,710 views 3620 21872 Starting transcript creation process
INFO 2025-04-26 16:44:07,711 views 3620 21872 Received video URL: jjy06R8FxOU
INFO 2025-04-26 16:44:07,711 views 3620 21872 Attempting to extract video ID
INFO 2025-04-26 16:44:07,712 youtube_utils 3620 21872 Attempting to extract video ID from URL: jjy06R8FxOU
INFO 2025-04-26 16:44:07,714 youtube_utils 3620 21872 Successfully extracted video ID: jjy06R8FxOU
INFO 2025-04-26 16:44:07,714 views 3620 21872 Extracted video ID: jjy06R8FxOU
INFO 2025-04-26 16:44:07,715 views 3620 21872 Checking for existing transcript for user 6806e1f104cbda6f4dedae9c and video jjy06R8FxOU
INFO 2025-04-26 16:44:07,776 views 3620 21872 Attempting to fetch transcript from YouTube
INFO 2025-04-26 16:44:07,777 youtube_utils 3620 21872 Attempting to fetch transcripts for video ID: jjy06R8FxOU
INFO 2025-04-26 16:44:07,778 youtube_utils 3620 21872 Attempting to fetch transcripts for video ID: jjy06R8FxOU
INFO 2025-04-26 16:44:08,548 youtube_utils 3620 21872 Available languages: ['hi']
INFO 2025-04-26 16:44:08,549 youtube_utils 3620 21872 Found Hindi transcript
INFO 2025-04-26 16:44:08,635 youtube_utils 3620 21872 Successfully fetched hi transcript with 343 entries
INFO 2025-04-26 16:44:08,636 views 3620 21872 Successfully fetched transcript in hi
INFO 2025-04-26 16:44:08,636 youtube_utils 3620 21872 Formatting transcript with 343 entries
INFO 2025-04-26 16:44:08,641 youtube_utils 3620 21872 Formatted transcript length: 12821 characters
INFO 2025-04-26 16:44:08,641 views 3620 21872 Formatted transcript length: 12821
INFO 2025-04-26 16:44:08,642 views 3620 21872 Processing transcript with DeepSeek
INFO 2025-04-26 16:44:08,643 qa_model 3620 21872 Processing transcript of length: 12821
INFO 2025-04-26 16:44:09,196 _client 3620 21872 HTTP Request: POST https://api.deepseek.com/v1/chat/completions "HTTP/1.1 200 OK"
INFO 2025-04-26 16:46:37,352 autoreload 22280 5372 Watching for file changes with StatReloader
INFO 2025-04-26 16:47:36,411 views 22280 32 Starting transcript creation process
INFO 2025-04-26 16:47:36,417 views 22280 32 Received video URL: jjy06R8FxOU
INFO 2025-04-26 16:47:36,418 views 22280 32 Attempting to extract video ID
INFO 2025-04-26 16:47:36,420 youtube_utils 22280 32 Attempting to extract video ID from URL: jjy06R8FxOU
INFO 2025-04-26 16:47:36,422 youtube_utils 22280 32 Successfully extracted video ID: jjy06R8FxOU
INFO 2025-04-26 16:47:36,423 views 22280 32 Extracted video ID: jjy06R8FxOU
INFO 2025-04-26 16:47:36,423 views 22280 32 Checking for existing transcript for user 6806e1f104cbda6f4dedae9c and video jjy06R8FxOU
INFO 2025-04-26 16:47:36,483 views 22280 32 Attempting to fetch transcript from YouTube
INFO 2025-04-26 16:47:36,484 youtube_utils 22280 32 Attempting to fetch transcripts for video ID: jjy06R8FxOU
INFO 2025-04-26 16:47:36,485 youtube_utils 22280 32 Attempting to fetch transcripts for video ID: jjy06R8FxOU
INFO 2025-04-26 16:47:37,944 youtube_utils 22280 32 Available languages: ['hi']
INFO 2025-04-26 16:47:37,945 youtube_utils 22280 32 Found Hindi transcript
INFO 2025-04-26 16:47:38,026 youtube_utils 22280 32 Successfully fetched hi transcript with 343 entries
INFO 2025-04-26 16:47:38,028 views 22280 32 Successfully fetched transcript in hi
INFO 2025-04-26 16:47:38,029 youtube_utils 22280 32 Formatting transcript with 343 entries
INFO 2025-04-26 16:47:38,033 youtube_utils 22280 32 Formatted transcript length: 12821 characters
INFO 2025-04-26 16:47:38,033 views 22280 32 Formatted transcript length: 12821
INFO 2025-04-26 16:47:38,034 views 22280 32 Processing transcript with DeepSeek
INFO 2025-04-26 16:47:38,035 qa_model 22280 32 Processing transcript of length: 12821
INFO 2025-04-26 16:47:38,584 _client 22280 32 HTTP Request: POST https://api.deepseek.com/v1/chat/completions "HTTP/1.1 200 OK"
INFO 2025-04-26 16:50:05,505 qa_model 22280 32 Could not parse response directly as JSON, attempting cleanup
WARNING 2025-04-26 16:50:05,506 qa_model 22280 32 Response appears to be incomplete (unmatched braces)
ERROR 2025-04-26 16:50:05,507 qa_model 22280 32 Error in process_transcript: Could not find complete JSON object in response
ERROR 2025-04-26 16:50:05,563 views 22280 32 Failed to process transcript with DeepSeek: Failed to process transcript: Could not find complete JSON object in response
ERROR 2025-04-26 16:50:05,612 views 22280 32 ValueError in transcript creation: Failed to process transcript with DeepSeek
WARNING 2025-04-26 16:50:05,615 log 22280 32 Bad Request: /api/transcripts/create-from-video/
INFO 2025-04-26 16:51:16,814 autoreload 22280 5372 C:\Users\kaler\Desktop\Hindi-New-Feature\hindi-learning-assistant\backend\qa_engine\prompts.py changed, reloading.
INFO 2025-04-26 16:51:19,058 autoreload 18172 2396 Watching for file changes with StatReloader
INFO 2025-04-26 16:51:33,992 autoreload 18172 2396 C:\Users\kaler\Desktop\Hindi-New-Feature\hindi-learning-assistant\backend\qa_engine\prompts.py changed, reloading.
INFO 2025-04-26 16:51:35,516 autoreload 15668 2168 Watching for file changes with StatReloader
INFO 2025-04-26 16:51:55,372 autoreload 10448 17888 Watching for file changes with StatReloader
INFO 2025-04-26 16:52:44,490 views 10448 17756 Starting transcript creation process
INFO 2025-04-26 16:52:44,491 views 10448 17756 Received video URL: jjy06R8FxOU
INFO 2025-04-26 16:52:44,491 views 10448 17756 Attempting to extract video ID
INFO 2025-04-26 16:52:44,493 youtube_utils 10448 17756 Attempting to extract video ID from URL: jjy06R8FxOU
INFO 2025-04-26 16:52:44,494 youtube_utils 10448 17756 Successfully extracted video ID: jjy06R8FxOU
INFO 2025-04-26 16:52:44,495 views 10448 17756 Extracted video ID: jjy06R8FxOU
INFO 2025-04-26 16:52:44,496 views 10448 17756 Checking for existing transcript for user 6806e1f104cbda6f4dedae9c and video jjy06R8FxOU
INFO 2025-04-26 16:52:44,556 views 10448 17756 Attempting to fetch transcript from YouTube
INFO 2025-04-26 16:52:44,557 youtube_utils 10448 17756 Attempting to fetch transcripts for video ID: jjy06R8FxOU
INFO 2025-04-26 16:52:44,557 youtube_utils 10448 17756 Attempting to fetch transcripts for video ID: jjy06R8FxOU
INFO 2025-04-26 16:52:45,472 youtube_utils 10448 17756 Available languages: ['hi']
INFO 2025-04-26 16:52:45,473 youtube_utils 10448 17756 Found Hindi transcript
INFO 2025-04-26 16:52:45,768 youtube_utils 10448 17756 Successfully fetched hi transcript with 343 entries
INFO 2025-04-26 16:52:45,769 views 10448 17756 Successfully fetched transcript in hi
INFO 2025-04-26 16:52:45,771 youtube_utils 10448 17756 Formatting transcript with 343 entries
INFO 2025-04-26 16:52:45,776 youtube_utils 10448 17756 Formatted transcript length: 12821 characters
INFO 2025-04-26 16:52:45,777 views 10448 17756 Formatted transcript length: 12821
INFO 2025-04-26 16:52:45,777 views 10448 17756 Processing transcript with DeepSeek
INFO 2025-04-26 16:52:45,778 qa_model 10448 17756 Processing transcript of length: 12821
INFO 2025-04-26 16:52:46,860 _client 10448 17756 HTTP Request: POST https://api.deepseek.com/v1/chat/completions "HTTP/1.1 200 OK"
INFO 2025-04-26 16:55:13,388 qa_model 10448 17756 Could not parse response directly as JSON, attempting cleanup
WARNING 2025-04-26 16:55:13,389 qa_model 10448 17756 Response appears to be incomplete (unmatched braces)
ERROR 2025-04-26 16:55:13,391 qa_model 10448 17756 Error in process_transcript: Could not find complete JSON object in response
ERROR 2025-04-26 16:55:13,439 views 10448 17756 Failed to process transcript with DeepSeek: Failed to process transcript: Could not find complete JSON object in response
ERROR 2025-04-26 16:55:13,465 views 10448 17756 ValueError in transcript creation: Failed to process transcript with DeepSeek
WARNING 2025-04-26 16:55:13,466 log 10448 17756 Bad Request: /api/transcripts/create-from-video/
INFO 2025-04-26 17:00:23,769 autoreload 10448 17888 C:\Users\kaler\Desktop\Hindi-New-Feature\hindi-learning-assistant\backend\qa_engine\deepseek_utils.py changed, reloading.
INFO 2025-04-26 17:00:25,532 autoreload 18904 8804 Watching for file changes with StatReloader
INFO 2025-04-26 17:00:59,242 autoreload 16716 19244 Watching for file changes with StatReloader
INFO 2025-04-26 17:02:04,972 views 16716 19272 Starting transcript creation process
INFO 2025-04-26 17:02:04,973 views 16716 19272 Received video URL: jjy06R8FxOU
INFO 2025-04-26 17:02:04,975 views 16716 19272 Attempting to extract video ID
INFO 2025-04-26 17:02:04,976 youtube_utils 16716 19272 Attempting to extract video ID from URL: jjy06R8FxOU
INFO 2025-04-26 17:02:04,978 youtube_utils 16716 19272 Successfully extracted video ID: jjy06R8FxOU
INFO 2025-04-26 17:02:04,980 views 16716 19272 Extracted video ID: jjy06R8FxOU
INFO 2025-04-26 17:02:04,981 views 16716 19272 Checking for existing transcript for user 6806e1f104cbda6f4dedae9c and video jjy06R8FxOU
INFO 2025-04-26 17:02:05,042 views 16716 19272 Attempting to fetch transcript from YouTube
INFO 2025-04-26 17:02:05,043 youtube_utils 16716 19272 Attempting to fetch transcripts for video ID: jjy06R8FxOU
INFO 2025-04-26 17:02:05,044 youtube_utils 16716 19272 Attempting to fetch transcripts for video ID: jjy06R8FxOU
INFO 2025-04-26 17:02:05,758 youtube_utils 16716 19272 Available languages: ['hi']
INFO 2025-04-26 17:02:05,759 youtube_utils 16716 19272 Found Hindi transcript
INFO 2025-04-26 17:02:05,849 youtube_utils 16716 19272 Successfully fetched hi transcript with 343 entries
INFO 2025-04-26 17:02:05,850 views 16716 19272 Successfully fetched transcript in hi
INFO 2025-04-26 17:02:05,851 youtube_utils 16716 19272 Formatting transcript with 343 entries
INFO 2025-04-26 17:02:05,855 youtube_utils 16716 19272 Formatted transcript length: 12821 characters
INFO 2025-04-26 17:02:05,855 views 16716 19272 Formatted transcript length: 12821
INFO 2025-04-26 17:02:05,856 views 16716 19272 Processing transcript with DeepSeek
INFO 2025-04-26 17:02:05,857 qa_model 16716 19272 Processing transcript of length: 12821
INFO 2025-04-26 17:02:06,360 _client 16716 19272 HTTP Request: POST https://api.deepseek.com/v1/chat/completions "HTTP/1.1 200 OK"
INFO 2025-04-26 17:04:37,727 qa_model 16716 19272 Could not parse response directly as JSON, attempting cleanup
WARNING 2025-04-26 17:04:37,728 qa_model 16716 19272 Response appears to be incomplete (unmatched braces)
ERROR 2025-04-26 17:04:37,729 qa_model 16716 19272 Error in process_transcript: Could not find complete JSON object in response
ERROR 2025-04-26 17:04:37,752 views 16716 19272 Failed to process transcript with DeepSeek: Failed to process transcript: Could not find complete JSON object in response
ERROR 2025-04-26 17:04:37,772 views 16716 19272 ValueError in transcript creation: Failed to process transcript with DeepSeek
WARNING 2025-04-26 17:04:37,775 log 16716 19272 Bad Request: /api/transcripts/create-from-video/
INFO 2025-04-26 17:05:41,742 autoreload 16716 19244 C:\Users\kaler\Desktop\Hindi-New-Feature\hindi-learning-assistant\backend\qa_engine\deepseek_utils.py changed, reloading.
INFO 2025-04-26 17:05:43,607 autoreload 21144 18996 Watching for file changes with StatReloader
INFO 2025-04-26 17:05:51,037 views 21144 19304 Starting transcript creation process
INFO 2025-04-26 17:05:51,038 views 21144 19304 Received video URL: jjy06R8FxOU
INFO 2025-04-26 17:05:51,039 views 21144 19304 Attempting to extract video ID
INFO 2025-04-26 17:05:51,039 youtube_utils 21144 19304 Attempting to extract video ID from URL: jjy06R8FxOU
INFO 2025-04-26 17:05:51,041 youtube_utils 21144 19304 Successfully extracted video ID: jjy06R8FxOU
INFO 2025-04-26 17:05:51,042 views 21144 19304 Extracted video ID: jjy06R8FxOU
INFO 2025-04-26 17:05:51,043 views 21144 19304 Checking for existing transcript for user 6806e1f104cbda6f4dedae9c and video jjy06R8FxOU
INFO 2025-04-26 17:05:51,299 views 21144 19304 Attempting to fetch transcript from YouTube
INFO 2025-04-26 17:05:51,300 youtube_utils 21144 19304 Attempting to fetch transcripts for video ID: jjy06R8FxOU
INFO 2025-04-26 17:05:51,301 youtube_utils 21144 19304 Attempting to fetch transcripts for video ID: jjy06R8FxOU
INFO 2025-04-26 17:05:52,188 youtube_utils 21144 19304 Available languages: ['hi']
INFO 2025-04-26 17:05:52,189 youtube_utils 21144 19304 Found Hindi transcript
INFO 2025-04-26 17:05:52,276 youtube_utils 21144 19304 Successfully fetched hi transcript with 343 entries
INFO 2025-04-26 17:05:52,277 views 21144 19304 Successfully fetched transcript in hi
INFO 2025-04-26 17:05:52,278 youtube_utils 21144 19304 Formatting transcript with 343 entries
INFO 2025-04-26 17:05:52,283 youtube_utils 21144 19304 Formatted transcript length: 12821 characters
INFO 2025-04-26 17:05:52,284 views 21144 19304 Formatted transcript length: 12821
INFO 2025-04-26 17:05:52,285 views 21144 19304 Processing transcript with DeepSeek
INFO 2025-04-26 17:05:52,286 qa_model 21144 19304 Processing transcript of length: 12821
INFO 2025-04-26 17:05:52,809 _client 21144 19304 HTTP Request: POST https://api.deepseek.com/v1/chat/completions "HTTP/1.1 200 OK"
INFO 2025-04-26 17:10:09,074 qa_model 21144 19304 Could not parse response directly as JSON, attempting cleanup
WARNING 2025-04-26 17:10:09,076 qa_model 21144 19304 Response appears to be incomplete (unmatched braces)
ERROR 2025-04-26 17:10:09,078 qa_model 21144 19304 Error in process_transcript: Could not find complete JSON object in response
ERROR 2025-04-26 17:10:09,181 views 21144 19304 Failed to process transcript with DeepSeek: Failed to process transcript: Could not find complete JSON object in response
ERROR 2025-04-26 17:10:09,247 views 21144 19304 ValueError in transcript creation: Failed to process transcript with DeepSeek
WARNING 2025-04-26 17:10:09,249 log 21144 19304 Bad Request: /api/transcripts/create-from-video/
INFO 2025-04-26 17:10:09,453 autoreload 21144 18996 C:\Users\kaler\Desktop\Hindi-New-Feature\hindi-learning-assistant\backend\qa_engine\deepseek_utils.py changed, reloading.
INFO 2025-04-26 17:10:12,000 autoreload 6592 19416 Watching for file changes with StatReloader
INFO 2025-04-26 17:10:32,403 autoreload 6592 19416 C:\Users\kaler\Desktop\Hindi-New-Feature\hindi-learning-assistant\backend\qa_engine\deepseek_utils.py changed, reloading.
INFO 2025-04-26 17:10:34,435 autoreload 9280 1436 Watching for file changes with StatReloader
INFO 2025-04-26 17:10:45,737 views 9280 22900 Starting transcript creation process
INFO 2025-04-26 17:10:45,739 views 9280 22900 Received video URL: jjy06R8FxOU
INFO 2025-04-26 17:10:45,740 views 9280 22900 Attempting to extract video ID
INFO 2025-04-26 17:10:45,741 youtube_utils 9280 22900 Attempting to extract video ID from URL: jjy06R8FxOU
INFO 2025-04-26 17:10:45,743 youtube_utils 9280 22900 Successfully extracted video ID: jjy06R8FxOU
INFO 2025-04-26 17:10:45,744 views 9280 22900 Extracted video ID: jjy06R8FxOU
INFO 2025-04-26 17:10:45,745 views 9280 22900 Checking for existing transcript for user 6806e1f104cbda6f4dedae9c and video jjy06R8FxOU
INFO 2025-04-26 17:10:45,816 views 9280 22900 Attempting to fetch transcript from YouTube
INFO 2025-04-26 17:10:45,818 youtube_utils 9280 22900 Attempting to fetch transcripts for video ID: jjy06R8FxOU
INFO 2025-04-26 17:10:45,820 youtube_utils 9280 22900 Attempting to fetch transcripts for video ID: jjy06R8FxOU
INFO 2025-04-26 17:10:46,545 youtube_utils 9280 22900 Available languages: ['hi']
INFO 2025-04-26 17:10:46,547 youtube_utils 9280 22900 Found Hindi transcript
INFO 2025-04-26 17:10:46,808 youtube_utils 9280 22900 Successfully fetched hi transcript with 343 entries
INFO 2025-04-26 17:10:46,809 views 9280 22900 Successfully fetched transcript in hi
INFO 2025-04-26 17:10:46,811 youtube_utils 9280 22900 Formatting transcript with 343 entries
INFO 2025-04-26 17:10:46,816 youtube_utils 9280 22900 Formatted transcript length: 12821 characters
INFO 2025-04-26 17:10:46,817 views 9280 22900 Formatted transcript length: 12821
INFO 2025-04-26 17:10:46,820 views 9280 22900 Processing transcript with DeepSeek
INFO 2025-04-26 17:10:46,822 qa_model 9280 22900 Processing transcript of length: 12821
INFO 2025-04-26 17:10:47,399 _client 9280 22900 HTTP Request: POST https://api.deepseek.com/v1/chat/completions "HTTP/1.1 200 OK"
INFO 2025-04-26 17:13:00,295 qa_model 9280 22900 Could not parse response directly as JSON, attempting cleanup
WARNING 2025-04-26 17:13:00,297 qa_model 9280 22900 Response appears to be incomplete (unmatched braces)
ERROR 2025-04-26 17:13:00,303 qa_model 9280 22900 Error in process_transcript: Could not find complete JSON object in response
ERROR 2025-04-26 17:13:00,403 views 9280 22900 Failed to process transcript with DeepSeek: Failed to process transcript: Could not find complete JSON object in response
ERROR 2025-04-26 17:13:00,481 views 9280 22900 ValueError in transcript creation: Failed to process transcript with DeepSeek
WARNING 2025-04-26 17:13:00,487 log 9280 22900 Bad Request: /api/transcripts/create-from-video/
INFO 2025-04-26 17:16:34,279 views 9280 18944 Starting transcript creation process
INFO 2025-04-26 17:16:34,281 views 9280 18944 Received video URL: UayIEps9Y70
INFO 2025-04-26 17:16:34,282 views 9280 18944 Attempting to extract video ID
INFO 2025-04-26 17:16:34,283 youtube_utils 9280 18944 Attempting to extract video ID from URL: UayIEps9Y70
INFO 2025-04-26 17:16:34,285 youtube_utils 9280 18944 Successfully extracted video ID: UayIEps9Y70
INFO 2025-04-26 17:16:34,287 views 9280 18944 Extracted video ID: UayIEps9Y70
INFO 2025-04-26 17:16:34,289 views 9280 18944 Checking for existing transcript for user 6806e1f104cbda6f4dedae9c and video UayIEps9Y70
INFO 2025-04-26 17:16:34,349 views 9280 18944 Attempting to fetch transcript from YouTube
INFO 2025-04-26 17:16:34,351 youtube_utils 9280 18944 Attempting to fetch transcripts for video ID: UayIEps9Y70
INFO 2025-04-26 17:16:34,354 youtube_utils 9280 18944 Attempting to fetch transcripts for video ID: UayIEps9Y70
INFO 2025-04-26 17:16:35,080 youtube_utils 9280 18944 Available languages: ['en', 'hi', 'hi']
INFO 2025-04-26 17:16:35,082 youtube_utils 9280 18944 Found Hindi transcript
INFO 2025-04-26 17:16:35,168 youtube_utils 9280 18944 Successfully fetched hi transcript with 30 entries
INFO 2025-04-26 17:16:35,171 views 9280 18944 Successfully fetched transcript in hi
INFO 2025-04-26 17:16:35,173 youtube_utils 9280 18944 Formatting transcript with 30 entries
INFO 2025-04-26 17:16:35,175 youtube_utils 9280 18944 Formatted transcript length: 1084 characters
INFO 2025-04-26 17:16:35,177 views 9280 18944 Formatted transcript length: 1084
INFO 2025-04-26 17:16:35,178 views 9280 18944 Processing transcript with DeepSeek
INFO 2025-04-26 17:16:35,180 qa_model 9280 18944 Processing transcript of length: 1084
INFO 2025-04-26 17:16:35,536 _client 9280 18944 HTTP Request: POST https://api.deepseek.com/v1/chat/completions "HTTP/1.1 200 OK"
INFO 2025-04-26 17:17:22,968 qa_model 9280 18944 Successfully parsed JSON directly from response
INFO 2025-04-26 17:17:22,971 views 9280 18944 Successfully processed transcript with DeepSeek
INFO 2025-04-26 17:17:22,973 views 9280 18944 Attempting to save processed transcript to MongoDB
INFO 2025-04-26 17:17:23,133 views 9280 18944 Successfully saved processed transcript to MongoDB
INFO 2025-04-26 17:17:23,134 views 9280 18944 Successfully completed transcript creation and processing
ERROR 2025-04-26 17:21:50,278 log 9280 2244 Internal Server Error: /api/transcripts/680d664cdff67cc69202c098/toggle_favorite/
Traceback (most recent call last):
  File "C:\Users\kaler\AppData\Local\Programs\Python\Python39\lib\site-packages\django\core\handlers\exception.py", line 55, in inner
    response = get_response(request)
  File "C:\Users\kaler\AppData\Local\Programs\Python\Python39\lib\site-packages\django\core\handlers\base.py", line 220, in _get_response
    response = response.render()
  File "C:\Users\kaler\AppData\Local\Programs\Python\Python39\lib\site-packages\django\template\response.py", line 114, in render
    self.content = self.rendered_content
  File "C:\Users\kaler\AppData\Local\Programs\Python\Python39\lib\site-packages\rest_framework\response.py", line 70, in rendered_content
    ret = renderer.render(self.data, accepted_media_type, context)
  File "C:\Users\kaler\AppData\Local\Programs\Python\Python39\lib\site-packages\rest_framework\renderers.py", line 99, in render
    ret = json.dumps(
  File "C:\Users\kaler\AppData\Local\Programs\Python\Python39\lib\site-packages\rest_framework\utils\json.py", line 25, in dumps
    return json.dumps(*args, **kwargs)
  File "C:\Users\kaler\AppData\Local\Programs\Python\Python39\lib\json\__init__.py", line 234, in dumps
    return cls(
  File "C:\Users\kaler\AppData\Local\Programs\Python\Python39\lib\json\encoder.py", line 199, in encode
    chunks = self.iterencode(o, _one_shot=True)
  File "C:\Users\kaler\AppData\Local\Programs\Python\Python39\lib\json\encoder.py", line 257, in iterencode
    return _iterencode(o, 0)
  File "C:\Users\kaler\AppData\Local\Programs\Python\Python39\lib\site-packages\rest_framework\utils\encoders.py", line 67, in default
    return super().default(obj)
  File "C:\Users\kaler\AppData\Local\Programs\Python\Python39\lib\json\encoder.py", line 179, in default
    raise TypeError(f'Object of type {o.__class__.__name__} '
TypeError: Object of type ObjectId is not JSON serializable
ERROR 2025-04-26 17:21:52,739 log 9280 2244 Internal Server Error: /api/transcripts/680d664cdff67cc69202c098/toggle_favorite/
Traceback (most recent call last):
  File "C:\Users\kaler\AppData\Local\Programs\Python\Python39\lib\site-packages\django\core\handlers\exception.py", line 55, in inner
    response = get_response(request)
  File "C:\Users\kaler\AppData\Local\Programs\Python\Python39\lib\site-packages\django\core\handlers\base.py", line 220, in _get_response
    response = response.render()
  File "C:\Users\kaler\AppData\Local\Programs\Python\Python39\lib\site-packages\django\template\response.py", line 114, in render
    self.content = self.rendered_content
  File "C:\Users\kaler\AppData\Local\Programs\Python\Python39\lib\site-packages\rest_framework\response.py", line 70, in rendered_content
    ret = renderer.render(self.data, accepted_media_type, context)
  File "C:\Users\kaler\AppData\Local\Programs\Python\Python39\lib\site-packages\rest_framework\renderers.py", line 99, in render
    ret = json.dumps(
  File "C:\Users\kaler\AppData\Local\Programs\Python\Python39\lib\site-packages\rest_framework\utils\json.py", line 25, in dumps
    return json.dumps(*args, **kwargs)
  File "C:\Users\kaler\AppData\Local\Programs\Python\Python39\lib\json\__init__.py", line 234, in dumps
    return cls(
  File "C:\Users\kaler\AppData\Local\Programs\Python\Python39\lib\json\encoder.py", line 199, in encode
    chunks = self.iterencode(o, _one_shot=True)
  File "C:\Users\kaler\AppData\Local\Programs\Python\Python39\lib\json\encoder.py", line 257, in iterencode
    return _iterencode(o, 0)
  File "C:\Users\kaler\AppData\Local\Programs\Python\Python39\lib\site-packages\rest_framework\utils\encoders.py", line 67, in default
    return super().default(obj)
  File "C:\Users\kaler\AppData\Local\Programs\Python\Python39\lib\json\encoder.py", line 179, in default
    raise TypeError(f'Object of type {o.__class__.__name__} '
TypeError: Object of type ObjectId is not JSON serializable
ERROR 2025-04-26 17:21:54,059 log 9280 2244 Internal Server Error: /api/transcripts/680d7792d154ad0d4544e5f6/toggle_favorite/
Traceback (most recent call last):
  File "C:\Users\kaler\AppData\Local\Programs\Python\Python39\lib\site-packages\django\core\handlers\exception.py", line 55, in inner
    response = get_response(request)
  File "C:\Users\kaler\AppData\Local\Programs\Python\Python39\lib\site-packages\django\core\handlers\base.py", line 220, in _get_response
    response = response.render()
  File "C:\Users\kaler\AppData\Local\Programs\Python\Python39\lib\site-packages\django\template\response.py", line 114, in render
    self.content = self.rendered_content
  File "C:\Users\kaler\AppData\Local\Programs\Python\Python39\lib\site-packages\rest_framework\response.py", line 70, in rendered_content
    ret = renderer.render(self.data, accepted_media_type, context)
  File "C:\Users\kaler\AppData\Local\Programs\Python\Python39\lib\site-packages\rest_framework\renderers.py", line 99, in render
    ret = json.dumps(
  File "C:\Users\kaler\AppData\Local\Programs\Python\Python39\lib\site-packages\rest_framework\utils\json.py", line 25, in dumps
    return json.dumps(*args, **kwargs)
  File "C:\Users\kaler\AppData\Local\Programs\Python\Python39\lib\json\__init__.py", line 234, in dumps
    return cls(
  File "C:\Users\kaler\AppData\Local\Programs\Python\Python39\lib\json\encoder.py", line 199, in encode
    chunks = self.iterencode(o, _one_shot=True)
  File "C:\Users\kaler\AppData\Local\Programs\Python\Python39\lib\json\encoder.py", line 257, in iterencode
    return _iterencode(o, 0)
  File "C:\Users\kaler\AppData\Local\Programs\Python\Python39\lib\site-packages\rest_framework\utils\encoders.py", line 67, in default
    return super().default(obj)
  File "C:\Users\kaler\AppData\Local\Programs\Python\Python39\lib\json\encoder.py", line 179, in default
    raise TypeError(f'Object of type {o.__class__.__name__} '
TypeError: Object of type ObjectId is not JSON serializable
ERROR 2025-04-26 17:22:12,285 log 9280 2244 Internal Server Error: /api/transcripts/680d7792d154ad0d4544e5f6/toggle_favorite/
Traceback (most recent call last):
  File "C:\Users\kaler\AppData\Local\Programs\Python\Python39\lib\site-packages\django\core\handlers\exception.py", line 55, in inner
    response = get_response(request)
  File "C:\Users\kaler\AppData\Local\Programs\Python\Python39\lib\site-packages\django\core\handlers\base.py", line 220, in _get_response
    response = response.render()
  File "C:\Users\kaler\AppData\Local\Programs\Python\Python39\lib\site-packages\django\template\response.py", line 114, in render
    self.content = self.rendered_content
  File "C:\Users\kaler\AppData\Local\Programs\Python\Python39\lib\site-packages\rest_framework\response.py", line 70, in rendered_content
    ret = renderer.render(self.data, accepted_media_type, context)
  File "C:\Users\kaler\AppData\Local\Programs\Python\Python39\lib\site-packages\rest_framework\renderers.py", line 99, in render
    ret = json.dumps(
  File "C:\Users\kaler\AppData\Local\Programs\Python\Python39\lib\site-packages\rest_framework\utils\json.py", line 25, in dumps
    return json.dumps(*args, **kwargs)
  File "C:\Users\kaler\AppData\Local\Programs\Python\Python39\lib\json\__init__.py", line 234, in dumps
    return cls(
  File "C:\Users\kaler\AppData\Local\Programs\Python\Python39\lib\json\encoder.py", line 199, in encode
    chunks = self.iterencode(o, _one_shot=True)
  File "C:\Users\kaler\AppData\Local\Programs\Python\Python39\lib\json\encoder.py", line 257, in iterencode
    return _iterencode(o, 0)
  File "C:\Users\kaler\AppData\Local\Programs\Python\Python39\lib\site-packages\rest_framework\utils\encoders.py", line 67, in default
    return super().default(obj)
  File "C:\Users\kaler\AppData\Local\Programs\Python\Python39\lib\json\encoder.py", line 179, in default
    raise TypeError(f'Object of type {o.__class__.__name__} '
TypeError: Object of type ObjectId is not JSON serializable
ERROR 2025-04-26 17:22:36,336 log 9280 2244 Internal Server Error: /api/transcripts/680d7792d154ad0d4544e5f6/toggle_favorite/
Traceback (most recent call last):
  File "C:\Users\kaler\AppData\Local\Programs\Python\Python39\lib\site-packages\django\core\handlers\exception.py", line 55, in inner
    response = get_response(request)
  File "C:\Users\kaler\AppData\Local\Programs\Python\Python39\lib\site-packages\django\core\handlers\base.py", line 220, in _get_response
    response = response.render()
  File "C:\Users\kaler\AppData\Local\Programs\Python\Python39\lib\site-packages\django\template\response.py", line 114, in render
    self.content = self.rendered_content
  File "C:\Users\kaler\AppData\Local\Programs\Python\Python39\lib\site-packages\rest_framework\response.py", line 70, in rendered_content
    ret = renderer.render(self.data, accepted_media_type, context)
  File "C:\Users\kaler\AppData\Local\Programs\Python\Python39\lib\site-packages\rest_framework\renderers.py", line 99, in render
    ret = json.dumps(
  File "C:\Users\kaler\AppData\Local\Programs\Python\Python39\lib\site-packages\rest_framework\utils\json.py", line 25, in dumps
    return json.dumps(*args, **kwargs)
  File "C:\Users\kaler\AppData\Local\Programs\Python\Python39\lib\json\__init__.py", line 234, in dumps
    return cls(
  File "C:\Users\kaler\AppData\Local\Programs\Python\Python39\lib\json\encoder.py", line 199, in encode
    chunks = self.iterencode(o, _one_shot=True)
  File "C:\Users\kaler\AppData\Local\Programs\Python\Python39\lib\json\encoder.py", line 257, in iterencode
    return _iterencode(o, 0)
  File "C:\Users\kaler\AppData\Local\Programs\Python\Python39\lib\site-packages\rest_framework\utils\encoders.py", line 67, in default
    return super().default(obj)
  File "C:\Users\kaler\AppData\Local\Programs\Python\Python39\lib\json\encoder.py", line 179, in default
    raise TypeError(f'Object of type {o.__class__.__name__} '
TypeError: Object of type ObjectId is not JSON serializable
INFO 2025-04-26 17:23:34,774 autoreload 9280 1436 C:\Users\kaler\Desktop\Hindi-New-Feature\hindi-learning-assistant\backend\api\views.py changed, reloading.
INFO 2025-04-26 17:23:38,100 autoreload 10344 22660 Watching for file changes with StatReloader
INFO 2025-04-26 17:29:22,606 autoreload 10344 22660 C:\Users\kaler\Desktop\Hindi-New-Feature\hindi-learning-assistant\backend\api\views.py changed, reloading.
INFO 2025-04-26 17:29:25,023 autoreload 19976 19820 Watching for file changes with StatReloader
INFO 2025-04-26 17:32:03,955 autoreload 19976 19820 C:\Users\kaler\Desktop\Hindi-New-Feature\hindi-learning-assistant\backend\api\views.py changed, reloading.
INFO 2025-04-26 17:32:07,137 autoreload 19000 19620 Watching for file changes with StatReloader
INFO 2025-04-26 17:33:22,616 autoreload 19000 19620 C:\Users\kaler\Desktop\Hindi-New-Feature\hindi-learning-assistant\backend\api\views.py changed, reloading.
INFO 2025-04-26 17:33:26,217 autoreload 3544 1524 Watching for file changes with StatReloader
INFO 2025-04-26 17:34:34,911 _client 3544 21636 HTTP Request: POST https://api.deepseek.com/v1/chat/completions "HTTP/1.1 200 OK"
INFO 2025-04-26 17:34:52,301 _client 3544 21636 HTTP Request: POST https://api.deepseek.com/v1/chat/completions "HTTP/1.1 200 OK"
INFO 2025-04-26 17:35:18,837 _client 3544 21636 HTTP Request: POST https://api.deepseek.com/v1/chat/completions "HTTP/1.1 200 OK"
ERROR 2025-04-26 17:36:09,839 log 3544 21636 Internal Server Error: /api/transcripts/1rBj2Z4ea-U/
Traceback (most recent call last):
  File "C:\Users\kaler\AppData\Local\Programs\Python\Python39\lib\site-packages\django\core\handlers\exception.py", line 55, in inner
    response = get_response(request)
  File "C:\Users\kaler\AppData\Local\Programs\Python\Python39\lib\site-packages\django\core\handlers\base.py", line 197, in _get_response
    response = wrapped_callback(request, *callback_args, **callback_kwargs)
  File "C:\Users\kaler\AppData\Local\Programs\Python\Python39\lib\site-packages\django\views\decorators\csrf.py", line 56, in wrapper_view
    return view_func(*args, **kwargs)
  File "C:\Users\kaler\AppData\Local\Programs\Python\Python39\lib\site-packages\rest_framework\viewsets.py", line 125, in view
    return self.dispatch(request, *args, **kwargs)
  File "C:\Users\kaler\AppData\Local\Programs\Python\Python39\lib\site-packages\rest_framework\views.py", line 509, in dispatch
    response = self.handle_exception(exc)
  File "C:\Users\kaler\AppData\Local\Programs\Python\Python39\lib\site-packages\rest_framework\views.py", line 469, in handle_exception
    self.raise_uncaught_exception(exc)
  File "C:\Users\kaler\AppData\Local\Programs\Python\Python39\lib\site-packages\rest_framework\views.py", line 480, in raise_uncaught_exception
    raise exc
  File "C:\Users\kaler\AppData\Local\Programs\Python\Python39\lib\site-packages\rest_framework\views.py", line 506, in dispatch
    response = handler(request, *args, **kwargs)
  File "C:\Users\kaler\AppData\Local\Programs\Python\Python39\lib\site-packages\rest_framework\mixins.py", line 54, in retrieve
    instance = self.get_object()
  File "C:\Users\kaler\Desktop\Hindi-New-Feature\hindi-learning-assistant\backend\api\views.py", line 188, in get_object
    transcript = mongo_service.db.transcripts.find_one({'_id': ObjectId(pk)})
  File "C:\Users\kaler\AppData\Local\Programs\Python\Python39\lib\site-packages\bson\objectid.py", line 103, in __init__
    self.__validate(oid)
  File "C:\Users\kaler\AppData\Local\Programs\Python\Python39\lib\site-packages\bson\objectid.py", line 201, in __validate
    _raise_invalid_id(oid)
  File "C:\Users\kaler\AppData\Local\Programs\Python\Python39\lib\site-packages\bson\objectid.py", line 35, in _raise_invalid_id
    raise InvalidId(
bson.errors.InvalidId: '1rBj2Z4ea-U' is not a valid ObjectId, it must be a 12-byte input or a 24-character hex string
ERROR 2025-04-26 17:36:10,127 log 3544 14252 Internal Server Error: /api/transcripts/1rBj2Z4ea-U/
Traceback (most recent call last):
  File "C:\Users\kaler\AppData\Local\Programs\Python\Python39\lib\site-packages\django\core\handlers\exception.py", line 55, in inner
    response = get_response(request)
  File "C:\Users\kaler\AppData\Local\Programs\Python\Python39\lib\site-packages\django\core\handlers\base.py", line 197, in _get_response
    response = wrapped_callback(request, *callback_args, **callback_kwargs)
  File "C:\Users\kaler\AppData\Local\Programs\Python\Python39\lib\site-packages\django\views\decorators\csrf.py", line 56, in wrapper_view
    return view_func(*args, **kwargs)
  File "C:\Users\kaler\AppData\Local\Programs\Python\Python39\lib\site-packages\rest_framework\viewsets.py", line 125, in view
    return self.dispatch(request, *args, **kwargs)
  File "C:\Users\kaler\AppData\Local\Programs\Python\Python39\lib\site-packages\rest_framework\views.py", line 509, in dispatch
    response = self.handle_exception(exc)
  File "C:\Users\kaler\AppData\Local\Programs\Python\Python39\lib\site-packages\rest_framework\views.py", line 469, in handle_exception
    self.raise_uncaught_exception(exc)
  File "C:\Users\kaler\AppData\Local\Programs\Python\Python39\lib\site-packages\rest_framework\views.py", line 480, in raise_uncaught_exception
    raise exc
  File "C:\Users\kaler\AppData\Local\Programs\Python\Python39\lib\site-packages\rest_framework\views.py", line 506, in dispatch
    response = handler(request, *args, **kwargs)
  File "C:\Users\kaler\AppData\Local\Programs\Python\Python39\lib\site-packages\rest_framework\mixins.py", line 54, in retrieve
    instance = self.get_object()
  File "C:\Users\kaler\Desktop\Hindi-New-Feature\hindi-learning-assistant\backend\api\views.py", line 188, in get_object
    transcript = mongo_service.db.transcripts.find_one({'_id': ObjectId(pk)})
  File "C:\Users\kaler\AppData\Local\Programs\Python\Python39\lib\site-packages\bson\objectid.py", line 103, in __init__
    self.__validate(oid)
  File "C:\Users\kaler\AppData\Local\Programs\Python\Python39\lib\site-packages\bson\objectid.py", line 201, in __validate
    _raise_invalid_id(oid)
  File "C:\Users\kaler\AppData\Local\Programs\Python\Python39\lib\site-packages\bson\objectid.py", line 35, in _raise_invalid_id
    raise InvalidId(
bson.errors.InvalidId: '1rBj2Z4ea-U' is not a valid ObjectId, it must be a 12-byte input or a 24-character hex string
ERROR 2025-04-26 17:36:15,816 log 3544 21636 Internal Server Error: /api/transcripts/1rBj2Z4ea-U/
Traceback (most recent call last):
  File "C:\Users\kaler\AppData\Local\Programs\Python\Python39\lib\site-packages\django\core\handlers\exception.py", line 55, in inner
    response = get_response(request)
  File "C:\Users\kaler\AppData\Local\Programs\Python\Python39\lib\site-packages\django\core\handlers\base.py", line 197, in _get_response
    response = wrapped_callback(request, *callback_args, **callback_kwargs)
  File "C:\Users\kaler\AppData\Local\Programs\Python\Python39\lib\site-packages\django\views\decorators\csrf.py", line 56, in wrapper_view
    return view_func(*args, **kwargs)
  File "C:\Users\kaler\AppData\Local\Programs\Python\Python39\lib\site-packages\rest_framework\viewsets.py", line 125, in view
    return self.dispatch(request, *args, **kwargs)
  File "C:\Users\kaler\AppData\Local\Programs\Python\Python39\lib\site-packages\rest_framework\views.py", line 509, in dispatch
    response = self.handle_exception(exc)
  File "C:\Users\kaler\AppData\Local\Programs\Python\Python39\lib\site-packages\rest_framework\views.py", line 469, in handle_exception
    self.raise_uncaught_exception(exc)
  File "C:\Users\kaler\AppData\Local\Programs\Python\Python39\lib\site-packages\rest_framework\views.py", line 480, in raise_uncaught_exception
    raise exc
  File "C:\Users\kaler\AppData\Local\Programs\Python\Python39\lib\site-packages\rest_framework\views.py", line 506, in dispatch
    response = handler(request, *args, **kwargs)
  File "C:\Users\kaler\AppData\Local\Programs\Python\Python39\lib\site-packages\rest_framework\mixins.py", line 54, in retrieve
    instance = self.get_object()
  File "C:\Users\kaler\Desktop\Hindi-New-Feature\hindi-learning-assistant\backend\api\views.py", line 188, in get_object
    transcript = mongo_service.db.transcripts.find_one({'_id': ObjectId(pk)})
  File "C:\Users\kaler\AppData\Local\Programs\Python\Python39\lib\site-packages\bson\objectid.py", line 103, in __init__
    self.__validate(oid)
  File "C:\Users\kaler\AppData\Local\Programs\Python\Python39\lib\site-packages\bson\objectid.py", line 201, in __validate
    _raise_invalid_id(oid)
  File "C:\Users\kaler\AppData\Local\Programs\Python\Python39\lib\site-packages\bson\objectid.py", line 35, in _raise_invalid_id
    raise InvalidId(
bson.errors.InvalidId: '1rBj2Z4ea-U' is not a valid ObjectId, it must be a 12-byte input or a 24-character hex string
ERROR 2025-04-26 17:36:16,038 log 3544 14252 Internal Server Error: /api/transcripts/1rBj2Z4ea-U/
Traceback (most recent call last):
  File "C:\Users\kaler\AppData\Local\Programs\Python\Python39\lib\site-packages\django\core\handlers\exception.py", line 55, in inner
    response = get_response(request)
  File "C:\Users\kaler\AppData\Local\Programs\Python\Python39\lib\site-packages\django\core\handlers\base.py", line 197, in _get_response
    response = wrapped_callback(request, *callback_args, **callback_kwargs)
  File "C:\Users\kaler\AppData\Local\Programs\Python\Python39\lib\site-packages\django\views\decorators\csrf.py", line 56, in wrapper_view
    return view_func(*args, **kwargs)
  File "C:\Users\kaler\AppData\Local\Programs\Python\Python39\lib\site-packages\rest_framework\viewsets.py", line 125, in view
    return self.dispatch(request, *args, **kwargs)
  File "C:\Users\kaler\AppData\Local\Programs\Python\Python39\lib\site-packages\rest_framework\views.py", line 509, in dispatch
    response = self.handle_exception(exc)
  File "C:\Users\kaler\AppData\Local\Programs\Python\Python39\lib\site-packages\rest_framework\views.py", line 469, in handle_exception
    self.raise_uncaught_exception(exc)
  File "C:\Users\kaler\AppData\Local\Programs\Python\Python39\lib\site-packages\rest_framework\views.py", line 480, in raise_uncaught_exception
    raise exc
  File "C:\Users\kaler\AppData\Local\Programs\Python\Python39\lib\site-packages\rest_framework\views.py", line 506, in dispatch
    response = handler(request, *args, **kwargs)
  File "C:\Users\kaler\AppData\Local\Programs\Python\Python39\lib\site-packages\rest_framework\mixins.py", line 54, in retrieve
    instance = self.get_object()
  File "C:\Users\kaler\Desktop\Hindi-New-Feature\hindi-learning-assistant\backend\api\views.py", line 188, in get_object
    transcript = mongo_service.db.transcripts.find_one({'_id': ObjectId(pk)})
  File "C:\Users\kaler\AppData\Local\Programs\Python\Python39\lib\site-packages\bson\objectid.py", line 103, in __init__
    self.__validate(oid)
  File "C:\Users\kaler\AppData\Local\Programs\Python\Python39\lib\site-packages\bson\objectid.py", line 201, in __validate
    _raise_invalid_id(oid)
  File "C:\Users\kaler\AppData\Local\Programs\Python\Python39\lib\site-packages\bson\objectid.py", line 35, in _raise_invalid_id
    raise InvalidId(
bson.errors.InvalidId: '1rBj2Z4ea-U' is not a valid ObjectId, it must be a 12-byte input or a 24-character hex string
ERROR 2025-04-26 17:36:28,683 log 3544 14252 Internal Server Error: /api/transcripts/1rBj2Z4ea-U/
Traceback (most recent call last):
  File "C:\Users\kaler\AppData\Local\Programs\Python\Python39\lib\site-packages\django\core\handlers\exception.py", line 55, in inner
    response = get_response(request)
  File "C:\Users\kaler\AppData\Local\Programs\Python\Python39\lib\site-packages\django\core\handlers\base.py", line 197, in _get_response
    response = wrapped_callback(request, *callback_args, **callback_kwargs)
  File "C:\Users\kaler\AppData\Local\Programs\Python\Python39\lib\site-packages\django\views\decorators\csrf.py", line 56, in wrapper_view
    return view_func(*args, **kwargs)
  File "C:\Users\kaler\AppData\Local\Programs\Python\Python39\lib\site-packages\rest_framework\viewsets.py", line 125, in view
    return self.dispatch(request, *args, **kwargs)
  File "C:\Users\kaler\AppData\Local\Programs\Python\Python39\lib\site-packages\rest_framework\views.py", line 509, in dispatch
    response = self.handle_exception(exc)
  File "C:\Users\kaler\AppData\Local\Programs\Python\Python39\lib\site-packages\rest_framework\views.py", line 469, in handle_exception
    self.raise_uncaught_exception(exc)
  File "C:\Users\kaler\AppData\Local\Programs\Python\Python39\lib\site-packages\rest_framework\views.py", line 480, in raise_uncaught_exception
    raise exc
  File "C:\Users\kaler\AppData\Local\Programs\Python\Python39\lib\site-packages\rest_framework\views.py", line 506, in dispatch
    response = handler(request, *args, **kwargs)
  File "C:\Users\kaler\AppData\Local\Programs\Python\Python39\lib\site-packages\rest_framework\mixins.py", line 54, in retrieve
    instance = self.get_object()
  File "C:\Users\kaler\Desktop\Hindi-New-Feature\hindi-learning-assistant\backend\api\views.py", line 188, in get_object
    transcript = mongo_service.db.transcripts.find_one({'_id': ObjectId(pk)})
  File "C:\Users\kaler\AppData\Local\Programs\Python\Python39\lib\site-packages\bson\objectid.py", line 103, in __init__
    self.__validate(oid)
  File "C:\Users\kaler\AppData\Local\Programs\Python\Python39\lib\site-packages\bson\objectid.py", line 201, in __validate
    _raise_invalid_id(oid)
  File "C:\Users\kaler\AppData\Local\Programs\Python\Python39\lib\site-packages\bson\objectid.py", line 35, in _raise_invalid_id
    raise InvalidId(
bson.errors.InvalidId: '1rBj2Z4ea-U' is not a valid ObjectId, it must be a 12-byte input or a 24-character hex string
ERROR 2025-04-26 17:36:29,038 log 3544 21636 Internal Server Error: /api/transcripts/1rBj2Z4ea-U/
Traceback (most recent call last):
  File "C:\Users\kaler\AppData\Local\Programs\Python\Python39\lib\site-packages\django\core\handlers\exception.py", line 55, in inner
    response = get_response(request)
  File "C:\Users\kaler\AppData\Local\Programs\Python\Python39\lib\site-packages\django\core\handlers\base.py", line 197, in _get_response
    response = wrapped_callback(request, *callback_args, **callback_kwargs)
  File "C:\Users\kaler\AppData\Local\Programs\Python\Python39\lib\site-packages\django\views\decorators\csrf.py", line 56, in wrapper_view
    return view_func(*args, **kwargs)
  File "C:\Users\kaler\AppData\Local\Programs\Python\Python39\lib\site-packages\rest_framework\viewsets.py", line 125, in view
    return self.dispatch(request, *args, **kwargs)
  File "C:\Users\kaler\AppData\Local\Programs\Python\Python39\lib\site-packages\rest_framework\views.py", line 509, in dispatch
    response = self.handle_exception(exc)
  File "C:\Users\kaler\AppData\Local\Programs\Python\Python39\lib\site-packages\rest_framework\views.py", line 469, in handle_exception
    self.raise_uncaught_exception(exc)
  File "C:\Users\kaler\AppData\Local\Programs\Python\Python39\lib\site-packages\rest_framework\views.py", line 480, in raise_uncaught_exception
    raise exc
  File "C:\Users\kaler\AppData\Local\Programs\Python\Python39\lib\site-packages\rest_framework\views.py", line 506, in dispatch
    response = handler(request, *args, **kwargs)
  File "C:\Users\kaler\AppData\Local\Programs\Python\Python39\lib\site-packages\rest_framework\mixins.py", line 54, in retrieve
    instance = self.get_object()
  File "C:\Users\kaler\Desktop\Hindi-New-Feature\hindi-learning-assistant\backend\api\views.py", line 188, in get_object
    transcript = mongo_service.db.transcripts.find_one({'_id': ObjectId(pk)})
  File "C:\Users\kaler\AppData\Local\Programs\Python\Python39\lib\site-packages\bson\objectid.py", line 103, in __init__
    self.__validate(oid)
  File "C:\Users\kaler\AppData\Local\Programs\Python\Python39\lib\site-packages\bson\objectid.py", line 201, in __validate
    _raise_invalid_id(oid)
  File "C:\Users\kaler\AppData\Local\Programs\Python\Python39\lib\site-packages\bson\objectid.py", line 35, in _raise_invalid_id
    raise InvalidId(
bson.errors.InvalidId: '1rBj2Z4ea-U' is not a valid ObjectId, it must be a 12-byte input or a 24-character hex string
ERROR 2025-04-26 17:36:30,589 log 3544 21636 Internal Server Error: /api/transcripts/1rBj2Z4ea-U/
Traceback (most recent call last):
  File "C:\Users\kaler\AppData\Local\Programs\Python\Python39\lib\site-packages\django\core\handlers\exception.py", line 55, in inner
    response = get_response(request)
  File "C:\Users\kaler\AppData\Local\Programs\Python\Python39\lib\site-packages\django\core\handlers\base.py", line 197, in _get_response
    response = wrapped_callback(request, *callback_args, **callback_kwargs)
  File "C:\Users\kaler\AppData\Local\Programs\Python\Python39\lib\site-packages\django\views\decorators\csrf.py", line 56, in wrapper_view
    return view_func(*args, **kwargs)
  File "C:\Users\kaler\AppData\Local\Programs\Python\Python39\lib\site-packages\rest_framework\viewsets.py", line 125, in view
    return self.dispatch(request, *args, **kwargs)
  File "C:\Users\kaler\AppData\Local\Programs\Python\Python39\lib\site-packages\rest_framework\views.py", line 509, in dispatch
    response = self.handle_exception(exc)
  File "C:\Users\kaler\AppData\Local\Programs\Python\Python39\lib\site-packages\rest_framework\views.py", line 469, in handle_exception
    self.raise_uncaught_exception(exc)
  File "C:\Users\kaler\AppData\Local\Programs\Python\Python39\lib\site-packages\rest_framework\views.py", line 480, in raise_uncaught_exception
    raise exc
  File "C:\Users\kaler\AppData\Local\Programs\Python\Python39\lib\site-packages\rest_framework\views.py", line 506, in dispatch
    response = handler(request, *args, **kwargs)
  File "C:\Users\kaler\AppData\Local\Programs\Python\Python39\lib\site-packages\rest_framework\mixins.py", line 54, in retrieve
    instance = self.get_object()
  File "C:\Users\kaler\Desktop\Hindi-New-Feature\hindi-learning-assistant\backend\api\views.py", line 188, in get_object
    transcript = mongo_service.db.transcripts.find_one({'_id': ObjectId(pk)})
  File "C:\Users\kaler\AppData\Local\Programs\Python\Python39\lib\site-packages\bson\objectid.py", line 103, in __init__
    self.__validate(oid)
  File "C:\Users\kaler\AppData\Local\Programs\Python\Python39\lib\site-packages\bson\objectid.py", line 201, in __validate
    _raise_invalid_id(oid)
  File "C:\Users\kaler\AppData\Local\Programs\Python\Python39\lib\site-packages\bson\objectid.py", line 35, in _raise_invalid_id
    raise InvalidId(
bson.errors.InvalidId: '1rBj2Z4ea-U' is not a valid ObjectId, it must be a 12-byte input or a 24-character hex string
ERROR 2025-04-26 17:36:30,768 log 3544 14252 Internal Server Error: /api/transcripts/1rBj2Z4ea-U/
Traceback (most recent call last):
  File "C:\Users\kaler\AppData\Local\Programs\Python\Python39\lib\site-packages\django\core\handlers\exception.py", line 55, in inner
    response = get_response(request)
  File "C:\Users\kaler\AppData\Local\Programs\Python\Python39\lib\site-packages\django\core\handlers\base.py", line 197, in _get_response
    response = wrapped_callback(request, *callback_args, **callback_kwargs)
  File "C:\Users\kaler\AppData\Local\Programs\Python\Python39\lib\site-packages\django\views\decorators\csrf.py", line 56, in wrapper_view
    return view_func(*args, **kwargs)
  File "C:\Users\kaler\AppData\Local\Programs\Python\Python39\lib\site-packages\rest_framework\viewsets.py", line 125, in view
    return self.dispatch(request, *args, **kwargs)
  File "C:\Users\kaler\AppData\Local\Programs\Python\Python39\lib\site-packages\rest_framework\views.py", line 509, in dispatch
    response = self.handle_exception(exc)
  File "C:\Users\kaler\AppData\Local\Programs\Python\Python39\lib\site-packages\rest_framework\views.py", line 469, in handle_exception
    self.raise_uncaught_exception(exc)
  File "C:\Users\kaler\AppData\Local\Programs\Python\Python39\lib\site-packages\rest_framework\views.py", line 480, in raise_uncaught_exception
    raise exc
  File "C:\Users\kaler\AppData\Local\Programs\Python\Python39\lib\site-packages\rest_framework\views.py", line 506, in dispatch
    response = handler(request, *args, **kwargs)
  File "C:\Users\kaler\AppData\Local\Programs\Python\Python39\lib\site-packages\rest_framework\mixins.py", line 54, in retrieve
    instance = self.get_object()
  File "C:\Users\kaler\Desktop\Hindi-New-Feature\hindi-learning-assistant\backend\api\views.py", line 188, in get_object
    transcript = mongo_service.db.transcripts.find_one({'_id': ObjectId(pk)})
  File "C:\Users\kaler\AppData\Local\Programs\Python\Python39\lib\site-packages\bson\objectid.py", line 103, in __init__
    self.__validate(oid)
  File "C:\Users\kaler\AppData\Local\Programs\Python\Python39\lib\site-packages\bson\objectid.py", line 201, in __validate
    _raise_invalid_id(oid)
  File "C:\Users\kaler\AppData\Local\Programs\Python\Python39\lib\site-packages\bson\objectid.py", line 35, in _raise_invalid_id
    raise InvalidId(
bson.errors.InvalidId: '1rBj2Z4ea-U' is not a valid ObjectId, it must be a 12-byte input or a 24-character hex string
ERROR 2025-04-26 17:37:01,877 log 3544 19496 Internal Server Error: /api/transcripts/1rBj2Z4ea-U/
Traceback (most recent call last):
  File "C:\Users\kaler\AppData\Local\Programs\Python\Python39\lib\site-packages\django\core\handlers\exception.py", line 55, in inner
    response = get_response(request)
  File "C:\Users\kaler\AppData\Local\Programs\Python\Python39\lib\site-packages\django\core\handlers\base.py", line 197, in _get_response
    response = wrapped_callback(request, *callback_args, **callback_kwargs)
  File "C:\Users\kaler\AppData\Local\Programs\Python\Python39\lib\site-packages\django\views\decorators\csrf.py", line 56, in wrapper_view
    return view_func(*args, **kwargs)
  File "C:\Users\kaler\AppData\Local\Programs\Python\Python39\lib\site-packages\rest_framework\viewsets.py", line 125, in view
    return self.dispatch(request, *args, **kwargs)
  File "C:\Users\kaler\AppData\Local\Programs\Python\Python39\lib\site-packages\rest_framework\views.py", line 509, in dispatch
    response = self.handle_exception(exc)
  File "C:\Users\kaler\AppData\Local\Programs\Python\Python39\lib\site-packages\rest_framework\views.py", line 469, in handle_exception
    self.raise_uncaught_exception(exc)
  File "C:\Users\kaler\AppData\Local\Programs\Python\Python39\lib\site-packages\rest_framework\views.py", line 480, in raise_uncaught_exception
    raise exc
  File "C:\Users\kaler\AppData\Local\Programs\Python\Python39\lib\site-packages\rest_framework\views.py", line 506, in dispatch
    response = handler(request, *args, **kwargs)
  File "C:\Users\kaler\AppData\Local\Programs\Python\Python39\lib\site-packages\rest_framework\mixins.py", line 54, in retrieve
    instance = self.get_object()
  File "C:\Users\kaler\Desktop\Hindi-New-Feature\hindi-learning-assistant\backend\api\views.py", line 188, in get_object
    transcript = mongo_service.db.transcripts.find_one({'_id': ObjectId(pk)})
  File "C:\Users\kaler\AppData\Local\Programs\Python\Python39\lib\site-packages\bson\objectid.py", line 103, in __init__
    self.__validate(oid)
  File "C:\Users\kaler\AppData\Local\Programs\Python\Python39\lib\site-packages\bson\objectid.py", line 201, in __validate
    _raise_invalid_id(oid)
  File "C:\Users\kaler\AppData\Local\Programs\Python\Python39\lib\site-packages\bson\objectid.py", line 35, in _raise_invalid_id
    raise InvalidId(
bson.errors.InvalidId: '1rBj2Z4ea-U' is not a valid ObjectId, it must be a 12-byte input or a 24-character hex string
ERROR 2025-04-26 17:37:02,147 log 3544 540 Internal Server Error: /api/transcripts/1rBj2Z4ea-U/
Traceback (most recent call last):
  File "C:\Users\kaler\AppData\Local\Programs\Python\Python39\lib\site-packages\django\core\handlers\exception.py", line 55, in inner
    response = get_response(request)
  File "C:\Users\kaler\AppData\Local\Programs\Python\Python39\lib\site-packages\django\core\handlers\base.py", line 197, in _get_response
    response = wrapped_callback(request, *callback_args, **callback_kwargs)
  File "C:\Users\kaler\AppData\Local\Programs\Python\Python39\lib\site-packages\django\views\decorators\csrf.py", line 56, in wrapper_view
    return view_func(*args, **kwargs)
  File "C:\Users\kaler\AppData\Local\Programs\Python\Python39\lib\site-packages\rest_framework\viewsets.py", line 125, in view
    return self.dispatch(request, *args, **kwargs)
  File "C:\Users\kaler\AppData\Local\Programs\Python\Python39\lib\site-packages\rest_framework\views.py", line 509, in dispatch
    response = self.handle_exception(exc)
  File "C:\Users\kaler\AppData\Local\Programs\Python\Python39\lib\site-packages\rest_framework\views.py", line 469, in handle_exception
    self.raise_uncaught_exception(exc)
  File "C:\Users\kaler\AppData\Local\Programs\Python\Python39\lib\site-packages\rest_framework\views.py", line 480, in raise_uncaught_exception
    raise exc
  File "C:\Users\kaler\AppData\Local\Programs\Python\Python39\lib\site-packages\rest_framework\views.py", line 506, in dispatch
    response = handler(request, *args, **kwargs)
  File "C:\Users\kaler\AppData\Local\Programs\Python\Python39\lib\site-packages\rest_framework\mixins.py", line 54, in retrieve
    instance = self.get_object()
  File "C:\Users\kaler\Desktop\Hindi-New-Feature\hindi-learning-assistant\backend\api\views.py", line 188, in get_object
    transcript = mongo_service.db.transcripts.find_one({'_id': ObjectId(pk)})
  File "C:\Users\kaler\AppData\Local\Programs\Python\Python39\lib\site-packages\bson\objectid.py", line 103, in __init__
    self.__validate(oid)
  File "C:\Users\kaler\AppData\Local\Programs\Python\Python39\lib\site-packages\bson\objectid.py", line 201, in __validate
    _raise_invalid_id(oid)
  File "C:\Users\kaler\AppData\Local\Programs\Python\Python39\lib\site-packages\bson\objectid.py", line 35, in _raise_invalid_id
    raise InvalidId(
bson.errors.InvalidId: '1rBj2Z4ea-U' is not a valid ObjectId, it must be a 12-byte input or a 24-character hex string
ERROR 2025-04-26 17:37:03,482 log 3544 540 Internal Server Error: /api/transcripts/1rBj2Z4ea-U/
Traceback (most recent call last):
  File "C:\Users\kaler\AppData\Local\Programs\Python\Python39\lib\site-packages\django\core\handlers\exception.py", line 55, in inner
    response = get_response(request)
  File "C:\Users\kaler\AppData\Local\Programs\Python\Python39\lib\site-packages\django\core\handlers\base.py", line 197, in _get_response
    response = wrapped_callback(request, *callback_args, **callback_kwargs)
  File "C:\Users\kaler\AppData\Local\Programs\Python\Python39\lib\site-packages\django\views\decorators\csrf.py", line 56, in wrapper_view
    return view_func(*args, **kwargs)
  File "C:\Users\kaler\AppData\Local\Programs\Python\Python39\lib\site-packages\rest_framework\viewsets.py", line 125, in view
    return self.dispatch(request, *args, **kwargs)
  File "C:\Users\kaler\AppData\Local\Programs\Python\Python39\lib\site-packages\rest_framework\views.py", line 509, in dispatch
    response = self.handle_exception(exc)
  File "C:\Users\kaler\AppData\Local\Programs\Python\Python39\lib\site-packages\rest_framework\views.py", line 469, in handle_exception
    self.raise_uncaught_exception(exc)
  File "C:\Users\kaler\AppData\Local\Programs\Python\Python39\lib\site-packages\rest_framework\views.py", line 480, in raise_uncaught_exception
    raise exc
  File "C:\Users\kaler\AppData\Local\Programs\Python\Python39\lib\site-packages\rest_framework\views.py", line 506, in dispatch
    response = handler(request, *args, **kwargs)
  File "C:\Users\kaler\AppData\Local\Programs\Python\Python39\lib\site-packages\rest_framework\mixins.py", line 54, in retrieve
    instance = self.get_object()
  File "C:\Users\kaler\Desktop\Hindi-New-Feature\hindi-learning-assistant\backend\api\views.py", line 188, in get_object
    transcript = mongo_service.db.transcripts.find_one({'_id': ObjectId(pk)})
  File "C:\Users\kaler\AppData\Local\Programs\Python\Python39\lib\site-packages\bson\objectid.py", line 103, in __init__
    self.__validate(oid)
  File "C:\Users\kaler\AppData\Local\Programs\Python\Python39\lib\site-packages\bson\objectid.py", line 201, in __validate
    _raise_invalid_id(oid)
  File "C:\Users\kaler\AppData\Local\Programs\Python\Python39\lib\site-packages\bson\objectid.py", line 35, in _raise_invalid_id
    raise InvalidId(
bson.errors.InvalidId: '1rBj2Z4ea-U' is not a valid ObjectId, it must be a 12-byte input or a 24-character hex string
ERROR 2025-04-26 17:37:03,692 log 3544 19496 Internal Server Error: /api/transcripts/1rBj2Z4ea-U/
Traceback (most recent call last):
  File "C:\Users\kaler\AppData\Local\Programs\Python\Python39\lib\site-packages\django\core\handlers\exception.py", line 55, in inner
    response = get_response(request)
  File "C:\Users\kaler\AppData\Local\Programs\Python\Python39\lib\site-packages\django\core\handlers\base.py", line 197, in _get_response
    response = wrapped_callback(request, *callback_args, **callback_kwargs)
  File "C:\Users\kaler\AppData\Local\Programs\Python\Python39\lib\site-packages\django\views\decorators\csrf.py", line 56, in wrapper_view
    return view_func(*args, **kwargs)
  File "C:\Users\kaler\AppData\Local\Programs\Python\Python39\lib\site-packages\rest_framework\viewsets.py", line 125, in view
    return self.dispatch(request, *args, **kwargs)
  File "C:\Users\kaler\AppData\Local\Programs\Python\Python39\lib\site-packages\rest_framework\views.py", line 509, in dispatch
    response = self.handle_exception(exc)
  File "C:\Users\kaler\AppData\Local\Programs\Python\Python39\lib\site-packages\rest_framework\views.py", line 469, in handle_exception
    self.raise_uncaught_exception(exc)
  File "C:\Users\kaler\AppData\Local\Programs\Python\Python39\lib\site-packages\rest_framework\views.py", line 480, in raise_uncaught_exception
    raise exc
  File "C:\Users\kaler\AppData\Local\Programs\Python\Python39\lib\site-packages\rest_framework\views.py", line 506, in dispatch
    response = handler(request, *args, **kwargs)
  File "C:\Users\kaler\AppData\Local\Programs\Python\Python39\lib\site-packages\rest_framework\mixins.py", line 54, in retrieve
    instance = self.get_object()
  File "C:\Users\kaler\Desktop\Hindi-New-Feature\hindi-learning-assistant\backend\api\views.py", line 188, in get_object
    transcript = mongo_service.db.transcripts.find_one({'_id': ObjectId(pk)})
  File "C:\Users\kaler\AppData\Local\Programs\Python\Python39\lib\site-packages\bson\objectid.py", line 103, in __init__
    self.__validate(oid)
  File "C:\Users\kaler\AppData\Local\Programs\Python\Python39\lib\site-packages\bson\objectid.py", line 201, in __validate
    _raise_invalid_id(oid)
  File "C:\Users\kaler\AppData\Local\Programs\Python\Python39\lib\site-packages\bson\objectid.py", line 35, in _raise_invalid_id
    raise InvalidId(
bson.errors.InvalidId: '1rBj2Z4ea-U' is not a valid ObjectId, it must be a 12-byte input or a 24-character hex string
INFO 2025-04-26 17:38:12,509 autoreload 3544 1524 C:\Users\kaler\Desktop\Hindi-New-Feature\hindi-learning-assistant\backend\api\views.py changed, reloading.
INFO 2025-04-26 17:38:14,989 autoreload 15844 9420 Watching for file changes with StatReloader
INFO 2025-04-26 17:40:46,138 autoreload 15844 9420 C:\Users\kaler\Desktop\Hindi-New-Feature\hindi-learning-assistant\backend\api\views.py changed, reloading.
INFO 2025-04-26 17:40:48,449 autoreload 17512 21060 Watching for file changes with StatReloader
INFO 2025-04-27 16:24:08,681 autoreload 20064 2276 Watching for file changes with StatReloader
WARNING 2025-04-27 16:25:00,716 log 20064 16872 Unauthorized: /api/trending-words/
WARNING 2025-04-27 16:25:00,729 log 20064 16872 Unauthorized: /api/trending-words/
WARNING 2025-04-27 16:25:00,777 log 20064 22420 Unauthorized: /api/auth/refresh/
WARNING 2025-04-27 16:25:00,780 log 20064 16872 Unauthorized: /api/auth/refresh/
INFO 2025-04-27 16:54:43,975 views 20064 12468 Starting transcript creation process
INFO 2025-04-27 16:54:43,978 views 20064 12468 Received video URL: 2_t38oktRig
INFO 2025-04-27 16:54:43,978 views 20064 12468 Attempting to extract video ID
INFO 2025-04-27 16:54:43,978 youtube_utils 20064 12468 Attempting to extract video ID from URL: 2_t38oktRig
INFO 2025-04-27 16:54:43,988 youtube_utils 20064 12468 Successfully extracted video ID: 2_t38oktRig
INFO 2025-04-27 16:54:43,990 views 20064 12468 Extracted video ID: 2_t38oktRig
INFO 2025-04-27 16:54:43,991 views 20064 12468 Checking for existing transcript for user 6806e1f104cbda6f4dedae9c and video 2_t38oktRig
INFO 2025-04-27 16:54:44,097 views 20064 12468 Attempting to fetch transcript from YouTube
INFO 2025-04-27 16:54:44,100 youtube_utils 20064 12468 Attempting to fetch transcripts for video ID: 2_t38oktRig
INFO 2025-04-27 16:54:44,103 youtube_utils 20064 12468 Attempting to fetch transcripts for video ID: 2_t38oktRig
INFO 2025-04-27 16:54:45,052 youtube_utils 20064 12468 Available languages: ['hi']
INFO 2025-04-27 16:54:45,055 youtube_utils 20064 12468 Found Hindi transcript
INFO 2025-04-27 16:54:45,289 youtube_utils 20064 12468 Successfully fetched hi transcript with 175 entries
INFO 2025-04-27 16:54:45,292 views 20064 12468 Successfully fetched transcript in hi
INFO 2025-04-27 16:54:45,295 youtube_utils 20064 12468 Formatting transcript with 175 entries
INFO 2025-04-27 16:54:45,303 youtube_utils 20064 12468 Formatted transcript length: 6006 characters
INFO 2025-04-27 16:54:45,304 views 20064 12468 Formatted transcript length: 6006
INFO 2025-04-27 16:54:45,305 views 20064 12468 Processing transcript with DeepSeek
INFO 2025-04-27 16:54:45,307 qa_model 20064 12468 Processing transcript of length: 6006
INFO 2025-04-27 16:54:46,045 _client 20064 12468 HTTP Request: POST https://api.deepseek.com/v1/chat/completions "HTTP/1.1 200 OK"
INFO 2025-04-27 16:57:39,832 qa_model 20064 12468 Could not parse response directly as JSON, attempting cleanup
WARNING 2025-04-27 16:57:39,834 qa_model 20064 12468 Response appears to be incomplete (unmatched braces)
ERROR 2025-04-27 16:57:39,837 qa_model 20064 12468 Error in process_transcript: Could not find complete JSON object in response
ERROR 2025-04-27 16:57:40,569 views 20064 12468 Failed to process transcript with DeepSeek: Failed to process transcript: Could not find complete JSON object in response
ERROR 2025-04-27 16:57:40,632 views 20064 12468 ValueError in transcript creation: Failed to process transcript with DeepSeek
WARNING 2025-04-27 16:57:40,635 log 20064 12468 Bad Request: /api/transcripts/create-from-video/
INFO 2025-04-27 17:01:09,301 views 20064 18916 Starting transcript creation process
INFO 2025-04-27 17:01:09,302 views 20064 18916 Received video URL: yjbDtN6fdVk
INFO 2025-04-27 17:01:09,303 views 20064 18916 Attempting to extract video ID
INFO 2025-04-27 17:01:09,304 youtube_utils 20064 18916 Attempting to extract video ID from URL: yjbDtN6fdVk
INFO 2025-04-27 17:01:09,304 youtube_utils 20064 18916 Successfully extracted video ID: yjbDtN6fdVk
INFO 2025-04-27 17:01:09,306 views 20064 18916 Extracted video ID: yjbDtN6fdVk
INFO 2025-04-27 17:01:09,307 views 20064 18916 Checking for existing transcript for user 6806e1f104cbda6f4dedae9c and video yjbDtN6fdVk
INFO 2025-04-27 17:01:09,422 views 20064 18916 Attempting to fetch transcript from YouTube
INFO 2025-04-27 17:01:09,424 youtube_utils 20064 18916 Attempting to fetch transcripts for video ID: yjbDtN6fdVk
INFO 2025-04-27 17:01:09,427 youtube_utils 20064 18916 Attempting to fetch transcripts for video ID: yjbDtN6fdVk
INFO 2025-04-27 17:01:10,265 youtube_utils 20064 18916 Available languages: ['hi']
INFO 2025-04-27 17:01:10,267 youtube_utils 20064 18916 Found Hindi transcript
INFO 2025-04-27 17:01:10,461 youtube_utils 20064 18916 Successfully fetched hi transcript with 122 entries
INFO 2025-04-27 17:01:10,465 views 20064 18916 Successfully fetched transcript in hi
INFO 2025-04-27 17:01:10,466 youtube_utils 20064 18916 Formatting transcript with 122 entries
INFO 2025-04-27 17:01:10,469 youtube_utils 20064 18916 Formatted transcript length: 4408 characters
INFO 2025-04-27 17:01:10,471 views 20064 18916 Formatted transcript length: 4408
INFO 2025-04-27 17:01:10,472 views 20064 18916 Processing transcript with DeepSeek
INFO 2025-04-27 17:01:10,473 qa_model 20064 18916 Processing transcript of length: 4408
INFO 2025-04-27 17:01:10,956 _client 20064 18916 HTTP Request: POST https://api.deepseek.com/v1/chat/completions "HTTP/1.1 200 OK"
INFO 2025-04-27 17:04:05,513 qa_model 20064 18916 Could not parse response directly as JSON, attempting cleanup
WARNING 2025-04-27 17:04:05,514 qa_model 20064 18916 Response appears to be incomplete (unmatched braces)
ERROR 2025-04-27 17:04:05,520 qa_model 20064 18916 Error in process_transcript: Could not find complete JSON object in response
ERROR 2025-04-27 17:04:05,623 views 20064 18916 Failed to process transcript with DeepSeek: Failed to process transcript: Could not find complete JSON object in response
ERROR 2025-04-27 17:04:05,788 views 20064 18916 ValueError in transcript creation: Failed to process transcript with DeepSeek
WARNING 2025-04-27 17:04:05,790 log 20064 18916 Bad Request: /api/transcripts/create-from-video/
INFO 2025-04-27 17:12:20,753 autoreload 20064 2276 C:\Users\kaler\Desktop\Hindi-New-Feature\hindi-learning-assistant\backend\qa_engine\prompts.py changed, reloading.
INFO 2025-04-27 17:12:24,165 autoreload 16604 20344 Watching for file changes with StatReloader
INFO 2025-04-27 17:12:51,215 autoreload 16604 20344 C:\Users\kaler\Desktop\Hindi-New-Feature\hindi-learning-assistant\backend\qa_engine\prompts.py changed, reloading.
INFO 2025-04-27 17:12:54,150 autoreload 8812 14016 Watching for file changes with StatReloader
INFO 2025-04-27 17:12:59,312 autoreload 8812 14016 C:\Users\kaler\Desktop\Hindi-New-Feature\hindi-learning-assistant\backend\qa_engine\prompts.py changed, reloading.
INFO 2025-04-27 17:13:01,282 autoreload 23328 2056 Watching for file changes with StatReloader
INFO 2025-04-27 17:13:31,304 autoreload 23328 2056 C:\Users\kaler\Desktop\Hindi-New-Feature\hindi-learning-assistant\backend\qa_engine\qa_model.py changed, reloading.
INFO 2025-04-27 17:13:33,527 autoreload 2944 21692 Watching for file changes with StatReloader
INFO 2025-04-27 17:14:09,525 autoreload 2944 21692 C:\Users\kaler\Desktop\Hindi-New-Feature\hindi-learning-assistant\backend\qa_engine\qa_model.py changed, reloading.
INFO 2025-04-27 17:14:11,586 autoreload 21820 7888 Watching for file changes with StatReloader
INFO 2025-04-27 17:14:27,019 autoreload 21820 7888 C:\Users\kaler\Desktop\Hindi-New-Feature\hindi-learning-assistant\backend\qa_engine\qa_model.py changed, reloading.
INFO 2025-04-27 17:14:29,239 autoreload 22284 18004 Watching for file changes with StatReloader
INFO 2025-04-27 17:22:22,626 autoreload 848 20148 Watching for file changes with StatReloader
INFO 2025-04-27 17:24:38,308 views 848 16660 Starting transcript creation process
INFO 2025-04-27 17:24:38,309 views 848 16660 Received video URL: yjbDtN6fdVk
INFO 2025-04-27 17:24:38,310 views 848 16660 Attempting to extract video ID
INFO 2025-04-27 17:24:38,311 youtube_utils 848 16660 Attempting to extract video ID from URL: yjbDtN6fdVk
INFO 2025-04-27 17:24:38,314 youtube_utils 848 16660 Successfully extracted video ID: yjbDtN6fdVk
INFO 2025-04-27 17:24:38,315 views 848 16660 Extracted video ID: yjbDtN6fdVk
INFO 2025-04-27 17:24:38,316 views 848 16660 Checking for existing transcript for user 6806e1f104cbda6f4dedae9c and video yjbDtN6fdVk
INFO 2025-04-27 17:24:38,385 views 848 16660 Attempting to fetch transcript from YouTube
INFO 2025-04-27 17:24:38,386 youtube_utils 848 16660 Attempting to fetch transcripts for video ID: yjbDtN6fdVk
INFO 2025-04-27 17:24:38,388 youtube_utils 848 16660 Attempting to fetch transcripts for video ID: yjbDtN6fdVk
INFO 2025-04-27 17:24:39,627 youtube_utils 848 16660 Available languages: ['hi']
INFO 2025-04-27 17:24:39,628 youtube_utils 848 16660 Found Hindi transcript
INFO 2025-04-27 17:24:39,764 youtube_utils 848 16660 Successfully fetched hi transcript with 122 entries
INFO 2025-04-27 17:24:39,766 views 848 16660 Successfully fetched transcript in hi
INFO 2025-04-27 17:24:39,768 youtube_utils 848 16660 Formatting transcript with 122 entries
INFO 2025-04-27 17:24:39,771 youtube_utils 848 16660 Formatted transcript length: 4408 characters
INFO 2025-04-27 17:24:39,772 views 848 16660 Formatted transcript length: 4408
INFO 2025-04-27 17:24:39,774 views 848 16660 Processing transcript with DeepSeek
INFO 2025-04-27 17:24:39,775 qa_model 848 16660 Processing transcript of length: 4408
INFO 2025-04-27 17:24:40,823 _client 848 16660 HTTP Request: POST https://api.deepseek.com/v1/chat/completions "HTTP/1.1 200 OK"
INFO 2025-04-27 17:26:23,561 qa_model 848 16660 Successfully parsed JSON directly from response
INFO 2025-04-27 17:26:23,562 views 848 16660 Successfully processed transcript with DeepSeek
INFO 2025-04-27 17:26:23,564 views 848 16660 Attempting to save processed transcript to MongoDB
ERROR 2025-04-27 17:26:23,565 views 848 16660 Missing key in processed data: 'translation'
ERROR 2025-04-27 17:26:23,566 views 848 16660 Processed data keys: ['punctuated_text']
ERROR 2025-04-27 17:26:23,567 views 848 16660 ValueError in transcript creation: Invalid response format from DeepSeek: missing 'translation'
WARNING 2025-04-27 17:26:23,570 log 848 16660 Bad Request: /api/transcripts/create-from-video/
INFO 2025-04-27 17:27:29,168 autoreload 848 20148 C:\Users\kaler\Desktop\Hindi-New-Feature\hindi-learning-assistant\backend\api\views.py changed, reloading.
INFO 2025-04-27 17:27:34,385 autoreload 23524 15160 Watching for file changes with StatReloader
WARNING 2025-04-27 17:28:13,245 log 23524 22056 Unauthorized: /api/transcripts/create-from-video/
INFO 2025-04-27 17:28:13,351 views 23524 22056 Starting transcript creation process
INFO 2025-04-27 17:28:13,354 views 23524 22056 Received video URL: yjbDtN6fdVk
INFO 2025-04-27 17:28:13,355 views 23524 22056 Attempting to extract video ID
INFO 2025-04-27 17:28:13,356 youtube_utils 23524 22056 Attempting to extract video ID from URL: yjbDtN6fdVk
INFO 2025-04-27 17:28:13,359 youtube_utils 23524 22056 Successfully extracted video ID: yjbDtN6fdVk
INFO 2025-04-27 17:28:13,360 views 23524 22056 Extracted video ID: yjbDtN6fdVk
INFO 2025-04-27 17:28:13,362 views 23524 22056 Checking for existing transcript for user 6806e1f104cbda6f4dedae9c and video yjbDtN6fdVk
INFO 2025-04-27 17:28:13,443 views 23524 22056 Attempting to fetch transcript from YouTube
INFO 2025-04-27 17:28:13,444 youtube_utils 23524 22056 Attempting to fetch transcripts for video ID: yjbDtN6fdVk
INFO 2025-04-27 17:28:13,446 youtube_utils 23524 22056 Attempting to fetch transcripts for video ID: yjbDtN6fdVk
INFO 2025-04-27 17:28:14,676 youtube_utils 23524 22056 Available languages: ['hi']
INFO 2025-04-27 17:28:14,678 youtube_utils 23524 22056 Found Hindi transcript
INFO 2025-04-27 17:28:14,817 youtube_utils 23524 22056 Successfully fetched hi transcript with 122 entries
INFO 2025-04-27 17:28:14,819 views 23524 22056 Successfully fetched transcript in hi
INFO 2025-04-27 17:28:14,820 youtube_utils 23524 22056 Formatting transcript with 122 entries
INFO 2025-04-27 17:28:14,823 youtube_utils 23524 22056 Formatted transcript length: 4408 characters
INFO 2025-04-27 17:28:14,824 views 23524 22056 Formatted transcript length: 4408
INFO 2025-04-27 17:28:14,826 views 23524 22056 Processing transcript with DeepSeek
INFO 2025-04-27 17:28:14,827 qa_model 23524 22056 Processing transcript of length: 4408
INFO 2025-04-27 17:28:15,301 _client 23524 22056 HTTP Request: POST https://api.deepseek.com/v1/chat/completions "HTTP/1.1 200 OK"
INFO 2025-04-27 17:29:59,005 qa_model 23524 22056 Successfully parsed JSON directly from response
INFO 2025-04-27 17:29:59,006 views 23524 22056 Successfully processed transcript with DeepSeek
INFO 2025-04-27 17:29:59,007 views 23524 22056 Attempting to save processed transcript to MongoDB
INFO 2025-04-27 17:29:59,103 views 23524 22056 Successfully saved processed transcript to MongoDB
INFO 2025-04-27 17:29:59,104 views 23524 22056 Successfully completed transcript creation and processing
INFO 2025-04-27 17:31:51,628 views 23524 15512 Starting transcript creation process
INFO 2025-04-27 17:31:51,629 views 23524 15512 Received video URL: kQSgilHigOM
INFO 2025-04-27 17:31:51,630 views 23524 15512 Attempting to extract video ID
INFO 2025-04-27 17:31:51,631 youtube_utils 23524 15512 Attempting to extract video ID from URL: kQSgilHigOM
INFO 2025-04-27 17:31:51,636 youtube_utils 23524 15512 Successfully extracted video ID: kQSgilHigOM
INFO 2025-04-27 17:31:51,637 views 23524 15512 Extracted video ID: kQSgilHigOM
INFO 2025-04-27 17:31:51,638 views 23524 15512 Checking for existing transcript for user 6806e1f104cbda6f4dedae9c and video kQSgilHigOM
INFO 2025-04-27 17:31:51,841 views 23524 15512 Attempting to fetch transcript from YouTube
INFO 2025-04-27 17:31:51,842 youtube_utils 23524 15512 Attempting to fetch transcripts for video ID: kQSgilHigOM
INFO 2025-04-27 17:31:51,843 youtube_utils 23524 15512 Attempting to fetch transcripts for video ID: kQSgilHigOM
INFO 2025-04-27 17:31:53,139 youtube_utils 23524 15512 Available languages: ['hi']
INFO 2025-04-27 17:31:53,140 youtube_utils 23524 15512 Found Hindi transcript
INFO 2025-04-27 17:31:53,477 youtube_utils 23524 15512 Successfully fetched hi transcript with 440 entries
INFO 2025-04-27 17:31:53,479 views 23524 15512 Successfully fetched transcript in hi
INFO 2025-04-27 17:31:53,480 youtube_utils 23524 15512 Formatting transcript with 440 entries
INFO 2025-04-27 17:31:53,494 youtube_utils 23524 15512 Formatted transcript length: 13086 characters
INFO 2025-04-27 17:31:53,495 views 23524 15512 Formatted transcript length: 13086
INFO 2025-04-27 17:31:53,497 views 23524 15512 Processing transcript with DeepSeek
INFO 2025-04-27 17:31:53,498 qa_model 23524 15512 Processing transcript of length: 13086
INFO 2025-04-27 17:31:54,377 _client 23524 15512 HTTP Request: POST https://api.deepseek.com/v1/chat/completions "HTTP/1.1 200 OK"
INFO 2025-04-27 17:34:41,657 qa_model 23524 15512 Could not parse response directly as JSON, attempting cleanup
WARNING 2025-04-27 17:34:41,659 qa_model 23524 15512 Response appears to be incomplete (unmatched braces)
ERROR 2025-04-27 17:34:41,662 qa_model 23524 15512 Error in process_transcript: Could not find complete JSON object in response
ERROR 2025-04-27 17:34:41,769 views 23524 15512 Failed to process transcript with DeepSeek: Failed to process transcript: Could not find complete JSON object in response
ERROR 2025-04-27 17:34:41,819 views 23524 15512 ValueError in transcript creation: Failed to process transcript with DeepSeek
WARNING 2025-04-27 17:34:41,821 log 23524 15512 Bad Request: /api/transcripts/create-from-video/
INFO 2025-04-27 17:36:26,850 views 23524 15512 Starting transcript creation process
INFO 2025-04-27 17:36:26,851 views 23524 15512 Received video URL: khXY3k4BQAs
INFO 2025-04-27 17:36:26,852 views 23524 15512 Attempting to extract video ID
INFO 2025-04-27 17:36:26,853 youtube_utils 23524 15512 Attempting to extract video ID from URL: khXY3k4BQAs
INFO 2025-04-27 17:36:26,855 youtube_utils 23524 15512 Successfully extracted video ID: khXY3k4BQAs
INFO 2025-04-27 17:36:26,856 views 23524 15512 Extracted video ID: khXY3k4BQAs
INFO 2025-04-27 17:36:26,858 views 23524 15512 Checking for existing transcript for user 6806e1f104cbda6f4dedae9c and video khXY3k4BQAs
INFO 2025-04-27 17:36:26,921 views 23524 15512 Attempting to fetch transcript from YouTube
INFO 2025-04-27 17:36:26,922 youtube_utils 23524 15512 Attempting to fetch transcripts for video ID: khXY3k4BQAs
INFO 2025-04-27 17:36:26,923 youtube_utils 23524 15512 Attempting to fetch transcripts for video ID: khXY3k4BQAs
INFO 2025-04-27 17:36:27,929 youtube_utils 23524 15512 Available languages: ['hi']
INFO 2025-04-27 17:36:27,931 youtube_utils 23524 15512 Found Hindi transcript
INFO 2025-04-27 17:36:28,215 youtube_utils 23524 15512 Successfully fetched hi transcript with 329 entries
INFO 2025-04-27 17:36:28,217 views 23524 15512 Successfully fetched transcript in hi
INFO 2025-04-27 17:36:28,220 youtube_utils 23524 15512 Formatting transcript with 329 entries
INFO 2025-04-27 17:36:28,232 youtube_utils 23524 15512 Formatted transcript length: 11197 characters
INFO 2025-04-27 17:36:28,234 views 23524 15512 Formatted transcript length: 11197
INFO 2025-04-27 17:36:28,235 views 23524 15512 Processing transcript with DeepSeek
INFO 2025-04-27 17:36:28,237 qa_model 23524 15512 Processing transcript of length: 11197
INFO 2025-04-27 17:36:29,022 _client 23524 15512 HTTP Request: POST https://api.deepseek.com/v1/chat/completions "HTTP/1.1 200 OK"
INFO 2025-04-27 17:39:25,417 qa_model 23524 15512 Could not parse response directly as JSON, attempting cleanup
WARNING 2025-04-27 17:39:25,421 qa_model 23524 15512 Response appears to be incomplete (unmatched braces)
ERROR 2025-04-27 17:39:25,427 qa_model 23524 15512 Error in process_transcript: Could not find complete JSON object in response
ERROR 2025-04-27 17:39:25,498 views 23524 15512 Failed to process transcript with DeepSeek: Failed to process transcript: Could not find complete JSON object in response
ERROR 2025-04-27 17:39:25,541 views 23524 15512 ValueError in transcript creation: Failed to process transcript with DeepSeek
WARNING 2025-04-27 17:39:25,543 log 23524 15512 Bad Request: /api/transcripts/create-from-video/
INFO 2025-04-27 17:41:23,877 views 23524 21232 Starting transcript creation process
INFO 2025-04-27 17:41:23,878 views 23524 21232 Received video URL: jsQU7ZC__AY
INFO 2025-04-27 17:41:23,879 views 23524 21232 Attempting to extract video ID
INFO 2025-04-27 17:41:23,880 youtube_utils 23524 21232 Attempting to extract video ID from URL: jsQU7ZC__AY
INFO 2025-04-27 17:41:23,899 youtube_utils 23524 21232 Successfully extracted video ID: jsQU7ZC__AY
INFO 2025-04-27 17:41:23,902 views 23524 21232 Extracted video ID: jsQU7ZC__AY
INFO 2025-04-27 17:41:23,903 views 23524 21232 Checking for existing transcript for user 6806e1f104cbda6f4dedae9c and video jsQU7ZC__AY
INFO 2025-04-27 17:41:24,030 views 23524 21232 Attempting to fetch transcript from YouTube
INFO 2025-04-27 17:41:24,032 youtube_utils 23524 21232 Attempting to fetch transcripts for video ID: jsQU7ZC__AY
INFO 2025-04-27 17:41:24,033 youtube_utils 23524 21232 Attempting to fetch transcripts for video ID: jsQU7ZC__AY
INFO 2025-04-27 17:41:25,077 youtube_utils 23524 21232 Available languages: ['hi']
INFO 2025-04-27 17:41:25,079 youtube_utils 23524 21232 Found Hindi transcript
INFO 2025-04-27 17:41:25,272 youtube_utils 23524 21232 Successfully fetched hi transcript with 325 entries
INFO 2025-04-27 17:41:25,275 views 23524 21232 Successfully fetched transcript in hi
INFO 2025-04-27 17:41:25,276 youtube_utils 23524 21232 Formatting transcript with 325 entries
INFO 2025-04-27 17:41:25,283 youtube_utils 23524 21232 Formatted transcript length: 10206 characters
INFO 2025-04-27 17:41:25,285 views 23524 21232 Formatted transcript length: 10206
INFO 2025-04-27 17:41:25,287 views 23524 21232 Processing transcript with DeepSeek
INFO 2025-04-27 17:41:25,288 qa_model 23524 21232 Processing transcript of length: 10206
INFO 2025-04-27 17:41:26,265 _client 23524 21232 HTTP Request: POST https://api.deepseek.com/v1/chat/completions "HTTP/1.1 200 OK"
INFO 2025-04-27 17:44:29,116 qa_model 23524 21232 Could not parse response directly as JSON, attempting cleanup
WARNING 2025-04-27 17:44:29,117 qa_model 23524 21232 Response appears to be incomplete (unmatched braces)
ERROR 2025-04-27 17:44:29,120 qa_model 23524 21232 Error in process_transcript: Could not find complete JSON object in response
ERROR 2025-04-27 17:44:29,175 views 23524 21232 Failed to process transcript with DeepSeek: Failed to process transcript: Could not find complete JSON object in response
ERROR 2025-04-27 17:44:29,248 views 23524 21232 ValueError in transcript creation: Failed to process transcript with DeepSeek
WARNING 2025-04-27 17:44:29,251 log 23524 21232 Bad Request: /api/transcripts/create-from-video/
INFO 2025-04-27 17:49:11,628 autoreload 23524 15160 C:\Users\kaler\Desktop\Hindi-New-Feature\hindi-learning-assistant\backend\qa_engine\qa_model.py changed, reloading.
INFO 2025-04-27 17:49:14,467 autoreload 13564 15736 Watching for file changes with StatReloader
INFO 2025-04-27 17:49:26,174 autoreload 13564 15736 C:\Users\kaler\Desktop\Hindi-New-Feature\hindi-learning-assistant\backend\api\views.py changed, reloading.
INFO 2025-04-27 17:49:28,645 autoreload 4224 20856 Watching for file changes with StatReloader
INFO 2025-04-27 17:50:49,181 autoreload 4224 20856 C:\Users\kaler\Desktop\Hindi-New-Feature\hindi-learning-assistant\backend\api\services\mongo_service.py changed, reloading.
INFO 2025-04-27 17:50:51,550 autoreload 19092 16916 Watching for file changes with StatReloader
INFO 2025-04-27 17:51:33,864 autoreload 19092 16916 C:\Users\kaler\Desktop\Hindi-New-Feature\hindi-learning-assistant\backend\qa_engine\qa_model.py changed, reloading.
INFO 2025-04-27 17:51:36,568 autoreload 16864 22708 Watching for file changes with StatReloader
WARNING 2025-04-27 17:52:07,919 log 16864 17324 Not Found: /api/transcripts/680ecc071b532034e2ba7755/translate/
WARNING 2025-04-27 17:52:14,082 log 16864 16056 Not Found: /api/transcripts/680ecc071b532034e2ba7755/translate/
INFO 2025-04-27 17:53:08,093 autoreload 16864 22708 C:\Users\kaler\Desktop\Hindi-New-Feature\hindi-learning-assistant\backend\api\views.py changed, reloading.
INFO 2025-04-27 17:53:10,471 autoreload 22412 17736 Watching for file changes with StatReloader
INFO 2025-04-27 17:53:16,537 autoreload 22412 17736 C:\Users\kaler\Desktop\Hindi-New-Feature\hindi-learning-assistant\backend\urls.py changed, reloading.
INFO 2025-04-27 17:53:19,170 autoreload 14692 16300 Watching for file changes with StatReloader
INFO 2025-04-27 17:55:01,439 autoreload 14692 16300 C:\Users\kaler\Desktop\Hindi-New-Feature\hindi-learning-assistant\backend\urls.py changed, reloading.
INFO 2025-04-27 17:55:03,548 autoreload 11916 20680 Watching for file changes with StatReloader
INFO 2025-04-27 17:55:16,175 autoreload 11916 20680 C:\Users\kaler\Desktop\Hindi-New-Feature\hindi-learning-assistant\backend\api\views.py changed, reloading.
INFO 2025-04-27 17:55:19,506 autoreload 20840 20356 Watching for file changes with StatReloader
INFO 2025-04-27 17:55:31,778 autoreload 20840 20356 C:\Users\kaler\Desktop\Hindi-New-Feature\hindi-learning-assistant\backend\api\views.py changed, reloading.
INFO 2025-04-27 17:55:34,107 autoreload 4380 15448 Watching for file changes with StatReloader
INFO 2025-04-27 18:01:38,625 autoreload 4380 15448 C:\Users\kaler\Desktop\Hindi-New-Feature\hindi-learning-assistant\backend\api\views.py changed, reloading.
INFO 2025-04-27 18:01:42,005 autoreload 2208 18656 Watching for file changes with StatReloader
INFO 2025-04-27 18:06:38,822 autoreload 2208 18656 C:\Users\kaler\Desktop\Hindi-New-Feature\hindi-learning-assistant\backend\api\views.py changed, reloading.
INFO 2025-04-27 18:06:41,591 autoreload 22152 8332 Watching for file changes with StatReloader
INFO 2025-04-27 18:06:52,950 autoreload 22152 8332 C:\Users\kaler\Desktop\Hindi-New-Feature\hindi-learning-assistant\backend\api\views.py changed, reloading.
INFO 2025-04-27 18:06:55,194 autoreload 23204 20768 Watching for file changes with StatReloader
INFO 2025-04-27 18:07:11,506 autoreload 23204 20768 C:\Users\kaler\Desktop\Hindi-New-Feature\hindi-learning-assistant\backend\api\views.py changed, reloading.
INFO 2025-04-27 18:07:13,714 autoreload 20364 18564 Watching for file changes with StatReloader
INFO 2025-04-27 18:08:23,017 autoreload 20364 18564 C:\Users\kaler\Desktop\Hindi-New-Feature\hindi-learning-assistant\backend\api\views.py changed, reloading.
INFO 2025-04-27 18:08:25,213 autoreload 17728 22060 Watching for file changes with StatReloader
INFO 2025-04-27 18:08:32,522 qa_model 17728 22592 Translating text of length: 4563
INFO 2025-04-27 18:08:32,993 _client 17728 22592 HTTP Request: POST https://api.deepseek.com/v1/chat/completions "HTTP/1.1 200 OK"
ERROR 2025-04-27 18:09:26,184 qa_model 17728 22592 Failed to parse translation response as JSON: Expecting value: line 1 column 1 (char 0)
ERROR 2025-04-27 18:09:26,186 qa_model 17728 22592 Response text: ```json
{
    "translation": "Now you can also order our favorite toys from www.onkids.com. The link is in the description. The school results were about to come out. Gattu and Chunki's annual exam results were about to be announced, and both of them were very excited to see their results. They were chatting with each other. After the parent-teacher meeting, we will go to the new class. How much fun it will be to go to the new class! Yes, Gattu, I really enjoy covering new books and copies and then putting name slips on them. Hey, but before that, how exciting it will be to see the exam results! Yes, Gattu, when Guddi called yesterday, she was also saying that Hari and Bunti are very excited about the results. Everyone wants to know who will come first, second, and third in the class. Gattu was still talking when Mom and Dad arrived. Gattu, you both have a parent-teacher meeting this Saturday, right? And Mom and I have decided that whoever comes first among you two will get a gift of their choice. So kids, tell us what gift you would like if you come first. Wow! Mom, I want that new racing car we saw in the newspaper ad. Okay, Gattu, dear. And what do you want? Dad, I want to go see that cartoon movie coming out next week. Okay, son, if you come first, I will take you to see that movie. Gattu gets very happy about this and eagerly waits for the parent-teacher meeting. Finally, the day arrives. On Saturday morning, both wake up early and get ready. Mom, Dad, why aren't you both ready yet? Look, Gattu and I are already ready. Yes, Mom, Dad, hurry up, we want to see our results. Hey, Gattu, it's only 9:00 AM. The parent-teacher meeting is at 11:00 AM. There are still two hours left. Oh no! How much longer do we have to wait? We want to go to the meeting quickly. No problem, let's play something until then. Gattu starts playing, and soon it's time to go to the parent-teacher meeting. Gattu leaves for school with Mom and Dad and heads straight to their class upon arrival. Gattu, I'm feeling a little scared to enter the class now. Yes, you're right, but we have to go, don't we? Let's go. Gattu, Chinki, what happened? Why did you stop outside the class? Nothing, Dad, we're coming. As soon as they enter the class, Gattu's eyes fall on the board. The names of the children who came first, second, and third were always written on the board. Wow! Mom, Dad, look, my name is first! That means I came first in the whole class! Wow! Gattu, congratulations! Well done, Gattu, you did great. But suddenly, Gattu becomes very sad when he sees the third rank. Bunti came second in the class, and Chinki came third. She was very upset. Son, it's okay, you also worked very hard. Hey, third rank is also very good. You don't need to be sad. Mom and I are proud of both of you. Gattu, yes, third rank is also very good. But she was so sad that she couldn't say anything. Gattu looks at their report cards and then goes home. At home, she sits sadly in her room. Then Gattu comes to her. Stop being so sad. Anyway, we will go to the new class now. Earlier, you were so excited about the new session, what happened now? Gattu, now you will get your favorite gift, but I won't. I really wanted to go see that cartoon movie. If I had worked a little harder, maybe I could have come first too. Gattu was still talking when Mom arrives with Gattu's gift. Gattu, dear, here's your gift for coming first. Seeing the gift, Gattu becomes sad, but Chinki is happy that at least Gattu got his favorite gift. No, Mom, give this gift to Chinki, I don't want it. I'm happy that I came first. Why don't you give it to her and make her happy? What are you saying, Gattu? I'm still happy for you. You worked hard, and this is the result of your hard work. I can't take this. Mom becomes happy seeing all this. Then Dad enters the room. I must admit, Gattu, you both are really smart and good kids. Here, take these four tickets for your favorite cartoon movie. We will all go see it together. Both of you studied well and got good results. We are proud of both of you. Yes, kids, and now the new session is about to start. Study even harder now. Enjoy the holidays for now, okay? Gattu feels very good hearing Mom and Dad's words and promises to do even better in the future. If you like our videos, please like, comment, and subscribe."
}
```
ERROR 2025-04-27 18:09:26,201 views 17728 22592 Error in translation: Invalid translation response format: Expecting value: line 1 column 1 (char 0)
ERROR 2025-04-27 18:09:26,203 log 17728 22592 Internal Server Error: /api/transcripts/680ecc071b532034e2ba7755/translate/
INFO 2025-04-27 18:12:19,846 autoreload 17728 22060 C:\Users\kaler\Desktop\Hindi-New-Feature\hindi-learning-assistant\backend\qa_engine\prompts.py changed, reloading.
INFO 2025-04-27 18:12:22,330 autoreload 17576 8648 Watching for file changes with StatReloader
INFO 2025-04-27 18:12:35,094 autoreload 17576 8648 C:\Users\kaler\Desktop\Hindi-New-Feature\hindi-learning-assistant\backend\qa_engine\qa_model.py changed, reloading.
INFO 2025-04-27 18:12:37,323 autoreload 16576 4988 Watching for file changes with StatReloader
INFO 2025-04-27 18:13:06,249 autoreload 16576 4988 C:\Users\kaler\Desktop\Hindi-New-Feature\hindi-learning-assistant\backend\qa_engine\prompts.py changed, reloading.
INFO 2025-04-27 18:13:08,542 autoreload 11056 16876 Watching for file changes with StatReloader
INFO 2025-04-27 18:13:16,317 autoreload 11056 16876 C:\Users\kaler\Desktop\Hindi-New-Feature\hindi-learning-assistant\backend\qa_engine\qa_model.py changed, reloading.
INFO 2025-04-27 18:13:18,355 autoreload 5040 14604 Watching for file changes with StatReloader
INFO 2025-04-27 18:14:41,560 autoreload 5040 14604 C:\Users\kaler\Desktop\Hindi-New-Feature\hindi-learning-assistant\backend\qa_engine\qa_model.py changed, reloading.
INFO 2025-04-27 18:14:43,573 autoreload 15420 12608 Watching for file changes with StatReloader
INFO 2025-04-27 18:17:06,605 qa_model 15420 6604 Translating text of length: 4563
INFO 2025-04-27 18:17:07,419 _client 15420 6604 HTTP Request: POST https://api.deepseek.com/v1/chat/completions "HTTP/1.1 200 OK"
INFO 2025-04-27 18:17:42,013 autoreload 15420 12608 C:\Users\kaler\Desktop\Hindi-New-Feature\hindi-learning-assistant\backend\qa_engine\qa_model.py changed, reloading.
INFO 2025-04-27 18:17:44,428 autoreload 17728 16672 Watching for file changes with StatReloader
INFO 2025-04-27 18:17:52,225 qa_model 17728 14196 Translating text of length: 4563
INFO 2025-04-27 18:17:52,785 _client 17728 14196 HTTP Request: POST https://api.deepseek.com/v1/chat/completions "HTTP/1.1 200 OK"
INFO 2025-04-27 18:18:48,916 qa_model 17728 14196 Raw translation response: {
    "translation": "Now you can also order our favorite toys from www.onkids.com. The link is in the description. The school results were about to come out. Gattu and Chunki's annual exam results were about to be announced, and both of them were very excited to see their results. They were talking to each other. After the parent-teacher meeting, we will go to the new class. Won't it be so much fun to go to the new class! Yes Gattu, I really enjoy covering new books and copies and then putting name slips on them. Hey, but before that, won't it be so much fun to see the exam results! Yes Gattu, when Guddi called yesterday, she was also saying that Hari and Bunti are very excited about the results. Everyone wants to know who will come first, second, and third in the class. Gattu was still talking when mom and dad arrived. Gattu, you both have your parent-teacher meeting this Saturday, right? And mom and I have decided that whoever comes first among you two, we will give them a gift of their choice. So kids, tell us what gift you would like if you come first. Wow! Mom, I want that new racing car we saw in the newspaper ad. Okay, Gattu dear. And what do you want? Dad, I want to go see that cartoon movie that's coming next week. Okay son, if you come first, I will take you to see that movie. Gattu becomes extremely happy and starts eagerly waiting for the parent-teacher meeting. Finally, the day arrives. On Saturday morning, both wake up early and get ready. Mom and dad, why aren't you ready yet? Look, Gaddoo and I are already ready. Yes mom and dad, hurry up, we want to see our results. Hey Gattu, it's only 9:00 now. The parent-teacher meeting is at 11. There are still two hours left. Oh no! How much longer to wait! We want to go to the meeting quickly. Never mind, let's play something until then. Gattu starts playing, and soon it's time to go to the parent-teacher meeting. Gattu leaves for school with mom and dad and upon reaching, they first go to their class. Gaddoo, I'm feeling a little scared to enter the class now. Yes, you're right, but we have to go, don't we? Let's go. Gaddoo Zinki, what happened? Why did you stop outside the class? Nothing dad, we're coming now. As soon as they enter the class, Gattu's eyes fall on the board first. The names of the children who came first, second, and third were always written on the board. Wow! Mom and dad, look, my name is first! That means I came first in the whole class! Wow! Gattu dear, congratulations! Well done Gattu dear, you did very well. But suddenly Gattu becomes very sad when he sees the board and notices the third rank. Bunti came second in the class and Zinki came third. She had also become very sad. Son, it's okay, you also worked very hard. Hey, third rank is also very good. You don't need to be sad. Mom and I are proud of both of you. Gattu, yes, third rank is also very good. But she was so sad that she couldn't say anything. Gattu looks at their report cards and then they go home. At home too, she was sitting sadly in her room. Then Gattu comes to her. Stop now, don't be so sad. Anyway, we will go to the new class now. Earlier you were so excited for the new session, what happened now? Gattu, now you will get your favorite gift, but I won't get mine. I really wanted to go see that cartoon movie. If I had worked a little harder, maybe I could have come first too. Gattu was still talking when mom arrives with Gattu's gift. Gattu dear, here's your gift for coming first. Seeing the gift, Gattu becomes sad but Zinki is happy that at least Gattu got his favorite gift. No mom, you give this gift to Zinki, I don't want it. Anyway, I came first, I'm happy. So why don't you give it to her and make her happy? What are you saying, Gattu? I'm still happy for you. You worked very hard and this is the fruit of your labor. I can't take this. Mom becomes happy seeing all this. Then dad enters the room. I must admit Gattu, you both are really very sensible and good kids. Here, take these four tickets for your favorite cartoon movie. We will all go together to see the movie. And both of you studied well and got good results. We are proud of both of you. Yes kids, and now the new session is about to start. Now you both study even better. Enjoy the holidays now, okay? Gattu feels very good hearing mom and dad's words and promises them that they will do even better in the future. If you like our videos, please like, comment, and subscribe."
}
INFO 2025-04-27 18:20:49,047 views 17728 14836 Starting transcript creation process
INFO 2025-04-27 18:20:49,049 views 17728 14836 Received video URL: NGccFb07Gh4
INFO 2025-04-27 18:20:49,050 views 17728 14836 Attempting to extract video ID
INFO 2025-04-27 18:20:49,051 youtube_utils 17728 14836 Attempting to extract video ID from URL: NGccFb07Gh4
INFO 2025-04-27 18:20:49,053 youtube_utils 17728 14836 Successfully extracted video ID: NGccFb07Gh4
INFO 2025-04-27 18:20:49,054 views 17728 14836 Extracted video ID: NGccFb07Gh4
INFO 2025-04-27 18:20:49,055 views 17728 14836 Checking for existing transcript for user 6806e1f104cbda6f4dedae9c and video NGccFb07Gh4
INFO 2025-04-27 18:20:49,120 views 17728 14836 Attempting to fetch transcript from YouTube
INFO 2025-04-27 18:20:49,121 youtube_utils 17728 14836 Attempting to fetch transcripts for video ID: NGccFb07Gh4
INFO 2025-04-27 18:20:49,123 youtube_utils 17728 14836 Attempting to fetch transcripts for video ID: NGccFb07Gh4
INFO 2025-04-27 18:20:50,267 youtube_utils 17728 14836 Available languages: ['hi']
INFO 2025-04-27 18:20:50,268 youtube_utils 17728 14836 Found Hindi transcript
INFO 2025-04-27 18:20:50,539 youtube_utils 17728 14836 Successfully fetched hi transcript with 310 entries
INFO 2025-04-27 18:20:50,541 views 17728 14836 Successfully fetched transcript in hi
INFO 2025-04-27 18:20:50,543 youtube_utils 17728 14836 Formatting transcript with 310 entries
INFO 2025-04-27 18:20:50,550 youtube_utils 17728 14836 Formatted transcript length: 11527 characters
INFO 2025-04-27 18:20:50,551 views 17728 14836 Formatted transcript length: 11527
INFO 2025-04-27 18:20:50,552 views 17728 14836 Processing transcript with DeepSeek
INFO 2025-04-27 18:20:50,553 qa_model 17728 14836 Processing transcript of length: 11527
INFO 2025-04-27 18:20:51,353 _client 17728 14836 HTTP Request: POST https://api.deepseek.com/v1/chat/completions "HTTP/1.1 200 OK"
INFO 2025-04-27 18:23:55,264 qa_model 17728 14836 Could not parse response directly as JSON, attempting cleanup
WARNING 2025-04-27 18:23:55,265 qa_model 17728 14836 Response appears to be incomplete (unmatched braces)
ERROR 2025-04-27 18:23:55,266 qa_model 17728 14836 Error in process_transcript: Could not find complete JSON object in response
ERROR 2025-04-27 18:23:55,314 views 17728 14836 Failed to process transcript with DeepSeek: Failed to process transcript: Could not find complete JSON object in response
ERROR 2025-04-27 18:23:55,370 views 17728 14836 ValueError in transcript creation: Failed to process transcript with DeepSeek
WARNING 2025-04-27 18:23:55,371 log 17728 14836 Bad Request: /api/transcripts/create-from-video/
INFO 2025-04-27 18:25:02,475 views 17728 14836 Starting transcript creation process
INFO 2025-04-27 18:25:02,476 views 17728 14836 Received video URL: cqKiX_kJITQ
INFO 2025-04-27 18:25:02,477 views 17728 14836 Attempting to extract video ID
INFO 2025-04-27 18:25:02,477 youtube_utils 17728 14836 Attempting to extract video ID from URL: cqKiX_kJITQ
INFO 2025-04-27 18:25:02,478 youtube_utils 17728 14836 Successfully extracted video ID: cqKiX_kJITQ
INFO 2025-04-27 18:25:02,480 views 17728 14836 Extracted video ID: cqKiX_kJITQ
INFO 2025-04-27 18:25:02,481 views 17728 14836 Checking for existing transcript for user 6806e1f104cbda6f4dedae9c and video cqKiX_kJITQ
INFO 2025-04-27 18:25:02,573 views 17728 14836 Attempting to fetch transcript from YouTube
INFO 2025-04-27 18:25:02,574 youtube_utils 17728 14836 Attempting to fetch transcripts for video ID: cqKiX_kJITQ
INFO 2025-04-27 18:25:02,576 youtube_utils 17728 14836 Attempting to fetch transcripts for video ID: cqKiX_kJITQ
INFO 2025-04-27 18:25:03,560 youtube_utils 17728 14836 Available languages: ['hi']
INFO 2025-04-27 18:25:03,562 youtube_utils 17728 14836 Found Hindi transcript
INFO 2025-04-27 18:25:03,684 youtube_utils 17728 14836 Successfully fetched hi transcript with 223 entries
INFO 2025-04-27 18:25:03,684 views 17728 14836 Successfully fetched transcript in hi
INFO 2025-04-27 18:25:03,686 youtube_utils 17728 14836 Formatting transcript with 223 entries
INFO 2025-04-27 18:25:03,690 youtube_utils 17728 14836 Formatted transcript length: 7022 characters
INFO 2025-04-27 18:25:03,690 views 17728 14836 Formatted transcript length: 7022
INFO 2025-04-27 18:25:03,691 views 17728 14836 Processing transcript with DeepSeek
INFO 2025-04-27 18:25:03,692 qa_model 17728 14836 Processing transcript of length: 7022
INFO 2025-04-27 18:25:04,091 _client 17728 14836 HTTP Request: POST https://api.deepseek.com/v1/chat/completions "HTTP/1.1 200 OK"
INFO 2025-04-27 18:28:11,493 qa_model 17728 14836 Could not parse response directly as JSON, attempting cleanup
WARNING 2025-04-27 18:28:11,494 qa_model 17728 14836 Response appears to be incomplete (unmatched braces)
ERROR 2025-04-27 18:28:11,495 qa_model 17728 14836 Error in process_transcript: Could not find complete JSON object in response
ERROR 2025-04-27 18:28:11,545 views 17728 14836 Failed to process transcript with DeepSeek: Failed to process transcript: Could not find complete JSON object in response
ERROR 2025-04-27 18:28:11,584 views 17728 14836 ValueError in transcript creation: Failed to process transcript with DeepSeek
WARNING 2025-04-27 18:28:11,585 log 17728 14836 Bad Request: /api/transcripts/create-from-video/
WARNING 2025-04-27 18:29:24,216 log 17728 14836 Unauthorized: /api/transcripts/create-from-video/
WARNING 2025-04-27 18:29:24,271 log 17728 14836 Unauthorized: /api/auth/refresh/
INFO 2025-04-27 18:30:09,238 views 17728 12980 Starting transcript creation process
INFO 2025-04-27 18:30:09,239 views 17728 12980 Received video URL: 2nP8SqEzhm0
INFO 2025-04-27 18:30:09,240 views 17728 12980 Attempting to extract video ID
INFO 2025-04-27 18:30:09,241 youtube_utils 17728 12980 Attempting to extract video ID from URL: 2nP8SqEzhm0
INFO 2025-04-27 18:30:09,242 youtube_utils 17728 12980 Successfully extracted video ID: 2nP8SqEzhm0
INFO 2025-04-27 18:30:09,243 views 17728 12980 Extracted video ID: 2nP8SqEzhm0
INFO 2025-04-27 18:30:09,244 views 17728 12980 Checking for existing transcript for user 6806e1f104cbda6f4dedae9c and video 2nP8SqEzhm0
INFO 2025-04-27 18:30:09,309 views 17728 12980 Attempting to fetch transcript from YouTube
INFO 2025-04-27 18:30:09,310 youtube_utils 17728 12980 Attempting to fetch transcripts for video ID: 2nP8SqEzhm0
INFO 2025-04-27 18:30:09,312 youtube_utils 17728 12980 Attempting to fetch transcripts for video ID: 2nP8SqEzhm0
INFO 2025-04-27 18:30:10,123 youtube_utils 17728 12980 Available languages: ['hi']
INFO 2025-04-27 18:30:10,124 youtube_utils 17728 12980 Found Hindi transcript
INFO 2025-04-27 18:30:10,288 youtube_utils 17728 12980 Successfully fetched hi transcript with 211 entries
INFO 2025-04-27 18:30:10,291 views 17728 12980 Successfully fetched transcript in hi
INFO 2025-04-27 18:30:10,292 youtube_utils 17728 12980 Formatting transcript with 211 entries
INFO 2025-04-27 18:30:10,298 youtube_utils 17728 12980 Formatted transcript length: 6719 characters
INFO 2025-04-27 18:30:10,300 views 17728 12980 Formatted transcript length: 6719
INFO 2025-04-27 18:30:10,301 views 17728 12980 Processing transcript with DeepSeek
INFO 2025-04-27 18:30:10,301 qa_model 17728 12980 Processing transcript of length: 6719
INFO 2025-04-27 18:30:10,784 _client 17728 12980 HTTP Request: POST https://api.deepseek.com/v1/chat/completions "HTTP/1.1 200 OK"
INFO 2025-04-27 18:33:16,144 qa_model 17728 12980 Could not parse response directly as JSON, attempting cleanup
WARNING 2025-04-27 18:33:16,146 qa_model 17728 12980 Response appears to be incomplete (unmatched braces)
ERROR 2025-04-27 18:33:16,148 qa_model 17728 12980 Error in process_transcript: Could not find complete JSON object in response
ERROR 2025-04-27 18:33:16,192 views 17728 12980 Failed to process transcript with DeepSeek: Failed to process transcript: Could not find complete JSON object in response
ERROR 2025-04-27 18:33:16,230 views 17728 12980 ValueError in transcript creation: Failed to process transcript with DeepSeek
WARNING 2025-04-27 18:33:16,232 log 17728 12980 Bad Request: /api/transcripts/create-from-video/
INFO 2025-04-27 18:34:46,355 views 17728 12980 Starting transcript creation process
INFO 2025-04-27 18:34:46,356 views 17728 12980 Received video URL: 6X2gfSkZm7I
INFO 2025-04-27 18:34:46,357 views 17728 12980 Attempting to extract video ID
INFO 2025-04-27 18:34:46,358 youtube_utils 17728 12980 Attempting to extract video ID from URL: 6X2gfSkZm7I
INFO 2025-04-27 18:34:46,359 youtube_utils 17728 12980 Successfully extracted video ID: 6X2gfSkZm7I
INFO 2025-04-27 18:34:46,360 views 17728 12980 Extracted video ID: 6X2gfSkZm7I
INFO 2025-04-27 18:34:46,361 views 17728 12980 Checking for existing transcript for user 6806e1f104cbda6f4dedae9c and video 6X2gfSkZm7I
INFO 2025-04-27 18:34:46,425 views 17728 12980 Attempting to fetch transcript from YouTube
INFO 2025-04-27 18:34:46,426 youtube_utils 17728 12980 Attempting to fetch transcripts for video ID: 6X2gfSkZm7I
INFO 2025-04-27 18:34:46,427 youtube_utils 17728 12980 Attempting to fetch transcripts for video ID: 6X2gfSkZm7I
INFO 2025-04-27 18:34:47,322 youtube_utils 17728 12980 Available languages: ['hi']
INFO 2025-04-27 18:34:47,322 youtube_utils 17728 12980 Found Hindi transcript
INFO 2025-04-27 18:34:47,444 youtube_utils 17728 12980 Successfully fetched hi transcript with 161 entries
INFO 2025-04-27 18:34:47,446 views 17728 12980 Successfully fetched transcript in hi
INFO 2025-04-27 18:34:47,448 youtube_utils 17728 12980 Formatting transcript with 161 entries
INFO 2025-04-27 18:34:47,454 youtube_utils 17728 12980 Formatted transcript length: 6062 characters
INFO 2025-04-27 18:34:47,455 views 17728 12980 Formatted transcript length: 6062
INFO 2025-04-27 18:34:47,456 views 17728 12980 Processing transcript with DeepSeek
INFO 2025-04-27 18:34:47,457 qa_model 17728 12980 Processing transcript of length: 6062
INFO 2025-04-27 18:34:47,868 _client 17728 12980 HTTP Request: POST https://api.deepseek.com/v1/chat/completions "HTTP/1.1 200 OK"
INFO 2025-04-27 18:37:39,072 qa_model 17728 12980 Successfully parsed JSON directly from response
INFO 2025-04-27 18:37:39,073 views 17728 12980 Successfully processed transcript with DeepSeek
INFO 2025-04-27 18:37:39,074 views 17728 12980 Attempting to save processed transcript to MongoDB
INFO 2025-04-27 18:37:39,157 views 17728 12980 Successfully saved processed transcript to MongoDB
INFO 2025-04-27 18:37:39,159 views 17728 12980 Successfully completed transcript creation and processing
INFO 2025-04-27 18:38:50,839 qa_model 17728 12980 Translating text of length: 6233
INFO 2025-04-27 18:38:51,696 _client 17728 12980 HTTP Request: POST https://api.deepseek.com/v1/chat/completions "HTTP/1.1 200 OK"
INFO 2025-04-27 18:45:32,832 autoreload 17728 16672 C:\Users\kaler\Desktop\Hindi-New-Feature\hindi-learning-assistant\backend\qa_engine\prompts.py changed, reloading.
INFO 2025-04-27 18:45:35,696 autoreload 1500 18480 Watching for file changes with StatReloader
INFO 2025-04-27 18:45:49,430 autoreload 1500 18480 C:\Users\kaler\Desktop\Hindi-New-Feature\hindi-learning-assistant\backend\qa_engine\qa_model.py changed, reloading.
INFO 2025-04-27 18:45:51,829 autoreload 8644 15644 Watching for file changes with StatReloader
INFO 2025-04-27 18:46:03,514 autoreload 8644 15644 C:\Users\kaler\Desktop\Hindi-New-Feature\hindi-learning-assistant\backend\api\views.py changed, reloading.
INFO 2025-04-27 18:46:05,548 autoreload 10988 16968 Watching for file changes with StatReloader
INFO 2025-04-27 18:46:10,570 autoreload 10988 16968 C:\Users\kaler\Desktop\Hindi-New-Feature\hindi-learning-assistant\backend\qa_engine\prompts.py changed, reloading.
INFO 2025-04-27 18:46:12,987 autoreload 22116 14344 Watching for file changes with StatReloader
INFO 2025-04-27 18:46:26,401 autoreload 22116 14344 C:\Users\kaler\Desktop\Hindi-New-Feature\hindi-learning-assistant\backend\api\views.py changed, reloading.
INFO 2025-04-27 18:46:28,370 autoreload 16204 18628 Watching for file changes with StatReloader
INFO 2025-04-27 18:48:07,579 autoreload 16204 18628 C:\Users\kaler\Desktop\Hindi-New-Feature\hindi-learning-assistant\backend\api\services\mongo_service.py changed, reloading.
INFO 2025-04-27 18:48:09,439 autoreload 20904 3976 Watching for file changes with StatReloader
INFO 2025-04-27 18:48:16,095 autoreload 20904 3976 C:\Users\kaler\Desktop\Hindi-New-Feature\hindi-learning-assistant\backend\api\serializers.py changed, reloading.
INFO 2025-04-27 18:48:18,155 autoreload 1704 16388 Watching for file changes with StatReloader
INFO 2025-04-27 18:50:48,988 autoreload 1704 16388 C:\Users\kaler\Desktop\Hindi-New-Feature\hindi-learning-assistant\backend\qa_engine\qa_model.py changed, reloading.
INFO 2025-04-27 18:50:51,292 autoreload 1048 8416 Watching for file changes with StatReloader
INFO 2025-04-27 18:51:14,798 autoreload 1048 8416 C:\Users\kaler\Desktop\Hindi-New-Feature\hindi-learning-assistant\backend\qa_engine\qa_model.py changed, reloading.
INFO 2025-04-27 18:51:17,317 autoreload 9352 17820 Watching for file changes with StatReloader
ERROR 2025-04-27 18:52:17,006 views 9352 288 Error in glossary generation: 'dict' object has no attribute 'content'
ERROR 2025-04-27 18:52:17,007 log 9352 288 Internal Server Error: /api/transcripts/680edbe3888224716c37cdb4/glossary/
ERROR 2025-04-27 18:52:24,412 views 9352 13140 Error in glossary generation: 'dict' object has no attribute 'content'
ERROR 2025-04-27 18:52:24,414 log 9352 13140 Internal Server Error: /api/transcripts/680edbe3888224716c37cdb4/glossary/
ERROR 2025-04-27 18:52:25,614 views 9352 13140 Error in glossary generation: 'dict' object has no attribute 'content'
ERROR 2025-04-27 18:52:25,617 log 9352 13140 Internal Server Error: /api/transcripts/680edbe3888224716c37cdb4/glossary/
ERROR 2025-04-27 18:54:07,390 views 9352 23408 Error in glossary generation: 'dict' object has no attribute 'content'
ERROR 2025-04-27 18:54:07,392 log 9352 23408 Internal Server Error: /api/transcripts/680edbe3888224716c37cdb4/glossary/
INFO 2025-04-27 18:55:44,971 autoreload 9352 17820 C:\Users\kaler\Desktop\Hindi-New-Feature\hindi-learning-assistant\backend\api\services\mongo_service.py changed, reloading.
INFO 2025-04-27 18:55:47,468 autoreload 10724 8524 Watching for file changes with StatReloader
INFO 2025-04-27 18:55:59,627 autoreload 10724 8524 C:\Users\kaler\Desktop\Hindi-New-Feature\hindi-learning-assistant\backend\api\views.py changed, reloading.
INFO 2025-04-27 18:56:01,447 autoreload 19728 6448 Watching for file changes with StatReloader
INFO 2025-04-27 18:56:50,270 autoreload 19728 6448 C:\Users\kaler\Desktop\Hindi-New-Feature\hindi-learning-assistant\backend\api\views.py changed, reloading.
INFO 2025-04-27 18:56:52,816 autoreload 15608 10068 Watching for file changes with StatReloader
ERROR 2025-04-27 18:57:41,709 views 15608 18996 Error in glossary generation: 'dict' object has no attribute 'content'
ERROR 2025-04-27 18:57:41,712 log 15608 18996 Internal Server Error: /api/transcripts/680edbe3888224716c37cdb4/glossary/
INFO 2025-04-27 18:58:00,956 autoreload 8088 15320 Watching for file changes with StatReloader
ERROR 2025-04-27 18:59:00,562 views 8088 13648 Error in glossary generation: 'dict' object has no attribute 'content'
ERROR 2025-04-27 18:59:00,564 log 8088 13648 Internal Server Error: /api/transcripts/680edbe3888224716c37cdb4/glossary/
INFO 2025-04-27 18:59:50,571 autoreload 8088 15320 C:\Users\kaler\Desktop\Hindi-New-Feature\hindi-learning-assistant\backend\api\services\mongo_service.py changed, reloading.
INFO 2025-04-27 18:59:52,765 autoreload 19472 15468 Watching for file changes with StatReloader
ERROR 2025-04-27 19:01:44,303 views 19472 23168 Error in glossary generation: 'dict' object has no attribute 'content'
ERROR 2025-04-27 19:01:44,305 log 19472 23168 Internal Server Error: /api/transcripts/680d7792d154ad0d4544e5f6/glossary/
ERROR 2025-04-27 19:02:58,182 views 19472 23168 Error in glossary generation: 'dict' object has no attribute 'content'
ERROR 2025-04-27 19:02:58,184 log 19472 23168 Internal Server Error: /api/transcripts/680ecc071b532034e2ba7755/glossary/
ERROR 2025-04-27 19:03:49,576 views 19472 19388 Error in glossary generation: 'dict' object has no attribute 'content'
ERROR 2025-04-27 19:03:49,578 log 19472 19388 Internal Server Error: /api/transcripts/680d7792d154ad0d4544e5f6/glossary/
ERROR 2025-04-27 19:04:27,010 views 19472 19388 Error in glossary generation: 'dict' object has no attribute 'content'
ERROR 2025-04-27 19:04:27,012 log 19472 19388 Internal Server Error: /api/transcripts/680d7792d154ad0d4544e5f6/glossary/
ERROR 2025-04-27 19:04:47,361 views 19472 2872 Error in glossary generation: 'dict' object has no attribute 'content'
ERROR 2025-04-27 19:04:47,363 log 19472 2872 Internal Server Error: /api/transcripts/680d7792d154ad0d4544e5f6/glossary/
INFO 2025-04-27 19:08:06,749 autoreload 7480 9848 Watching for file changes with StatReloader
ERROR 2025-04-27 19:08:21,105 views 7480 20660 Error in glossary generation: 'dict' object has no attribute 'content'
ERROR 2025-04-27 19:08:21,106 log 7480 20660 Internal Server Error: /api/transcripts/680d7792d154ad0d4544e5f6/glossary/
ERROR 2025-04-27 19:08:23,681 views 7480 20660 Error in glossary generation: 'dict' object has no attribute 'content'
ERROR 2025-04-27 19:08:23,683 log 7480 20660 Internal Server Error: /api/transcripts/680d7792d154ad0d4544e5f6/glossary/
INFO 2025-04-27 19:09:40,870 autoreload 7480 9848 C:\Users\kaler\Desktop\Hindi-New-Feature\hindi-learning-assistant\backend\api\services\mongo_service.py changed, reloading.
INFO 2025-04-27 19:09:42,800 autoreload 2064 16324 Watching for file changes with StatReloader
ERROR 2025-04-27 19:10:20,997 views 2064 18160 Error in glossary generation: 'dict' object has no attribute 'content'
ERROR 2025-04-27 19:10:20,999 log 2064 18160 Internal Server Error: /api/transcripts/680d7792d154ad0d4544e5f6/glossary/
INFO 2025-04-27 19:11:19,311 autoreload 2064 16324 C:\Users\kaler\Desktop\Hindi-New-Feature\hindi-learning-assistant\backend\api\services\mongo_service.py changed, reloading.
INFO 2025-04-27 19:11:21,395 autoreload 22544 12608 Watching for file changes with StatReloader
ERROR 2025-04-27 19:11:40,842 views 22544 12268 Error in glossary generation: 'dict' object has no attribute 'content'
ERROR 2025-04-27 19:11:40,845 log 22544 12268 Internal Server Error: /api/transcripts/680d7792d154ad0d4544e5f6/glossary/
INFO 2025-04-27 19:12:12,805 autoreload 22544 12608 C:\Users\kaler\Desktop\Hindi-New-Feature\hindi-learning-assistant\backend\settings.py changed, reloading.
INFO 2025-04-27 19:12:15,106 autoreload 18128 2544 Watching for file changes with StatReloader
ERROR 2025-04-27 19:12:57,497 views 18128 15964 Error in glossary generation: 'dict' object has no attribute 'content'
ERROR 2025-04-27 19:12:57,501 log 18128 15964 Internal Server Error: /api/transcripts/680d7792d154ad0d4544e5f6/glossary/
ERROR 2025-04-27 19:14:04,336 views 18128 2820 Error in glossary generation: 'dict' object has no attribute 'content'
ERROR 2025-04-27 19:14:04,340 log 18128 2820 Internal Server Error: /api/transcripts/680d7792d154ad0d4544e5f6/glossary/
ERROR 2025-04-27 19:14:07,906 views 18128 2820 Error in glossary generation: 'dict' object has no attribute 'content'
ERROR 2025-04-27 19:14:07,909 log 18128 2820 Internal Server Error: /api/transcripts/680ecc071b532034e2ba7755/glossary/
INFO 2025-04-27 19:14:55,642 autoreload 18128 2544 C:\Users\kaler\Desktop\Hindi-New-Feature\hindi-learning-assistant\backend\qa_engine\qa_model.py changed, reloading.
